r_mean,g_mean,b_mean,r_std,g_std,b_std,gray_mean,gray_std,edge_energy,horizontal_grad,vertical_grad,top_block_energy,mid_block_energy,bot_block_energy,vertical_symmetry,spatial_contrast,filename,action_label,action_id
150.746,148.456,140.611,71.465,69.971,76.526,148.231,70.755,26.729,15.101,11.628,189.452,147.211,109.858,0.7561,70.755,Image_10555.jpg,calling,0
206.868,200.447,206.646,80.769,82.193,77.83,203.053,80.857,10.787,5.94,4.847,218.185,190.48,200.609,0.8859,80.857,Image_12278.jpg,calling,0
78.428,69.753,70.899,55.08,55.785,59.582,72.47,55.194,24.735,13.812,10.924,62.738,89.933,65.09,0.7354,55.194,Image_493.jpg,calling,0
149.333,144.428,142.386,65.584,66.936,70.626,145.647,66.404,31.898,15.297,16.601,170.118,136.841,130.694,0.6934,66.404,Image_9232.jpg,calling,0
123.142,126.715,134.288,75.454,68.7,65.896,126.498,69.328,23.152,14.263,8.889,151.696,142.479,87.19,0.7509,69.328,Image_1519.jpg,calling,0
119.584,123.796,118.264,79.939,80.11,82.647,121.894,79.666,45.301,23.811,21.49,103.507,102.199,158.245,0.6889,79.666,Image_3646.jpg,calling,0
217.911,204.017,198.268,33.629,37.233,40.605,207.494,36.088,9.684,5.777,3.908,216.253,198.167,208.036,0.9111,36.088,Image_8674.jpg,calling,0
215.694,211.56,206.875,79.643,82.012,84.225,212.24,81.296,13.658,6.158,7.5,242.585,224.2,171.858,0.8606,81.296,Image_5052.jpg,calling,0
140.976,134.784,130.466,48.339,49.523,49.78,136.129,48.643,12.727,7.968,4.759,152.664,129.843,126.345,0.7853,48.643,Image_7035.jpg,calling,0
189.353,192.295,193.139,36.002,38.418,41.998,191.492,37.436,11.327,6.27,5.056,202.917,189.931,182.078,0.912,37.436,Image_8392.jpg,calling,0
158.695,112.364,90.234,64.631,52.045,56.06,123.678,53.142,18.795,8.241,10.554,110.657,140.778,119.785,0.7818,53.142,Image_6804.jpg,calling,0
118.617,123.103,137.482,64.269,56.698,51.849,123.389,58.128,13.698,5.808,7.89,139.273,138.076,94.208,0.745,58.128,Image_3819.jpg,calling,0
158.763,143.721,133.095,61.416,66.474,70.758,146.992,64.505,17.929,9.526,8.403,118.04,160.873,161.377,0.7265,64.505,Image_3760.jpg,calling,0
183.302,178.24,179.751,59.467,61.233,59.289,179.907,60.132,18.143,9.176,8.967,216.719,167.734,156.389,0.853,60.132,Image_962.jpg,calling,0
120.165,121.105,116.436,66.572,66.23,67.04,120.28,66.382,19.803,11.785,8.018,161.048,120.664,80.997,0.8134,66.382,Image_10141.jpg,calling,0
121.869,110.98,88.938,74.375,67.815,67.646,111.711,68.668,23.221,12.775,10.446,67.861,109.477,155.699,0.8144,68.668,Image_3296.jpg,calling,0
137.935,137.811,137.375,64.047,63.374,55.514,137.785,62.419,17.929,11.476,6.453,155.284,126.775,131.59,0.7308,62.419,Image_560.jpg,calling,0
153.568,146.946,143.302,82.673,82.072,83.773,148.496,82.134,13.765,6.969,6.796,184.301,170.304,93.501,0.8086,82.134,Image_2947.jpg,calling,0
198.17,187.813,179.693,54.954,55.238,55.421,189.964,54.706,12.076,5.341,6.736,193.799,193.965,182.485,0.8686,54.706,Image_1327.jpg,calling,0
165.484,154.507,128.32,60.387,60.158,58.203,154.787,58.91,16.6,10.758,5.842,168.561,147.986,148.131,0.7631,58.91,Image_7582.jpg,calling,0
139.272,113.413,94.996,63.86,59.228,59.288,119.031,58.508,29.816,17.108,12.708,121.974,121.644,113.728,0.7365,58.508,Image_10163.jpg,calling,0
157.5,157.552,158.746,94.543,94.499,93.438,157.657,94.371,19.071,8.795,10.276,222.887,146.54,106.003,0.8492,94.371,Image_3025.jpg,calling,0
38.772,70.457,90.659,56.895,44.705,47.49,63.282,44.445,17.174,11.252,5.921,54.39,79.436,56.35,0.8587,44.445,Image_3246.jpg,calling,0
199.348,194.779,185.633,56.17,58.669,67.504,195.083,57.801,10.276,6.591,3.684,192.999,187.508,204.302,0.6977,57.801,Image_3276.jpg,calling,0
224.379,223.771,224.529,60.032,59.373,55.414,224.017,58.99,11.892,3.888,8.004,254.294,208.73,209.707,0.9015,58.99,Image_11247.jpg,calling,0
176.784,173.688,180.717,89.714,92.236,87.872,175.397,90.639,15.897,7.174,8.723,220.586,142.28,163.874,0.8911,90.639,Image_4018.jpg,calling,0
205.312,200.582,200.675,58.185,60.667,62.306,201.987,59.908,18.042,8.834,9.208,211.486,215.764,179.768,0.8342,59.908,Image_2015.jpg,calling,0
170.567,157.798,152.125,61.569,62.242,65.402,160.952,61.278,28.768,16.737,12.031,194.288,160.859,129.219,0.7621,61.278,Image_4226.jpg,calling,0
175.582,179.301,180.327,67.297,69.508,70.838,178.288,68.382,23.315,12.837,10.478,195.679,166.232,173.197,0.7085,68.382,Image_2320.jpg,calling,0
116.71,116.71,116.71,59.627,59.627,59.627,116.698,59.621,33.814,16.801,17.013,135.582,104.562,110.258,0.7933,59.621,Image_4216.jpg,calling,0
192.623,182.197,165.233,64.684,61.701,64.305,183.361,61.799,21.143,12.751,8.392,160.773,170.158,217.525,0.7264,61.799,Image_12544.jpg,calling,0
170.871,161.62,159.482,47.284,52.028,57.339,164.125,49.754,14.732,7.777,6.955,156.179,161.35,174.359,0.8005,49.754,Image_936.jpg,calling,0
162.866,160.454,164.694,96.623,97.406,93.892,161.642,96.687,12.446,6.479,5.967,227.79,132.648,126.177,0.8494,96.687,Image_9558.jpg,calling,0
216.723,213.667,212.771,43.446,47.818,48.762,214.457,46.325,12.401,7.275,5.126,236.345,211.928,195.979,0.8966,46.325,Image_965.jpg,calling,0
205.213,197.657,192.536,57.222,61.71,64.51,199.312,60.288,21.44,12.112,9.328,221.912,195.034,181.822,0.7239,60.288,Image_8247.jpg,calling,0
141.866,134.896,127.882,89.999,95.621,95.27,136.166,93.743,17.558,11.307,6.251,159.415,149.745,101.012,0.4824,93.743,Image_7886.jpg,calling,0
198.935,196.4,196.058,64.689,63.486,60.843,197.099,62.98,13.14,8.296,4.843,225.157,189.129,177.923,0.8422,62.98,Image_4749.jpg,calling,0
138.199,118.091,92.472,50.242,39.514,49.61,121.169,39.582,22.258,10.307,11.951,126.297,127.908,109.841,0.831,39.582,Image_4693.jpg,calling,0
190.568,158.373,154.737,43.279,54.067,48.321,167.566,47.167,12.803,7.739,5.064,180.285,165.965,156.954,0.8293,47.167,Image_3620.jpg,calling,0
173.39,163.357,167.242,70.227,74.345,69.222,166.783,71.372,29.426,16.098,13.329,202.999,173.258,126.031,0.703,71.372,Image_6202.jpg,calling,0
119.976,109.029,109.938,95.003,99.626,96.989,112.394,97.415,8.876,4.784,4.092,128.594,96.327,112.267,0.3739,97.415,Image_9923.jpg,calling,0
122.338,126.711,104.115,55.008,65.17,59.917,122.815,59.283,17.532,8.943,8.589,168.342,129.607,72.874,0.8325,59.283,Image_9913.jpg,calling,0
120.273,112.499,100.903,82.478,81.756,83.193,113.489,81.678,24.568,13.917,10.651,163.604,91.333,86.802,0.6173,81.678,Image_983.jpg,calling,0
152.409,144.689,144.487,103.524,103.844,102.675,146.959,103.282,14.83,6.903,7.928,218.877,154.232,71.367,0.8195,103.282,Image_5860.jpg,calling,0
177.261,174.803,171.013,83.903,84.814,84.893,175.088,84.039,19.527,12.381,7.146,211.324,180.767,135.08,0.6151,84.039,Image_9647.jpg,calling,0
37.389,33.173,36.52,62.519,55.387,56.297,34.812,57.38,13.863,8.593,5.27,21.55,47.099,35.742,0.8695,57.38,Image_7327.jpg,calling,0
157.22,157.432,157.885,61.285,61.905,62.742,157.405,61.738,13.533,6.913,6.62,195.029,146.078,132.302,0.7887,61.738,Image_326.jpg,calling,0
224.123,201.721,197.283,44.501,63.63,68.73,207.891,57.726,11.185,5.508,5.677,204.641,205.975,212.821,0.8827,57.726,Image_4479.jpg,calling,0
210.323,206.392,201.312,47.843,52.041,56.866,206.967,51.146,12.935,8.662,4.273,210.008,221.841,189.866,0.8042,51.146,Image_9590.jpg,calling,0
152.831,131.098,97.773,44.618,39.587,42.831,133.781,39.443,22.945,9.375,13.57,132.906,141.586,127.168,0.8647,39.443,Image_8452.jpg,calling,0
159.01,160.772,160.694,75.468,74.399,75.155,160.221,73.786,29.204,15.689,13.515,184.056,139.718,157.039,0.7089,73.786,Image_4160.jpg,calling,0
215.936,213.38,211.343,53.134,53.96,54.582,213.891,53.389,18.853,9.622,9.231,231.57,213.857,197.047,0.7793,53.389,Image_10999.jpg,calling,0
170.138,152.114,124.761,54.137,55.204,62.192,154.368,54.986,23.063,11.288,11.775,140.687,173.843,148.837,0.7806,54.986,Image_10666.jpg,calling,0
122.64,94.451,63.94,58.512,46.182,36.942,99.389,48.113,22.444,10.325,12.12,117.007,99.954,82.032,0.8593,48.113,Image_8670.jpg,calling,0
110.479,98.728,91.783,72.14,71.148,72.239,101.439,71.083,29.981,18.562,11.419,80.292,105.433,117.812,0.6853,71.083,Image_7821.jpg,calling,0
178.795,166.971,155.077,57.905,63.258,67.583,169.133,61.712,17.176,8.131,9.046,171.175,187.187,149.95,0.823,61.712,Image_10022.jpg,calling,0
190.635,187.309,185.21,78.673,79.509,79.987,188.045,78.847,30.808,15.67,15.138,209.5,170.801,184.027,0.6676,78.847,Image_6498.jpg,calling,0
213.678,203.107,209.256,69.041,81.99,74.801,206.948,76.498,9.995,5.027,4.968,234.848,201.022,185.971,0.6565,76.498,Image_3269.jpg,calling,0
161.625,72.729,66.878,74.538,42.019,31.47,98.626,45.94,19.002,11.754,7.247,110.453,116.985,69.812,0.8242,45.94,Image_5197.jpg,calling,0
70.854,66.445,65.777,52.0,50.374,49.779,67.68,50.637,14.335,5.765,8.57,72.308,61.325,69.329,0.8793,50.637,Image_8499.jpg,calling,0
135.703,120.944,117.625,79.254,78.514,78.659,124.965,78.022,22.739,15.004,7.735,127.772,129.99,117.488,0.5535,78.022,Image_1185.jpg,calling,0
107.298,85.03,65.558,71.909,68.608,65.858,89.458,68.599,19.253,10.718,8.535,121.021,89.803,59.0,0.6644,68.599,Image_12456.jpg,calling,0
90.475,85.135,69.966,58.398,52.234,49.279,84.993,51.417,20.349,10.78,9.569,117.43,77.305,61.37,0.7997,51.417,Image_12211.jpg,calling,0
180.546,179.578,179.633,78.43,76.015,74.54,179.856,76.095,19.539,11.657,7.881,192.509,165.158,181.807,0.5758,76.095,Image_9090.jpg,calling,0
178.838,183.149,180.427,80.953,76.923,77.177,181.532,77.644,25.383,19.956,5.427,207.676,171.526,166.127,0.6984,77.644,Image_12461.jpg,calling,0
163.827,94.921,87.762,69.744,74.089,71.231,114.691,68.57,20.203,13.434,6.769,99.662,142.616,102.382,0.6922,68.57,Image_5281.jpg,calling,0
201.82,195.353,188.991,37.761,42.105,45.922,196.541,40.613,16.003,9.162,6.84,199.649,198.864,191.357,0.8488,40.613,Image_2281.jpg,calling,0
175.845,160.439,169.324,62.798,59.291,54.863,166.041,58.162,35.406,20.172,15.234,181.93,162.788,153.979,0.8169,58.162,Image_4557.jpg,calling,0
107.678,81.582,67.435,92.929,74.328,59.101,87.761,77.831,18.358,8.687,9.671,46.153,97.832,117.865,0.8564,77.831,Image_4271.jpg,calling,0
194.458,171.975,179.64,69.189,87.709,84.856,179.552,80.703,11.193,6.382,4.811,225.475,175.637,139.453,0.91,80.703,Image_2516.jpg,calling,0
162.496,123.544,97.694,90.785,77.977,68.151,132.227,79.575,15.907,8.893,7.014,153.119,129.121,115.25,0.7185,79.575,Image_11420.jpg,calling,0
161.29,149.567,152.053,62.613,67.282,70.41,153.339,65.603,17.562,8.776,8.786,190.436,180.388,92.11,0.829,65.603,Image_7005.jpg,calling,0
217.174,209.109,209.311,64.778,65.643,61.438,211.522,64.256,11.57,5.361,6.209,235.894,224.414,175.951,0.9009,64.256,Image_4674.jpg,calling,0
196.82,174.595,169.251,50.464,52.639,54.43,180.611,51.184,14.73,8.436,6.294,196.495,180.802,165.268,0.8111,51.184,Image_729.jpg,calling,0
170.324,167.46,163.429,66.91,70.183,68.461,167.84,68.849,17.482,11.62,5.862,185.479,185.453,134.19,0.6603,68.849,Image_12088.jpg,calling,0
133.927,96.887,55.97,51.89,37.904,46.988,103.284,35.892,21.744,12.134,9.61,96.469,106.978,106.263,0.8475,35.892,Image_10019.jpg,calling,0
168.415,159.213,156.768,35.742,43.174,51.339,161.669,39.517,11.636,6.344,5.292,154.719,170.048,160.305,0.8751,39.517,Image_8785.jpg,calling,0
159.075,136.997,117.042,66.756,69.903,72.585,141.308,68.048,28.584,14.111,14.473,118.295,151.436,153.606,0.6457,68.048,Image_7592.jpg,calling,0
147.085,148.01,132.466,66.055,59.382,58.705,145.947,59.716,20.482,11.287,9.195,193.215,144.813,101.91,0.8353,59.716,Image_3241.jpg,calling,0
88.928,78.518,69.509,44.858,39.07,38.358,80.595,39.518,14.739,9.754,4.985,66.126,82.661,92.434,0.8407,39.518,Image_12543.jpg,calling,0
156.033,127.44,118.841,68.668,64.504,67.187,134.993,64.734,18.357,11.071,7.287,104.728,123.631,174.729,0.7079,64.734,Image_516.jpg,calling,0
163.812,158.224,158.115,65.876,67.421,69.327,159.866,65.237,35.866,16.55,19.315,184.009,128.572,166.691,0.746,65.237,Image_495.jpg,calling,0
54.24,87.328,108.123,78.817,63.789,58.891,79.8,66.277,17.449,8.817,8.632,58.876,78.708,100.815,0.8257,66.277,Image_10203.jpg,calling,0
172.598,166.211,164.154,66.238,68.051,69.189,167.869,67.254,18.131,8.868,9.263,206.807,169.966,128.699,0.763,67.254,Image_6935.jpg,calling,0
148.837,159.493,166.465,69.685,70.438,70.062,157.087,69.819,12.496,7.699,4.797,151.014,162.818,157.413,0.5997,69.819,Image_7427.jpg,calling,0
215.848,213.962,220.34,48.688,51.382,49.339,215.231,49.744,11.219,4.696,6.523,230.577,222.32,193.816,0.9278,49.744,Image_11530.jpg,calling,0
216.841,206.966,209.023,53.335,35.776,32.314,210.132,38.775,12.174,5.948,6.226,218.05,189.401,222.362,0.8866,38.775,Image_6462.jpg,calling,0
173.497,156.197,139.894,53.07,57.065,37.769,159.494,53.137,13.265,8.905,4.36,171.966,150.374,156.293,0.8091,53.137,Image_6902.jpg,calling,0
170.23,179.046,194.513,64.726,65.37,61.544,178.156,64.576,11.524,7.225,4.3,214.959,191.946,129.864,0.7521,64.576,Image_1851.jpg,calling,0
175.106,176.162,165.427,54.247,51.702,48.987,174.605,51.618,20.878,12.758,8.121,142.534,165.764,213.658,0.8315,51.618,Image_1091.jpg,calling,0
120.776,120.427,126.18,57.281,55.045,65.942,121.175,54.328,15.912,8.45,7.462,140.064,143.406,81.925,0.7626,54.328,Image_1178.jpg,calling,0
146.941,127.894,101.326,61.416,59.663,64.771,130.546,60.138,16.735,9.699,7.035,118.612,163.163,110.802,0.7591,60.138,Image_9584.jpg,calling,0
173.897,170.67,172.224,81.731,84.61,82.931,171.794,83.393,12.682,7.11,5.571,211.555,168.819,136.681,0.7162,83.393,Image_8284.jpg,calling,0
217.747,209.933,209.184,37.118,42.964,49.496,212.162,41.501,10.773,6.049,4.725,230.735,213.686,192.979,0.8423,41.501,Image_10084.jpg,calling,0
147.317,146.506,149.466,36.26,35.147,42.394,147.071,34.805,10.566,4.99,5.576,153.582,157.754,130.659,0.9405,34.805,Image_3057.jpg,calling,0
136.388,118.339,105.461,64.156,62.728,67.081,122.254,62.519,18.073,9.965,8.108,91.266,112.47,161.174,0.7947,62.519,Image_11874.jpg,calling,0
209.244,197.556,192.117,60.156,61.396,61.678,200.41,60.793,13.972,6.82,7.152,207.425,209.46,185.074,0.7593,60.793,Image_11406.jpg,calling,0
140.4,138.463,134.645,76.834,75.627,74.635,138.593,75.421,30.102,19.223,10.879,157.7,140.293,118.731,0.6023,75.421,Image_4105.jpg,calling,0
188.442,178.392,178.408,66.329,72.323,72.587,181.38,70.085,16.386,7.385,9.0,221.399,159.862,163.719,0.8013,70.085,Image_12051.jpg,calling,0
152.658,156.407,155.083,75.58,62.225,63.426,155.12,63.542,22.027,13.904,8.124,134.656,165.177,165.053,0.6652,63.542,Image_6683.jpg,calling,0
182.525,160.321,156.524,64.845,79.536,84.489,166.509,74.048,16.709,12.584,4.125,177.662,150.328,171.309,0.6367,74.048,Image_11326.jpg,calling,0
165.814,160.871,160.458,43.749,51.305,59.639,162.285,49.39,13.341,6.996,6.345,156.041,177.642,153.587,0.8208,49.39,Image_3861.jpg,calling,0
188.329,169.509,171.133,71.68,83.369,79.262,175.303,75.984,16.923,8.077,8.846,221.265,168.623,137.805,0.8008,75.984,Image_4890.jpg,calling,0
112.773,130.727,90.102,83.179,50.97,66.445,120.716,59.295,20.277,7.673,12.604,102.872,139.755,119.576,0.7387,59.295,Image_11917.jpg,calling,0
153.527,153.43,164.816,48.702,41.596,46.756,154.742,43.539,9.242,4.82,4.422,160.025,169.079,136.014,0.9025,43.539,Image_9729.jpg,calling,0
151.955,128.985,121.86,58.081,61.521,61.516,135.025,59.854,11.705,7.793,3.912,175.791,131.927,99.07,0.8023,59.854,Image_11462.jpg,calling,0
139.371,126.844,110.952,84.669,79.605,72.347,128.764,79.896,21.606,11.548,10.058,177.522,137.177,74.193,0.7767,79.896,Image_74.jpg,calling,0
187.588,182.897,183.544,66.965,67.945,69.741,184.355,67.442,19.236,8.773,10.463,229.644,179.609,145.653,0.8168,67.442,Image_806.jpg,calling,0
203.062,206.674,204.241,54.512,56.239,54.868,205.297,54.701,12.961,6.256,6.705,219.8,219.824,177.586,0.8834,54.701,Image_11979.jpg,calling,0
155.006,154.648,176.452,58.801,59.838,58.284,157.225,59.137,11.91,6.776,5.134,181.608,149.486,141.338,0.7766,59.137,Image_9290.jpg,calling,0
122.077,110.652,102.069,68.228,62.236,60.203,113.077,63.11,14.69,8.909,5.781,130.502,111.204,98.233,0.6502,63.11,Image_5233.jpg,calling,0
149.884,156.347,157.47,68.447,63.837,52.653,154.527,63.376,21.189,13.168,8.021,178.129,141.687,144.255,0.8097,63.376,Image_9519.jpg,calling,0
100.766,102.264,82.778,66.401,61.942,67.716,99.585,62.883,32.506,15.651,16.855,86.494,112.8,99.466,0.7773,62.883,Image_1549.jpg,calling,0
175.657,162.484,145.453,68.889,63.899,69.66,164.464,64.401,23.624,10.452,13.172,202.757,150.222,141.505,0.7868,64.401,Image_12118.jpg,calling,0
162.524,166.478,168.953,81.663,84.035,84.317,165.562,82.793,18.439,11.114,7.326,184.305,130.978,180.683,0.654,82.793,Image_1159.jpg,calling,0
81.648,63.623,61.425,67.795,61.699,62.164,68.754,61.935,20.766,10.897,9.87,49.676,84.166,72.252,0.781,61.935,Image_6807.jpg,calling,0
241.339,231.846,233.727,22.493,43.53,36.72,234.875,35.8,7.044,3.809,3.235,234.263,227.351,242.64,0.9255,35.8,Image_10528.jpg,calling,0
89.637,89.851,78.072,37.77,37.809,36.106,88.435,37.179,23.653,13.818,9.835,97.406,84.886,83.26,0.8474,37.179,Image_12169.jpg,calling,0
219.112,208.777,199.804,49.617,58.128,60.273,210.823,55.3,16.538,7.141,9.396,231.308,215.347,186.95,0.8429,55.3,Image_6776.jpg,calling,0
154.67,129.577,106.715,68.968,65.075,75.705,134.458,63.618,19.854,10.118,9.736,145.523,97.601,159.077,0.7563,63.618,Image_8780.jpg,calling,0
94.514,88.002,79.684,66.758,63.511,62.07,88.991,64.001,19.618,11.581,8.038,124.573,71.775,71.461,0.7686,64.001,Image_6834.jpg,calling,0
177.088,174.748,175.323,75.68,74.086,70.093,175.495,73.73,16.221,8.152,8.069,234.163,170.848,123.93,0.7882,73.73,Image_7398.jpg,calling,0
157.483,148.702,128.637,95.286,69.828,52.248,149.024,73.23,15.271,8.623,6.648,195.821,166.986,87.209,0.8254,73.23,Image_1300.jpg,calling,0
211.989,202.967,190.089,55.535,65.393,69.333,204.175,61.674,13.579,8.756,4.823,196.236,204.63,211.32,0.7437,61.674,Image_110.jpg,calling,0
170.274,154.079,133.578,67.356,67.57,74.585,156.567,65.159,19.34,11.783,7.558,160.519,173.939,136.213,0.6943,65.159,Image_2645.jpg,calling,0
190.11,179.223,177.355,36.639,40.13,45.801,182.246,38.007,16.08,9.297,6.783,183.287,177.947,185.357,0.8238,38.007,Image_1858.jpg,calling,0
227.795,216.909,199.762,39.759,47.855,74.638,218.186,45.977,12.147,6.695,5.452,235.848,210.124,209.024,0.8146,45.977,Image_4351.jpg,calling,0
173.448,174.144,175.23,89.885,84.972,83.189,174.042,85.633,16.337,8.501,7.836,225.296,141.975,155.728,0.8218,85.633,Image_8317.jpg,calling,0
214.253,191.824,179.821,64.89,75.875,79.869,197.141,72.407,14.512,8.532,5.981,201.597,184.19,205.248,0.6702,72.407,Image_3468.jpg,calling,0
166.763,158.019,163.575,77.18,81.12,76.928,161.25,78.861,20.619,11.488,9.131,211.945,125.785,146.713,0.7373,78.861,Image_11482.jpg,calling,0
146.245,149.947,138.043,61.325,58.59,66.163,147.468,58.21,18.287,11.717,6.571,129.532,158.164,154.38,0.7192,58.21,Image_4802.jpg,calling,0
118.695,129.179,102.104,81.454,52.357,67.501,122.946,60.159,19.86,7.744,12.117,110.318,124.688,133.336,0.7414,60.159,Image_1980.jpg,calling,0
224.86,205.602,199.584,31.129,47.89,53.711,210.652,42.916,10.847,6.155,4.692,219.51,203.3,209.214,0.9209,42.916,Image_7850.jpg,calling,0
42.338,35.244,33.922,58.056,54.322,56.339,37.21,55.432,9.388,5.646,3.742,24.201,45.264,41.94,0.9368,55.432,Image_12137.jpg,calling,0
116.028,106.429,94.561,59.126,54.185,48.052,107.935,54.67,19.284,10.25,9.034,108.077,118.376,97.833,0.8516,54.67,Image_478.jpg,calling,0
176.274,168.63,166.605,84.33,87.709,89.046,170.667,86.567,17.806,10.292,7.514,189.778,175.06,148.233,0.793,86.567,Image_4300.jpg,calling,0
192.219,172.324,159.118,75.411,80.67,86.367,176.748,78.571,21.916,10.867,11.049,240.885,180.211,112.22,0.7937,78.571,Image_5099.jpg,calling,0
197.501,187.243,179.122,55.007,55.259,55.363,189.364,54.744,12.363,5.453,6.909,193.763,193.081,181.618,0.8665,54.744,Image_10523.jpg,calling,0
124.033,117.923,116.331,77.01,79.491,80.44,119.556,78.658,18.537,7.886,10.651,169.113,106.62,84.6,0.8367,78.658,Image_4515.jpg,calling,0
150.05,144.617,141.947,82.927,84.926,92.59,145.922,84.456,18.266,12.346,5.92,156.071,159.665,123.116,0.642,84.456,Image_1229.jpg,calling,0
179.97,173.163,174.95,70.892,70.883,69.151,175.384,70.437,19.328,9.481,9.847,224.052,189.465,115.487,0.849,70.437,Image_5427.jpg,calling,0
111.037,183.543,183.45,62.89,40.084,60.547,161.842,30.241,13.996,5.812,8.184,160.217,171.312,154.353,0.9187,30.241,Image_7093.jpg,calling,0
101.487,78.468,92.413,62.488,62.364,53.8,86.93,61.153,27.678,12.635,15.043,80.868,112.845,67.98,0.8139,61.153,Image_8195.jpg,calling,0
119.172,101.799,83.238,73.328,70.693,69.041,104.865,70.788,31.53,16.458,15.072,110.862,90.99,112.385,0.7838,70.788,Image_3175.jpg,calling,0
184.031,180.494,178.486,74.001,76.381,78.087,181.304,75.626,14.632,8.904,5.728,194.671,198.784,151.859,0.8901,75.626,Image_11377.jpg,calling,0
178.253,176.115,180.476,95.469,96.443,91.309,177.234,95.502,14.906,7.751,7.156,241.885,142.451,148.722,0.8433,95.502,Image_4742.jpg,calling,0
214.419,201.21,193.592,63.592,73.506,80.111,204.27,70.852,14.725,6.842,7.883,218.304,172.975,220.746,0.7682,70.852,Image_10231.jpg,calling,0
202.433,197.959,184.896,53.819,54.751,65.625,197.787,55.057,25.266,13.656,11.609,184.485,197.646,210.62,0.7802,55.057,Image_6592.jpg,calling,0
137.511,140.541,142.859,60.967,74.311,50.78,139.885,66.685,12.853,6.972,5.881,144.474,137.132,138.133,0.6731,66.685,Image_5159.jpg,calling,0
109.671,93.203,79.208,55.829,51.317,49.314,96.521,51.379,16.283,8.848,7.435,83.256,96.625,109.083,0.7946,51.379,Image_3249.jpg,calling,0
164.819,167.947,164.392,81.636,62.037,63.628,166.59,63.976,16.932,10.909,6.023,186.129,172.795,142.016,0.7166,63.976,Image_3678.jpg,calling,0
183.689,177.12,177.958,51.241,51.177,47.837,179.161,50.647,18.75,7.12,11.63,179.292,184.8,173.654,0.8258,50.647,Image_11630.jpg,calling,0
178.521,181.291,167.114,86.211,68.815,59.763,178.829,71.434,29.751,16.816,12.935,215.027,182.736,140.547,0.7325,71.434,Image_86.jpg,calling,0
206.926,186.17,191.781,56.779,81.885,77.084,192.995,73.116,12.706,7.534,5.172,225.702,174.291,179.627,0.9078,73.116,Image_12054.jpg,calling,0
198.851,190.367,189.534,51.914,57.573,60.182,192.789,55.377,23.154,12.115,11.039,225.44,166.206,186.996,0.812,55.377,Image_4335.jpg,calling,0
191.989,200.827,208.073,72.509,70.698,69.783,198.991,70.666,19.499,13.244,6.255,219.925,208.838,169.61,0.7349,70.666,Image_1637.jpg,calling,0
214.362,216.448,207.746,53.019,55.082,59.632,214.811,54.086,13.444,6.778,6.666,239.686,215.047,190.841,0.9034,54.086,Image_4872.jpg,calling,0
181.111,170.13,164.827,87.519,87.163,88.469,172.79,86.66,19.475,12.915,6.56,184.809,177.45,156.87,0.5165,86.66,Image_4981.jpg,calling,0
123.918,101.03,94.895,61.853,60.785,54.867,107.162,59.308,27.906,15.181,12.725,96.603,103.435,120.797,0.7589,59.308,Image_6707.jpg,calling,0
147.129,143.951,136.344,73.742,75.851,79.964,144.019,74.384,28.175,17.286,10.888,158.498,160.458,114.508,0.6312,74.384,Image_6263.jpg,calling,0
174.594,119.591,113.567,61.65,85.012,84.622,135.332,76.085,10.949,7.829,3.12,137.487,141.21,127.665,0.556,76.085,Image_41.jpg,calling,0
219.912,220.069,224.178,58.985,56.009,49.175,220.469,55.619,9.015,4.716,4.3,223.295,210.844,226.958,0.8544,55.619,Image_2758.jpg,calling,0
108.706,86.439,66.42,96.226,88.992,76.206,90.804,86.811,22.703,11.578,11.125,92.82,119.369,61.613,0.6811,86.811,Image_9596.jpg,calling,0
209.005,208.149,209.792,55.331,55.908,54.174,208.572,55.44,20.241,9.256,10.985,211.324,202.553,211.69,0.785,55.44,Image_6361.jpg,calling,0
159.392,137.109,104.849,50.823,47.851,55.959,140.078,47.911,24.283,9.989,14.295,120.96,150.001,148.855,0.8424,47.911,Image_10340.jpg,calling,0
227.93,226.941,227.37,65.17,66.912,65.765,227.263,66.189,8.83,4.835,3.995,250.118,205.997,225.745,0.9179,66.189,Image_3320.jpg,calling,0
213.483,217.121,220.472,49.512,45.724,42.751,216.394,46.151,15.626,8.289,7.337,247.602,199.235,202.983,0.8824,46.151,Image_10452.jpg,clapping,1
156.233,140.088,126.333,72.884,77.327,80.899,143.332,75.553,28.084,14.979,13.106,207.977,114.884,108.779,0.7766,75.553,Image_12216.jpg,clapping,1
139.085,131.36,122.326,60.305,61.133,62.609,132.626,60.251,24.879,15.089,9.79,139.91,112.268,145.106,0.7307,60.251,Image_563.jpg,clapping,1
172.0,154.784,121.946,86.651,89.439,96.3,156.17,88.284,32.696,18.141,14.555,170.621,147.099,151.036,0.6163,88.284,Image_9083.jpg,clapping,1
147.154,138.435,139.221,72.018,74.054,71.472,141.117,72.292,22.806,12.282,10.524,184.033,151.785,89.968,0.7779,72.292,Image_1436.jpg,clapping,1
252.304,250.541,250.098,11.65,16.273,17.953,250.993,14.882,2.65,1.394,1.256,250.657,251.199,251.116,0.9733,14.882,Image_3505.jpg,clapping,1
122.447,112.488,142.733,69.374,66.328,77.368,118.902,60.367,22.522,13.701,8.821,141.667,123.611,92.676,0.693,60.367,Image_8433.jpg,clapping,1
171.132,163.08,157.956,72.846,71.355,73.126,164.886,71.183,25.069,13.887,11.182,183.842,187.415,125.287,0.7691,71.183,Image_5257.jpg,clapping,1
184.991,189.959,196.062,59.736,55.321,53.687,189.151,56.293,16.898,10.078,6.82,216.657,183.488,168.301,0.7869,56.293,Image_6775.jpg,clapping,1
72.094,58.839,53.528,68.996,59.743,57.701,62.19,61.295,33.036,19.298,13.738,83.105,65.599,38.971,0.7499,61.295,Image_8152.jpg,clapping,1
210.596,214.583,206.954,43.477,43.839,59.816,212.5,43.752,14.477,8.184,6.293,235.52,203.322,199.289,0.8619,43.752,Image_6568.jpg,clapping,1
207.775,204.535,200.82,47.498,51.198,54.91,205.06,49.93,20.991,9.589,11.402,216.944,195.097,203.225,0.8335,49.93,Image_3624.jpg,clapping,1
171.096,168.659,168.077,77.35,79.75,81.014,169.305,78.585,26.568,15.214,11.354,222.986,182.361,105.601,0.7599,78.585,Image_3571.jpg,clapping,1
101.482,86.16,80.053,72.479,71.765,62.246,90.035,68.903,24.353,13.824,10.529,112.662,79.802,78.203,0.7646,68.903,Image_1164.jpg,clapping,1
107.479,77.609,63.849,52.317,43.822,43.56,84.961,44.731,28.537,17.277,11.259,77.885,88.812,88.039,0.8276,44.731,Image_10105.jpg,clapping,1
138.323,136.615,136.753,63.33,62.068,62.499,137.127,61.754,27.311,17.989,9.322,152.438,142.058,117.806,0.7134,61.754,Image_3071.jpg,clapping,1
107.419,96.092,90.482,54.696,51.485,54.412,98.829,51.382,24.891,15.007,9.884,115.211,99.295,82.745,0.7824,51.382,Image_655.jpg,clapping,1
143.913,126.336,117.459,96.702,91.931,88.615,130.565,92.42,32.939,20.214,12.726,27.286,157.123,203.799,0.808,92.42,Image_2731.jpg,clapping,1
189.45,171.739,171.276,54.666,62.581,65.654,176.963,59.877,21.266,10.62,10.646,199.437,161.905,169.883,0.8142,59.877,Image_1343.jpg,clapping,1
174.795,173.801,165.579,73.289,76.218,78.972,173.143,75.052,40.182,22.239,17.942,202.292,178.591,140.12,0.7591,75.052,Image_7261.jpg,clapping,1
143.189,90.706,46.703,85.363,64.781,47.728,101.368,66.047,18.426,10.79,7.636,131.289,98.512,75.531,0.7147,66.047,Image_10113.jpg,clapping,1
179.17,173.059,178.762,67.658,75.439,73.033,175.518,71.795,26.716,14.75,11.965,224.365,166.344,137.65,0.7851,71.795,Image_2790.jpg,clapping,1
185.498,170.15,160.25,73.194,75.067,69.322,173.592,72.771,28.072,15.383,12.69,210.956,193.786,118.65,0.7971,72.771,Image_2966.jpg,clapping,1
128.639,112.46,119.156,64.6,73.351,69.974,118.048,68.551,23.162,10.865,12.297,173.221,109.93,73.132,0.8366,68.551,Image_3034.jpg,clapping,1
224.865,220.124,194.86,18.934,22.789,50.412,218.639,21.182,6.906,3.469,3.438,218.204,223.555,214.362,0.915,21.182,Image_10983.jpg,clapping,1
236.446,228.14,219.74,28.237,39.99,50.977,229.642,37.433,8.525,4.018,4.507,231.543,234.689,223.01,0.9243,37.433,Image_3937.jpg,clapping,1
136.913,134.047,127.373,84.218,84.895,83.533,134.13,84.063,17.841,10.662,7.179,214.917,121.822,68.762,0.7867,84.063,Image_1774.jpg,clapping,1
140.445,137.725,142.27,76.03,74.637,70.361,139.042,73.961,28.093,15.392,12.7,175.303,122.293,120.419,0.7768,73.961,Image_4184.jpg,clapping,1
87.404,83.326,62.923,67.813,54.715,48.711,82.21,55.758,12.52,5.679,6.841,54.425,78.158,112.602,0.8468,55.758,Image_1998.jpg,clapping,1
170.148,77.204,74.378,70.449,61.916,59.952,104.655,56.049,14.31,8.158,6.152,113.69,86.495,113.366,0.8101,56.049,Image_4170.jpg,clapping,1
204.65,183.383,171.856,24.3,27.757,38.109,188.407,23.951,8.157,3.623,4.534,187.598,185.59,191.868,0.9019,23.951,Image_12522.jpg,clapping,1
158.788,147.787,140.677,75.723,80.259,82.673,150.25,78.564,30.078,16.93,13.148,200.996,124.721,126.177,0.7815,78.564,Image_1136.jpg,clapping,1
89.793,76.105,60.766,61.43,57.029,49.806,78.44,56.816,27.129,15.482,11.647,85.363,95.419,55.626,0.7887,56.816,Image_9466.jpg,clapping,1
78.398,64.636,73.54,62.993,50.233,45.676,69.758,51.995,32.53,19.376,13.154,89.306,76.028,45.114,0.8052,51.995,Image_1173.jpg,clapping,1
213.073,204.777,197.535,55.099,64.202,71.401,206.41,61.987,16.725,9.949,6.776,206.026,207.246,205.979,0.8088,61.987,Image_7964.jpg,clapping,1
44.931,40.201,39.983,30.815,31.249,32.938,41.586,30.841,10.059,5.663,4.396,30.198,43.811,50.333,0.9007,30.841,Image_7595.jpg,clapping,1
42.306,31.683,32.555,27.156,27.037,28.538,34.955,26.706,9.512,6.029,3.483,24.327,45.795,34.751,0.9032,26.706,Image_4933.jpg,clapping,1
196.526,190.342,192.667,49.108,54.797,57.415,192.436,52.297,19.743,10.328,9.415,200.961,177.714,198.353,0.828,52.297,Image_4821.jpg,clapping,1
132.565,116.275,115.753,71.288,65.697,65.852,121.073,66.314,18.367,9.072,9.295,86.196,131.379,144.527,0.7067,66.314,Image_3455.jpg,clapping,1
102.574,78.351,61.956,59.809,58.606,55.79,83.714,55.769,32.378,20.38,11.998,107.839,68.37,75.333,0.7719,55.769,Image_6079.jpg,clapping,1
144.505,126.681,119.46,91.234,91.115,89.419,131.173,89.868,26.161,15.694,10.467,159.052,129.722,105.945,0.4981,89.868,Image_9815.jpg,clapping,1
168.269,165.249,169.094,86.353,84.429,81.707,166.574,84.38,24.735,13.323,11.412,194.575,159.441,146.653,0.6846,84.38,Image_9814.jpg,clapping,1
102.994,92.007,77.065,69.931,65.242,63.842,93.579,65.227,28.972,15.281,13.691,108.627,75.13,96.824,0.6805,65.227,Image_1177.jpg,clapping,1
178.141,112.396,115.322,55.44,59.142,63.615,132.37,55.034,26.058,15.333,10.725,156.809,126.732,114.422,0.7549,55.034,Image_5985.jpg,clapping,1
73.04,48.336,51.588,43.459,31.246,30.07,56.086,33.601,14.94,9.147,5.793,58.663,60.661,49.26,0.885,33.601,Image_9571.jpg,clapping,1
145.361,130.684,102.093,62.647,60.143,53.655,131.798,58.214,21.259,13.155,8.104,173.318,124.115,99.5,0.7742,58.214,Image_7012.jpg,clapping,1
102.666,94.371,101.844,61.091,60.528,62.438,97.693,59.751,28.356,15.09,13.265,88.433,117.096,88.011,0.8327,59.751,Image_419.jpg,clapping,1
128.447,121.817,114.432,70.381,67.818,66.491,122.945,68.109,24.534,14.144,10.39,169.35,108.789,92.161,0.7869,68.109,Image_4597.jpg,clapping,1
156.539,140.968,135.956,70.132,74.055,74.458,145.037,72.496,29.669,18.527,11.142,174.563,136.246,125.244,0.7103,72.496,Image_9491.jpg,clapping,1
160.494,152.504,150.43,60.934,64.301,66.073,154.64,62.302,27.078,16.291,10.787,164.9,146.602,152.521,0.771,62.302,Image_8190.jpg,clapping,1
155.207,149.341,147.195,72.37,77.076,77.369,150.834,75.162,22.166,14.877,7.288,168.002,165.79,120.172,0.7067,75.162,Image_4102.jpg,clapping,1
184.381,172.458,148.029,81.945,79.447,72.254,173.219,79.321,29.437,17.784,11.653,180.767,162.859,175.904,0.6628,79.321,Image_10716.jpg,clapping,1
135.015,105.535,98.656,90.375,77.385,67.998,113.552,79.217,17.487,6.9,10.587,80.026,116.869,142.387,0.8161,79.217,Image_10467.jpg,clapping,1
162.844,165.169,169.157,69.509,72.749,74.394,164.912,71.668,29.184,16.268,12.916,205.241,156.926,134.039,0.8043,71.668,Image_8408.jpg,clapping,1
104.779,95.456,86.102,47.582,48.607,49.838,97.167,47.596,30.001,15.445,14.555,91.138,117.728,83.295,0.8739,47.596,Image_7489.jpg,clapping,1
131.644,100.769,104.553,62.663,57.026,52.269,110.419,56.043,30.918,18.124,12.794,132.219,117.693,82.666,0.7776,56.043,Image_9901.jpg,clapping,1
150.331,138.264,123.043,58.545,55.264,53.615,140.122,55.08,14.918,7.452,7.466,147.772,133.696,138.953,0.8459,55.08,Image_6325.jpg,clapping,1
165.465,156.61,151.914,85.794,90.208,88.289,158.706,88.278,22.526,12.991,9.535,209.414,158.001,110.975,0.6884,88.278,Image_2991.jpg,clapping,1
89.413,74.175,61.185,64.918,56.606,52.436,77.241,57.425,32.044,18.125,13.92,96.125,93.77,43.439,0.8014,57.425,Image_5394.jpg,clapping,1
189.308,189.749,186.947,52.809,55.448,56.683,189.279,54.343,21.812,12.258,9.553,207.115,172.131,188.621,0.7963,54.343,Image_8318.jpg,clapping,1
179.201,164.057,156.332,81.251,77.126,78.066,167.686,77.318,24.975,14.396,10.579,194.941,180.256,129.672,0.6626,77.318,Image_1257.jpg,clapping,1
167.061,163.723,153.118,67.936,65.149,64.228,163.496,64.858,24.867,13.706,11.161,193.542,176.268,122.623,0.7549,64.858,Image_12410.jpg,clapping,1
58.56,43.917,78.479,61.434,47.83,52.711,52.229,51.235,24.423,15.616,8.807,44.712,56.115,55.696,0.8482,51.235,Image_12082.jpg,clapping,1
214.196,212.483,211.811,63.183,64.635,64.97,212.897,63.95,14.819,5.735,9.084,236.53,209.979,193.124,0.9317,63.95,Image_8971.jpg,clapping,1
162.723,112.112,88.641,44.582,52.04,51.621,124.553,47.048,25.985,14.77,11.215,137.441,126.66,110.239,0.8249,47.048,Image_12415.jpg,clapping,1
74.942,55.313,49.324,66.599,58.8,55.273,60.492,60.32,32.504,22.04,10.464,73.772,66.035,42.523,0.7677,60.32,Image_5468.jpg,clapping,1
58.168,45.002,47.672,35.699,32.626,39.273,49.237,33.783,14.37,8.582,5.788,35.521,45.422,65.972,0.8704,33.783,Image_1992.jpg,clapping,1
67.391,63.895,64.842,63.705,61.292,60.991,65.042,61.347,16.185,9.447,6.738,61.416,79.518,54.685,0.7124,61.347,Image_4641.jpg,clapping,1
114.112,129.908,129.558,63.668,69.412,69.868,125.134,67.237,34.851,20.546,14.305,152.951,124.803,98.896,0.7259,67.237,Image_4214.jpg,clapping,1
98.704,97.346,75.879,70.03,62.092,69.024,95.295,63.984,27.197,15.06,12.137,91.711,78.6,114.652,0.7965,63.984,Image_2212.jpg,clapping,1
93.717,69.695,61.216,76.799,61.539,56.361,75.902,64.954,27.3,16.006,11.294,59.17,102.084,66.88,0.7572,64.954,Image_11246.jpg,clapping,1
244.871,223.389,209.313,19.641,37.986,53.416,228.183,32.497,9.067,4.689,4.378,243.584,225.656,215.895,0.9226,32.497,Image_6748.jpg,clapping,1
248.591,242.738,236.011,19.95,30.888,43.978,243.696,28.193,5.727,2.604,3.123,239.533,244.972,246.452,0.927,28.193,Image_4811.jpg,clapping,1
101.664,64.646,87.131,54.666,38.816,50.527,78.267,43.47,41.493,25.359,16.134,92.563,73.727,68.955,0.8042,43.47,Image_868.jpg,clapping,1
131.855,123.842,98.334,60.519,64.587,44.776,123.317,48.206,20.031,8.261,11.77,111.905,144.857,113.649,0.8203,48.206,Image_11864.jpg,clapping,1
239.072,181.768,183.505,33.937,92.658,83.162,199.076,69.333,12.581,6.658,5.923,224.67,196.024,177.558,0.8742,69.333,Image_9886.jpg,clapping,1
141.426,117.186,111.286,73.334,66.023,64.111,123.747,66.127,35.783,20.855,14.928,106.232,133.052,131.585,0.7367,66.127,Image_8509.jpg,clapping,1
168.757,138.601,106.777,68.258,55.164,56.733,143.973,55.056,24.561,10.342,14.219,109.483,167.553,154.387,0.8238,55.056,Image_7271.jpg,clapping,1
107.628,144.678,103.925,31.193,37.764,17.192,128.943,30.866,5.416,3.335,2.081,138.019,126.564,122.552,0.9398,30.866,Image_2962.jpg,clapping,1
169.943,159.68,162.555,87.03,88.149,85.323,163.059,86.901,26.203,13.492,12.711,220.852,155.293,115.307,0.6641,86.901,Image_12488.jpg,clapping,1
145.03,160.392,181.419,84.315,70.075,57.036,158.181,71.784,23.084,12.908,10.176,192.763,158.226,125.128,0.7828,71.784,Image_598.jpg,clapping,1
66.958,54.062,38.461,59.335,47.707,38.597,56.132,49.42,28.271,17.058,11.213,63.432,74.779,31.366,0.8219,49.42,Image_572.jpg,clapping,1
77.09,54.918,44.005,57.506,46.381,40.425,60.296,48.683,23.377,14.707,8.671,66.521,68.741,46.292,0.8192,48.683,Image_10130.jpg,clapping,1
88.724,67.567,56.631,54.073,44.682,42.466,72.637,46.315,25.434,15.629,9.805,83.478,64.611,69.951,0.8251,46.315,Image_6684.jpg,clapping,1
67.348,67.379,67.369,54.97,54.954,54.96,67.362,54.954,28.923,17.127,11.796,65.197,65.523,71.183,0.7702,54.954,Image_7104.jpg,clapping,1
115.85,93.466,82.603,68.469,56.441,51.917,98.908,58.748,29.356,17.325,12.031,100.044,93.799,102.702,0.7602,58.748,Image_11379.jpg,clapping,1
109.833,69.804,74.112,73.88,74.3,71.452,82.253,69.256,19.927,10.887,9.04,57.814,70.391,116.902,0.8129,69.256,Image_6303.jpg,clapping,1
101.322,123.153,136.8,60.493,48.442,48.985,118.171,48.221,21.77,13.813,7.957,164.964,96.444,94.245,0.8581,48.221,Image_6642.jpg,clapping,1
237.859,223.896,218.015,37.184,50.263,58.619,227.377,46.638,7.892,4.478,3.414,221.335,231.749,228.97,0.8679,46.638,Image_1670.jpg,clapping,1
140.044,117.198,97.756,84.117,72.781,65.395,121.799,74.233,35.361,20.459,14.902,144.86,140.015,82.397,0.7084,74.233,Image_1241.jpg,clapping,1
143.538,139.688,154.614,88.658,75.823,63.758,142.526,74.535,28.739,16.139,12.6,184.494,124.959,119.235,0.7873,74.535,Image_1255.jpg,clapping,1
217.526,213.663,215.608,51.644,56.823,53.082,215.018,54.43,11.309,5.524,5.785,220.781,196.948,226.764,0.8157,54.43,Image_9483.jpg,clapping,1
186.602,166.81,169.639,56.915,80.196,75.317,173.032,70.397,25.843,14.017,11.826,193.412,142.668,182.56,0.733,70.397,Image_8015.jpg,clapping,1
175.472,184.054,186.046,65.807,62.313,63.744,181.698,62.963,25.456,15.36,10.097,221.541,172.947,152.017,0.8046,62.963,Image_10067.jpg,clapping,1
101.025,85.411,69.396,60.429,62.725,64.147,88.244,61.408,20.793,12.58,8.213,136.706,63.791,65.326,0.8017,61.408,Image_2816.jpg,clapping,1
100.934,73.738,72.1,65.791,66.737,63.803,81.673,64.422,23.792,16.574,7.217,106.255,76.472,63.173,0.7271,64.422,Image_11715.jpg,clapping,1
207.652,190.128,191.052,60.795,72.054,69.468,195.452,66.255,25.8,15.119,10.68,226.177,181.214,179.715,0.8195,66.255,Image_11220.jpg,clapping,1
225.888,214.069,218.055,46.191,58.565,56.604,218.035,53.392,12.798,5.347,7.451,225.218,193.889,234.227,0.8297,53.392,Image_4033.jpg,clapping,1
189.231,182.46,192.237,55.237,57.34,59.312,185.58,56.044,17.574,9.321,8.253,213.062,188.906,156.172,0.8704,56.044,Image_11823.jpg,clapping,1
129.279,130.764,125.471,64.139,52.039,53.305,129.704,53.442,25.67,14.8,10.87,146.968,141.194,102.257,0.7674,53.442,Image_6461.jpg,clapping,1
118.555,60.401,62.702,62.311,38.153,34.297,78.039,40.555,13.299,7.408,5.891,63.622,80.406,89.541,0.8445,40.555,Image_11091.jpg,clapping,1
160.978,167.668,164.604,46.125,50.268,53.213,165.302,48.917,21.542,12.156,9.385,154.789,167.922,172.837,0.8118,48.917,Image_3684.jpg,clapping,1
39.02,31.678,37.255,41.128,34.525,38.389,34.505,36.683,13.494,8.104,5.39,29.488,32.024,41.661,0.8614,36.683,Image_5218.jpg,clapping,1
64.224,61.608,62.509,69.904,60.347,58.924,62.487,62.142,20.419,11.679,8.74,92.316,46.09,49.664,0.743,62.142,Image_11732.jpg,clapping,1
103.108,82.152,88.168,75.022,66.474,65.689,89.094,66.764,33.875,21.1,12.775,131.649,82.582,54.688,0.7573,66.764,Image_9656.jpg,clapping,1
220.684,211.464,204.045,42.354,49.084,59.132,213.353,46.825,16.785,8.972,7.813,220.55,207.786,211.797,0.8292,46.825,Image_11334.jpg,clapping,1
110.558,89.344,65.981,49.894,43.164,36.181,93.013,43.867,7.926,4.759,3.167,94.657,103.124,81.791,0.8276,43.867,Image_94.jpg,clapping,1
55.849,28.195,40.068,55.296,30.087,32.709,37.811,35.833,18.989,11.687,7.302,42.922,49.15,22.11,0.8664,35.833,Image_1001.jpg,clapping,1
192.472,185.604,180.936,55.47,54.434,54.717,187.106,53.429,13.345,7.246,6.098,211.674,200.629,150.747,0.8552,53.429,Image_11762.jpg,clapping,1
114.918,91.691,67.784,62.993,63.934,48.103,95.899,59.171,24.538,11.008,13.53,110.405,117.958,60.996,0.8327,59.171,Image_9142.jpg,clapping,1
192.497,183.363,185.529,70.942,73.691,71.972,186.322,72.124,22.118,11.737,10.38,216.681,197.664,146.515,0.773,72.124,Image_5444.jpg,clapping,1
104.157,98.127,92.783,65.475,59.671,56.139,99.311,59.375,19.211,12.14,7.071,91.591,97.447,108.458,0.7244,59.375,Image_9383.jpg,clapping,1
190.237,183.748,152.569,53.417,53.554,70.653,182.115,54.655,14.404,6.504,7.9,207.448,163.231,175.959,0.7957,54.655,Image_1441.jpg,clapping,1
55.223,33.63,27.486,64.948,42.719,35.055,39.38,47.248,18.978,11.936,7.042,37.138,54.088,27.481,0.8431,47.248,Image_11946.jpg,clapping,1
178.322,162.422,162.169,82.775,66.096,73.712,167.13,64.995,22.506,10.729,11.777,152.277,201.388,148.605,0.7911,64.995,Image_1253.jpg,clapping,1
187.509,176.785,171.476,76.774,77.356,79.566,179.368,76.823,23.521,12.86,10.661,162.911,173.831,200.361,0.6879,76.823,Image_6569.jpg,clapping,1
128.398,109.914,81.973,69.381,62.426,75.648,112.243,64.413,20.648,10.693,9.955,90.576,94.908,149.471,0.8096,64.413,Image_10448.jpg,clapping,1
194.35,188.298,186.675,54.484,57.083,58.649,189.903,54.744,14.989,8.753,6.236,171.497,192.212,205.269,0.7952,54.744,Image_12064.jpg,clapping,1
115.109,104.452,96.795,65.312,66.184,67.999,106.754,64.84,20.418,12.143,8.275,124.927,106.403,89.743,0.6924,64.84,Image_6521.jpg,clapping,1
122.816,115.307,122.19,82.034,79.913,75.017,118.324,79.719,28.943,16.767,12.176,134.166,67.096,152.102,0.8086,79.719,Image_8496.jpg,clapping,1
114.853,107.55,95.093,81.553,84.046,86.913,108.302,82.919,22.678,14.137,8.541,164.553,106.522,56.306,0.7649,82.919,Image_6610.jpg,clapping,1
126.566,125.386,136.519,63.684,66.511,69.453,126.996,64.603,33.943,18.95,14.993,161.855,114.268,105.869,0.7526,64.603,Image_7016.jpg,clapping,1
141.223,125.319,114.398,57.274,48.649,39.999,128.815,49.738,29.092,11.656,17.437,106.313,136.81,142.663,0.8583,49.738,Image_1309.jpg,clapping,1
130.786,113.595,102.708,70.281,62.32,56.537,117.481,59.131,26.166,14.346,11.82,149.395,109.901,94.252,0.7597,59.131,Image_171.jpg,clapping,1
206.393,204.388,175.929,48.117,50.951,59.612,201.723,48.904,15.733,8.951,6.782,188.913,202.105,213.585,0.7983,48.904,Image_2418.jpg,clapping,1
146.29,143.759,142.49,71.57,75.565,76.924,144.356,74.302,28.789,12.484,16.305,174.554,158.539,101.994,0.7786,74.302,Image_1676.jpg,clapping,1
61.022,34.932,28.469,50.667,37.492,31.863,41.99,40.184,17.918,11.179,6.739,28.306,52.733,44.796,0.8252,40.184,Image_4320.jpg,clapping,1
74.52,59.283,55.111,67.743,55.161,50.56,63.356,57.097,24.812,13.576,11.236,81.799,68.039,41.281,0.7682,57.097,Image_8035.jpg,clapping,1
173.728,164.994,161.245,77.353,75.305,78.321,167.16,73.352,23.995,14.02,9.975,225.144,170.401,108.72,0.8123,73.352,Image_3266.jpg,clapping,1
196.83,194.615,194.023,59.954,64.464,65.465,195.19,62.924,21.48,11.797,9.683,234.826,193.231,159.225,0.7705,62.924,Image_11349.jpg,clapping,1
77.667,60.75,51.103,52.621,42.129,40.155,64.701,44.503,19.341,12.169,7.173,80.392,63.758,50.622,0.8132,44.503,Image_5157.jpg,clapping,1
144.327,122.563,113.254,71.139,72.207,71.24,127.995,71.041,17.992,10.131,7.861,140.044,128.581,115.934,0.6222,71.041,Image_1755.jpg,clapping,1
116.701,108.919,109.37,68.484,71.177,76.269,111.286,68.81,40.929,14.681,26.248,125.158,102.885,106.063,0.7467,68.81,Image_7496.jpg,clapping,1
195.79,201.418,203.478,52.83,51.454,52.716,199.95,50.99,17.998,9.043,8.954,211.535,182.126,205.907,0.8304,50.99,Image_12001.jpg,clapping,1
156.527,140.671,109.698,90.606,82.995,65.504,141.865,82.833,15.009,6.426,8.583,170.615,155.334,101.565,0.6788,82.833,Image_534.jpg,clapping,1
178.327,189.743,155.193,49.446,42.711,85.333,182.373,45.516,28.172,14.11,14.063,202.161,186.071,159.955,0.8499,45.516,Image_4251.jpg,clapping,1
216.625,220.397,216.267,38.346,41.531,48.708,218.777,39.895,16.115,8.551,7.565,223.429,218.354,214.74,0.8352,39.895,Image_5312.jpg,clapping,1
183.823,176.595,171.021,66.543,66.238,61.652,178.102,65.441,17.742,10.085,7.657,215.306,158.334,161.46,0.7715,65.441,Image_10439.jpg,clapping,1
127.931,132.976,147.611,63.494,65.585,67.847,133.123,64.475,20.64,10.832,9.807,151.393,115.181,132.809,0.8639,64.475,Image_4616.jpg,clapping,1
224.92,217.023,211.084,54.953,64.727,73.811,218.685,62.225,12.08,5.292,6.788,216.403,214.601,224.761,0.9217,62.225,Image_1269.jpg,clapping,1
127.226,122.159,129.587,88.414,90.075,91.011,124.508,88.939,26.819,15.684,11.135,174.615,134.539,67.105,0.6728,88.939,Image_5545.jpg,clapping,1
194.38,185.388,160.847,34.557,45.661,50.689,185.259,42.525,8.412,5.384,3.029,176.22,183.825,195.257,0.8397,42.525,Image_6809.jpg,clapping,1
19.812,15.516,13.989,25.132,21.037,19.372,16.625,21.711,11.031,6.573,4.458,6.989,26.529,16.368,0.9224,21.711,Image_7888.jpg,clapping,1
167.217,162.339,165.099,72.592,75.785,78.841,164.095,74.832,19.236,12.865,6.371,199.152,161.073,133.518,0.6719,74.832,Image_2921.jpg,clapping,1
216.758,203.482,196.118,46.084,51.449,58.364,206.591,48.993,21.444,12.629,8.815,219.755,206.466,194.144,0.7975,48.993,Image_11181.jpg,clapping,1
150.661,135.331,124.467,74.559,75.58,79.688,138.661,75.016,23.067,13.195,9.872,161.638,128.318,126.602,0.6608,75.016,Image_4888.jpg,clapping,1
193.838,187.737,182.168,69.384,64.13,61.067,188.907,64.694,18.613,8.756,9.856,225.85,199.076,143.936,0.8891,64.694,Image_10185.jpg,clapping,1
99.639,66.217,56.532,60.694,44.06,41.162,75.096,48.148,15.513,9.375,6.138,68.065,70.159,86.521,0.8095,48.148,Image_6375.jpg,clapping,1
172.707,142.12,144.404,65.065,62.156,65.981,151.509,60.624,33.454,14.172,19.282,156.94,150.014,147.751,0.7693,60.624,Image_5388.jpg,clapping,1
136.199,134.938,129.487,95.498,94.812,96.124,134.68,95.027,18.117,11.474,6.643,206.506,122.772,77.486,0.6796,95.027,Image_2974.jpg,clapping,1
123.011,113.849,104.541,83.899,83.564,76.788,115.515,82.538,36.118,21.33,14.788,142.151,95.304,109.381,0.6516,82.538,Image_3548.jpg,clapping,1
126.987,119.836,123.73,64.364,57.89,56.201,122.405,59.068,23.409,13.724,9.685,134.402,137.516,96.529,0.8002,59.068,Image_11431.jpg,clapping,1
95.538,96.254,92.789,94.936,73.474,63.605,95.636,77.274,22.728,11.891,10.836,111.405,135.062,42.949,0.7183,77.274,Image_144.jpg,clapping,1
175.208,174.67,175.329,69.706,68.975,66.342,174.889,68.701,18.828,10.491,8.338,216.246,137.618,170.988,0.7756,68.701,Image_11826.jpg,clapping,1
216.309,183.786,95.408,63.034,55.163,42.603,183.414,52.751,11.91,6.192,5.719,200.951,189.305,161.051,0.8751,52.751,Image_4317.jpg,clapping,1
204.107,211.17,209.646,51.199,45.31,51.475,208.864,44.812,18.679,8.434,10.245,219.79,201.171,205.779,0.8057,44.812,Image_1495.jpg,clapping,1
107.712,95.902,117.528,61.077,66.401,55.032,101.888,61.804,27.505,15.794,11.711,106.121,94.637,104.768,0.8018,61.804,Image_5173.jpg,clapping,1
198.783,186.818,181.526,60.278,61.9,65.761,189.772,61.071,17.061,7.554,9.507,225.341,196.782,149.129,0.8082,61.071,Image_5243.jpg,clapping,1
195.012,199.195,203.193,84.655,75.901,69.685,198.38,76.762,17.875,8.582,9.293,225.765,220.132,151.478,0.8306,76.762,Image_6469.jpg,clapping,1
153.833,146.387,131.428,81.034,81.764,81.97,146.893,80.802,26.79,15.328,11.462,184.056,150.842,107.649,0.6464,80.802,Image_6099.jpg,clapping,1
194.573,192.079,192.912,69.709,71.862,68.623,192.9,70.552,24.947,14.253,10.694,234.32,176.728,168.801,0.8347,70.552,Image_21.jpg,clapping,1
236.223,223.462,216.589,29.638,42.658,50.793,226.47,38.713,10.933,6.534,4.399,227.057,231.768,220.854,0.8828,38.713,Image_2475.jpg,clapping,1
242.073,235.622,220.23,33.83,42.221,62.628,235.772,40.793,7.781,4.014,3.767,237.814,234.273,235.254,0.9019,40.793,Image_9504.jpg,clapping,1
143.811,149.631,161.678,89.585,85.322,76.464,149.25,85.391,18.51,8.395,10.114,213.171,149.508,87.989,0.6959,85.391,Image_6158.jpg,clapping,1
174.391,170.645,168.293,72.249,75.705,78.307,171.479,74.575,24.973,13.545,11.427,217.218,152.302,146.126,0.7783,74.575,Image_10384.jpg,clapping,1
94.856,90.98,97.407,52.76,53.712,54.883,92.862,52.727,29.631,17.766,11.864,81.171,101.379,95.892,0.7659,52.727,Image_3145.jpg,clapping,1
123.91,122.502,97.067,69.323,59.656,47.961,120.011,58.87,23.549,10.494,13.055,87.504,148.874,123.49,0.8379,58.87,Image_10359.jpg,cycling,2
111.383,100.088,107.04,30.64,30.659,31.529,104.246,30.036,18.912,10.567,8.345,103.38,102.001,107.217,0.8932,30.036,Image_12213.jpg,cycling,2
176.361,152.538,109.27,63.624,70.984,61.897,154.711,67.33,13.763,6.655,7.108,195.375,169.638,101.645,0.8198,67.33,Image_513.jpg,cycling,2
119.305,117.172,113.655,73.303,73.052,73.121,117.397,73.012,34.391,19.532,14.859,104.571,136.754,111.163,0.6512,73.012,Image_8881.jpg,cycling,2
127.163,128.701,133.246,60.177,56.535,52.704,128.746,56.573,39.748,22.931,16.817,114.997,109.34,160.395,0.7655,56.573,Image_1481.jpg,cycling,2
111.058,130.094,122.846,83.881,43.034,39.294,123.565,49.954,21.106,10.568,10.538,97.071,108.722,163.024,0.8561,49.954,Image_3593.jpg,cycling,2
151.158,158.593,147.515,61.79,60.061,79.852,155.092,61.656,20.159,11.022,9.137,203.822,147.155,116.153,0.8473,61.656,Image_8446.jpg,cycling,2
53.946,37.005,23.465,46.693,42.562,40.358,40.521,42.538,20.296,7.853,12.442,63.068,43.469,16.186,0.8712,42.538,Image_5118.jpg,cycling,2
132.995,136.302,144.594,71.381,71.855,77.812,136.245,71.949,27.102,14.127,12.975,193.258,138.77,79.413,0.7869,71.949,Image_6884.jpg,cycling,2
94.212,86.937,90.37,56.868,54.305,54.445,89.494,54.396,30.027,13.38,16.647,75.601,94.968,97.531,0.7661,54.396,Image_8215.jpg,cycling,2
135.995,148.069,124.808,66.412,64.983,58.254,141.794,62.388,27.108,18.318,8.79,154.678,129.8,140.943,0.7394,62.388,Image_6522.jpg,cycling,2
91.957,90.683,83.619,55.412,54.423,54.28,90.249,53.685,26.748,12.849,13.899,88.351,95.538,87.013,0.7828,53.685,Image_3682.jpg,cycling,2
114.736,123.057,133.589,68.691,67.541,74.913,121.758,67.37,25.427,12.381,13.046,157.981,104.141,103.998,0.7665,67.37,Image_3667.jpg,cycling,2
144.233,147.898,117.944,49.486,40.455,64.321,143.373,45.13,18.429,8.247,10.181,111.287,153.856,163.994,0.8232,45.13,Image_970.jpg,cycling,2
100.14,97.898,91.137,55.621,52.049,49.239,97.787,51.91,36.357,19.991,16.365,111.026,85.862,96.533,0.7864,51.91,Image_9960.jpg,cycling,2
94.042,103.244,93.146,51.44,50.495,48.537,99.332,49.839,39.794,18.112,21.682,107.59,110.473,80.815,0.8094,49.839,Image_3240.jpg,cycling,2
121.349,115.521,84.921,55.681,50.582,54.553,113.763,50.494,26.7,14.845,11.855,89.682,120.743,130.086,0.8081,50.494,Image_632.jpg,cycling,2
105.414,110.893,89.508,60.227,60.084,64.358,106.806,59.566,28.422,14.098,14.324,152.435,91.567,77.798,0.8424,59.566,Image_2877.jpg,cycling,2
116.567,137.091,114.502,47.767,46.222,52.304,128.367,45.153,26.495,11.147,15.348,124.437,126.921,133.5,0.8142,45.153,Image_1335.jpg,cycling,2
113.963,107.122,107.08,77.997,76.474,73.842,109.151,76.079,21.217,9.605,11.612,173.92,104.129,52.119,0.7685,76.079,Image_7454.jpg,cycling,2
151.588,122.233,103.9,60.967,57.592,61.966,128.905,56.94,25.573,14.838,10.735,155.215,110.994,120.889,0.7903,56.94,Image_10021.jpg,cycling,2
78.83,104.597,53.354,50.791,49.343,56.208,91.043,47.979,29.238,16.559,12.68,95.358,83.746,93.889,0.8616,47.979,Image_2951.jpg,cycling,2
135.714,122.071,98.385,37.609,36.515,39.088,123.436,36.542,29.885,17.003,12.881,139.988,109.903,120.556,0.8657,36.542,Image_3173.jpg,cycling,2
181.573,177.158,157.377,57.433,51.794,58.812,176.205,53.578,14.619,7.435,7.184,225.179,154.362,150.307,0.8559,53.578,Image_3199.jpg,cycling,2
156.096,153.63,152.786,72.155,72.701,72.053,154.255,72.337,20.718,10.706,10.011,193.684,134.837,135.155,0.8353,72.337,Image_11094.jpg,cycling,2
116.552,123.633,92.496,78.785,65.337,77.715,117.955,67.774,36.395,20.68,15.715,76.615,140.534,135.863,0.769,67.774,Image_3979.jpg,cycling,2
155.442,144.319,141.209,60.745,67.901,73.379,147.275,65.782,24.549,12.167,12.383,220.447,113.903,109.283,0.8496,65.782,Image_1773.jpg,cycling,2
132.265,141.54,148.428,38.137,39.986,62.919,139.539,40.262,17.519,8.964,8.555,153.045,124.476,141.025,0.8451,40.262,Image_4304.jpg,cycling,2
126.062,124.33,120.876,46.415,41.376,44.586,124.441,42.92,23.288,11.48,11.808,91.917,128.6,151.518,0.8857,42.92,Image_2099.jpg,cycling,2
132.778,143.949,141.066,53.013,58.889,84.194,140.267,55.484,25.181,12.758,12.423,168.637,150.483,103.435,0.8168,55.484,Image_4293.jpg,cycling,2
150.903,144.396,135.723,55.144,55.934,62.47,145.338,55.639,30.717,16.386,14.331,149.391,130.384,155.744,0.8182,55.639,Image_12553.jpg,cycling,2
89.788,93.87,89.077,57.297,57.819,59.182,92.094,56.441,33.606,16.896,16.71,95.393,71.129,108.958,0.7568,56.441,Image_959.jpg,cycling,2
96.748,90.66,65.531,39.775,37.118,30.605,89.606,36.238,27.426,16.746,10.68,79.281,94.749,94.551,0.8234,36.238,Image_9178.jpg,cycling,2
85.268,98.111,118.254,72.759,73.504,85.261,96.559,72.468,21.983,11.149,10.834,119.106,107.133,64.942,0.6741,72.468,Image_999.jpg,cycling,2
151.049,133.689,116.33,54.689,53.155,48.339,136.885,52.788,23.091,10.485,12.606,150.172,116.902,143.277,0.8314,52.788,Image_8002.jpg,cycling,2
151.892,150.19,145.254,80.145,81.68,78.285,150.121,80.236,35.436,20.731,14.705,214.225,132.563,105.69,0.7276,80.236,Image_7794.jpg,cycling,2
151.17,140.385,106.448,64.943,54.665,51.841,139.726,54.76,28.206,15.285,12.921,181.103,140.332,99.651,0.8192,54.76,Image_4954.jpg,cycling,2
161.875,159.071,155.223,49.772,56.88,71.969,159.454,55.051,17.806,9.455,8.351,200.784,138.266,140.229,0.7797,55.051,Image_4877.jpg,cycling,2
98.828,103.669,79.092,70.905,65.734,71.008,99.41,65.811,34.279,21.862,12.417,62.973,88.418,144.682,0.7703,65.811,Image_3521.jpg,cycling,2
102.917,127.435,90.507,66.727,57.465,51.358,115.884,57.797,22.416,11.184,11.232,156.392,103.181,89.342,0.8155,57.797,Image_5972.jpg,cycling,2
150.86,143.308,128.742,72.267,72.646,76.915,143.891,72.722,34.891,15.551,19.34,76.829,161.966,190.65,0.8087,72.722,Image_9748.jpg,cycling,2
129.786,130.88,93.65,47.18,45.405,39.999,126.296,44.572,28.097,14.307,13.79,94.179,127.111,156.176,0.8498,44.572,Image_9733.jpg,cycling,2
89.48,72.957,67.359,70.552,60.099,52.992,77.251,61.267,33.293,17.459,15.834,40.2,79.605,110.37,0.7649,61.267,Image_1016.jpg,cycling,2
129.687,130.268,130.338,64.533,58.301,61.471,130.089,56.436,21.988,10.794,11.195,92.86,131.867,163.929,0.8173,56.436,Image_5854.jpg,cycling,2
144.061,150.635,157.518,45.138,44.825,47.599,149.44,43.795,34.269,20.466,13.803,152.443,145.72,150.123,0.8255,43.795,Image_9424.jpg,cycling,2
178.003,174.346,160.918,61.807,59.534,59.789,173.891,58.707,22.757,11.069,11.688,171.41,167.614,182.252,0.7706,58.707,Image_7058.jpg,cycling,2
108.478,119.838,101.598,39.041,35.5,37.252,114.351,34.964,19.49,9.557,9.933,98.819,125.532,118.505,0.8905,34.964,Image_454.jpg,cycling,2
186.617,151.976,101.731,63.08,61.865,80.27,156.587,61.754,21.517,10.037,11.48,195.613,177.693,99.188,0.836,61.754,Image_4499.jpg,cycling,2
99.232,107.168,104.302,71.877,67.206,67.578,104.459,67.209,23.739,11.429,12.31,123.066,82.306,107.842,0.693,67.209,Image_9206.jpg,cycling,2
122.677,118.104,108.605,41.758,38.392,38.302,118.376,37.444,21.573,10.459,11.114,112.087,128.464,114.75,0.8874,37.444,Image_8262.jpg,cycling,2
144.046,144.62,150.285,44.445,42.892,41.518,145.08,42.842,15.275,6.757,8.518,140.266,130.556,163.539,0.8637,42.842,Image_4179.jpg,cycling,2
104.358,102.765,88.348,44.661,40.077,40.553,101.588,40.16,29.209,16.17,13.039,106.772,112.09,86.614,0.8454,40.16,Image_10901.jpg,cycling,2
143.418,129.831,121.937,64.293,80.158,72.443,132.98,72.36,22.501,13.904,8.597,152.697,140.692,106.797,0.6893,72.36,Image_10391.jpg,cycling,2
116.192,95.193,86.03,64.11,48.576,38.95,100.415,51.45,16.765,9.229,7.536,147.593,97.912,57.771,0.8472,51.45,Image_8437.jpg,cycling,2
117.995,111.703,100.988,55.665,54.46,57.039,112.351,53.494,29.987,14.242,15.745,99.947,100.526,135.478,0.8108,53.494,Image_7692.jpg,cycling,2
184.221,150.08,115.757,53.163,62.421,80.676,156.357,57.94,25.831,13.462,12.369,182.228,151.634,136.169,0.739,57.94,Image_9876.jpg,cycling,2
132.982,137.752,95.148,45.834,49.334,44.213,131.456,44.507,25.799,15.091,10.708,93.06,148.542,151.797,0.8518,44.507,Image_6200.jpg,cycling,2
200.077,196.982,198.146,69.901,70.395,68.5,198.02,69.518,29.117,18.412,10.704,229.203,186.955,178.816,0.745,69.518,Image_3195.jpg,cycling,2
160.036,178.824,149.444,46.031,44.135,55.542,169.841,43.532,24.697,11.267,13.43,163.596,178.045,167.971,0.8281,43.532,Image_5229.jpg,cycling,2
194.51,146.78,67.093,88.98,81.259,57.365,151.948,77.634,12.535,5.014,7.521,175.157,181.221,101.851,0.8143,77.634,Image_8328.jpg,cycling,2
128.371,124.195,124.707,83.965,85.154,84.857,125.489,84.585,26.981,12.43,14.551,195.25,109.135,74.511,0.7655,84.585,Image_1144.jpg,cycling,2
143.216,137.037,135.009,69.876,71.219,73.452,138.639,70.506,29.45,16.246,13.205,81.238,116.379,214.678,0.8739,70.506,Image_12433.jpg,cycling,2
123.076,124.391,99.51,59.874,54.538,47.871,121.149,54.223,35.586,18.477,17.109,99.06,117.047,146.149,0.8083,54.223,Image_12100.jpg,cycling,2
165.78,154.79,155.616,63.136,63.435,69.191,158.154,62.883,22.422,10.496,11.926,178.009,155.044,142.169,0.7231,62.883,Image_8809.jpg,cycling,2
147.888,138.964,114.811,66.533,66.009,64.767,138.864,65.367,38.935,21.535,17.401,118.063,141.15,156.538,0.6974,65.367,Image_12446.jpg,cycling,2
126.502,110.051,68.715,56.7,50.945,53.739,110.245,52.006,28.099,14.952,13.147,81.095,100.911,146.979,0.8375,52.006,Image_5308.jpg,cycling,2
125.088,126.383,90.866,56.208,50.75,69.777,121.934,53.408,22.595,10.8,11.795,109.229,123.436,132.628,0.7934,53.408,Image_2060.jpg,cycling,2
64.319,58.635,57.532,51.566,44.6,46.231,60.202,45.304,23.186,13.004,10.183,50.6,72.564,57.568,0.8516,45.304,Image_4614.jpg,cycling,2
168.059,166.874,165.687,89.641,93.137,94.47,167.076,91.997,26.263,14.361,11.902,211.365,166.649,125.209,0.6731,91.997,Image_4337.jpg,cycling,2
196.701,195.126,173.744,50.958,51.987,53.415,193.14,50.983,34.464,18.597,15.868,224.53,180.244,175.486,0.7892,50.983,Image_2303.jpg,cycling,2
173.855,164.196,120.475,51.932,50.407,54.113,162.082,48.679,24.147,11.277,12.87,193.556,166.665,127.665,0.87,48.679,Image_11238.jpg,cycling,2
112.677,105.492,96.179,73.314,63.596,53.234,106.567,64.546,23.394,11.653,11.741,149.755,93.886,77.448,0.7377,64.546,Image_6814.jpg,cycling,2
139.461,125.815,100.907,49.309,48.172,42.855,127.042,47.638,24.195,13.162,11.033,151.55,124.307,106.259,0.8697,47.638,Image_4855.jpg,cycling,2
188.04,187.713,167.537,62.003,61.063,80.324,185.492,63.222,10.258,4.52,5.739,249.354,176.495,133.121,0.9062,63.222,Image_796.jpg,cycling,2
144.623,153.764,139.913,63.609,58.637,64.144,149.437,59.905,28.069,15.169,12.9,127.423,144.69,174.982,0.7344,59.905,Image_11937.jpg,cycling,2
154.51,147.301,139.657,64.5,65.844,63.73,148.57,64.896,43.374,20.621,22.752,154.525,151.277,140.301,0.7393,64.896,Image_9863.jpg,cycling,2
147.201,139.929,131.202,62.253,62.013,67.093,141.094,61.584,30.675,13.9,16.776,113.515,125.839,181.98,0.8149,61.584,Image_8597.jpg,cycling,2
137.989,124.711,108.152,60.712,58.133,57.924,126.78,57.517,41.293,22.775,18.518,113.618,130.409,135.878,0.7424,57.517,Image_7463.jpg,cycling,2
165.67,162.452,155.47,66.642,68.962,70.723,162.601,68.239,28.52,14.118,14.402,204.089,117.259,166.281,0.8465,68.239,Image_3152.jpg,cycling,2
86.991,93.144,77.202,57.388,55.487,64.472,89.478,56.342,28.934,11.882,17.052,103.215,69.871,95.081,0.8053,56.342,Image_12517.jpg,cycling,2
114.703,120.168,122.037,75.478,77.423,74.776,118.736,76.007,10.983,4.826,6.157,129.911,187.264,42.655,0.8642,76.007,Image_593.jpg,cycling,2
144.281,137.051,132.552,75.907,74.785,73.374,138.685,74.07,26.595,12.064,14.531,169.776,86.842,158.495,0.7348,74.07,Image_551.jpg,cycling,2
126.491,132.152,112.09,42.932,50.184,56.086,128.159,46.383,15.317,7.746,7.572,156.844,123.004,105.699,0.8985,46.383,Image_10044.jpg,cycling,2
117.851,117.65,100.312,66.351,61.442,61.006,115.722,61.437,50.426,27.643,22.783,110.786,107.363,128.411,0.707,61.437,Image_6719.jpg,cycling,2
128.27,126.498,119.29,59.98,60.385,61.772,126.194,59.93,23.009,10.529,12.48,168.582,131.095,81.053,0.8476,59.93,Image_7211.jpg,cycling,2
130.291,137.134,133.278,64.48,65.963,67.994,134.636,65.14,30.101,18.64,11.461,153.902,107.683,141.973,0.7561,65.14,Image_11452.jpg,cycling,2
97.681,112.72,84.48,71.962,58.859,64.446,104.995,61.495,34.368,16.606,17.762,78.261,136.695,100.254,0.7955,61.495,Image_6180.jpg,cycling,2
115.962,135.094,84.341,59.777,58.555,52.732,123.576,56.937,34.869,17.009,17.86,80.145,144.639,144.928,0.8201,56.937,Image_6620.jpg,cycling,2
120.146,101.773,89.978,65.643,59.024,60.463,105.91,58.538,35.467,20.721,14.746,111.725,103.953,102.227,0.7527,58.538,Image_1675.jpg,cycling,2
168.369,157.216,152.047,68.872,72.692,76.761,159.945,70.949,26.889,12.997,13.892,201.93,159.642,120.157,0.7766,70.949,Image_1070.jpg,cycling,2
111.863,110.45,110.018,49.445,49.709,53.276,110.812,49.278,32.631,19.336,13.295,134.441,104.61,94.176,0.816,49.278,Image_1107.jpg,cycling,2
104.233,103.421,93.849,60.466,58.201,62.258,102.562,58.764,22.132,11.566,10.566,71.108,112.238,123.349,0.8297,58.764,Image_9185.jpg,cycling,2
153.386,132.838,122.598,61.233,52.954,48.242,137.799,53.449,29.97,15.227,14.743,136.74,129.547,146.688,0.7856,53.449,Image_8022.jpg,cycling,2
79.11,93.757,105.737,63.799,60.256,72.835,90.735,61.044,23.909,12.622,11.288,101.336,81.247,89.674,0.8762,61.044,Image_9938.jpg,cycling,2
164.872,152.761,145.562,66.673,73.962,79.629,155.545,72.076,31.372,15.556,15.816,228.928,135.189,104.929,0.8647,72.076,Image_3004.jpg,cycling,2
148.806,139.682,121.497,78.503,82.156,87.705,140.322,81.008,47.545,27.451,20.095,182.037,158.887,82.781,0.6848,81.008,Image_11802.jpg,cycling,2
104.263,100.614,96.844,48.944,49.063,45.99,101.265,48.099,28.016,14.757,13.259,76.278,103.228,123.243,0.8119,48.099,Image_11207.jpg,cycling,2
108.608,104.3,101.989,63.672,62.988,63.724,105.314,62.445,21.206,11.283,9.922,140.07,81.973,94.418,0.7806,62.445,Image_4072.jpg,cycling,2
137.495,159.647,122.494,49.682,56.269,56.022,148.774,54.017,13.493,5.613,7.88,210.435,141.933,96.446,0.9232,54.017,Image_11895.jpg,cycling,2
147.241,138.699,136.63,65.061,65.567,65.594,141.003,64.18,32.446,18.942,13.504,146.747,131.777,144.325,0.7208,64.18,Image_6321.jpg,cycling,2
159.591,155.911,148.907,61.527,67.808,79.248,156.197,66.395,22.914,11.64,11.274,217.593,128.28,124.239,0.8085,66.395,Image_11149.jpg,cycling,2
140.351,136.8,118.516,45.455,44.86,50.162,135.764,44.584,20.713,12.828,7.886,148.464,134.387,124.955,0.7973,44.584,Image_3743.jpg,cycling,2
89.185,85.663,88.109,36.517,30.897,29.234,86.986,31.817,14.848,7.558,7.29,88.172,102.08,71.446,0.9023,31.817,Image_5058.jpg,cycling,2
163.176,155.9,138.269,64.08,63.035,76.898,156.049,62.85,29.501,11.962,17.539,158.357,122.46,185.909,0.845,62.85,Image_11842.jpg,cycling,2
55.184,54.863,48.658,66.452,66.18,62.298,54.246,65.371,21.165,9.361,11.804,33.259,61.652,67.21,0.8557,65.371,Image_9503.jpg,cycling,2
124.172,110.538,92.584,66.439,59.715,61.512,112.556,61.27,34.159,18.539,15.62,68.921,94.659,171.29,0.8534,61.27,Image_11351.jpg,cycling,2
161.807,150.167,138.331,71.301,77.229,76.72,152.282,72.846,41.581,18.284,23.297,188.981,115.376,152.478,0.6898,72.846,Image_67.jpg,cycling,2
99.126,84.911,58.074,55.03,54.631,52.093,86.092,53.944,33.315,19.188,14.127,109.66,79.015,70.35,0.8262,53.944,Image_848.jpg,cycling,2
126.332,105.716,106.874,85.425,74.734,75.526,112.0,73.694,39.809,17.436,22.373,101.987,119.758,114.151,0.6642,73.694,Image_11857.jpg,cycling,2
150.029,146.574,129.506,65.482,67.165,83.37,145.647,67.629,22.037,11.042,10.996,211.097,113.663,113.701,0.8551,67.629,Image_8976.jpg,cycling,2
101.006,121.771,92.42,69.73,60.986,72.79,112.206,62.7,30.015,13.59,16.425,63.696,129.389,142.109,0.7724,62.7,Image_5266.jpg,cycling,2
136.688,138.391,128.881,76.141,78.228,79.027,136.784,77.231,32.133,19.07,13.063,144.136,108.697,156.575,0.6625,77.231,Image_9135.jpg,cycling,2
161.668,178.129,186.294,61.325,63.332,63.683,174.122,62.021,19.703,8.747,10.956,223.968,161.209,138.867,0.8933,62.021,Image_1497.jpg,cycling,2
203.355,203.634,193.398,57.609,59.842,72.9,202.364,60.327,15.702,6.805,8.897,250.379,199.424,159.336,0.9034,60.327,Image_11985.jpg,cycling,2
137.761,140.157,144.644,57.424,56.672,59.8,139.938,56.437,27.212,10.772,16.44,163.976,110.23,145.352,0.8333,56.437,Image_1106.jpg,cycling,2
74.885,89.012,69.53,50.334,46.861,46.599,82.56,46.874,25.807,10.756,15.051,85.384,96.09,66.949,0.834,46.874,Image_6528.jpg,cycling,2
158.622,168.558,171.128,57.229,53.037,60.624,165.864,53.878,25.11,11.537,13.573,197.036,146.567,154.53,0.831,53.878,Image_10309.jpg,cycling,2
129.544,130.168,92.312,60.853,54.094,62.476,125.653,54.117,26.256,13.831,12.425,98.086,153.959,124.949,0.8332,54.117,Image_12061.jpg,cycling,2
145.939,149.677,118.751,66.115,61.017,68.933,145.019,61.968,40.504,19.973,20.531,135.511,171.5,128.817,0.7529,61.968,Image_6381.jpg,cycling,2
156.185,156.241,156.213,74.445,74.432,74.439,156.206,74.429,33.807,18.428,15.379,152.829,174.709,141.767,0.718,74.429,Image_8574.jpg,cycling,2
126.015,122.811,121.003,53.299,50.699,51.434,123.55,50.811,25.292,12.745,12.546,120.556,127.907,122.25,0.7594,50.811,Image_6577.jpg,cycling,2
99.445,99.445,99.445,44.301,44.301,44.301,99.435,44.297,22.922,12.037,10.885,85.723,118.583,94.246,0.7963,44.297,Image_7125.jpg,cycling,2
207.051,197.2,192.949,50.22,57.013,62.446,199.64,54.807,23.555,11.89,11.666,233.113,208.604,159.131,0.855,54.807,Image_1271.jpg,cycling,2
138.326,135.076,130.694,66.085,65.443,60.628,135.534,64.974,34.917,19.014,15.902,163.97,126.374,117.135,0.7703,64.974,Image_137.jpg,cycling,2
126.984,140.608,95.938,71.902,64.679,71.294,131.43,66.563,24.207,13.693,10.514,72.705,132.195,186.753,0.8267,66.563,Image_2564.jpg,cycling,2
103.962,100.959,96.53,59.055,60.585,60.284,101.341,59.509,33.605,14.229,19.376,88.959,92.389,121.706,0.7668,59.509,Image_1689.jpg,cycling,2
61.819,61.348,66.886,46.279,45.789,38.674,62.114,44.916,27.282,13.276,14.006,61.763,62.623,61.963,0.8226,44.916,Image_4396.jpg,cycling,2
164.953,134.629,95.232,61.139,63.845,63.324,139.188,57.155,39.768,18.359,21.41,127.883,126.068,162.503,0.7515,57.155,Image_8057.jpg,cycling,2
165.502,155.9,152.004,60.213,59.441,58.954,158.31,58.158,15.456,9.411,6.045,117.607,174.244,181.953,0.8383,58.158,Image_3401.jpg,cycling,2
111.255,111.13,115.923,83.237,84.141,85.795,111.703,83.746,31.997,21.475,10.521,136.709,72.579,125.178,0.6949,83.746,Image_11386.jpg,cycling,2
129.868,127.502,106.324,48.964,55.782,60.224,125.782,53.136,36.626,19.613,17.013,128.074,116.992,131.986,0.7779,53.136,Image_5037.jpg,cycling,2
193.015,176.399,161.02,65.283,73.308,67.446,179.594,69.06,25.929,11.441,14.488,188.424,160.349,189.536,0.7103,69.06,Image_1754.jpg,cycling,2
105.336,108.918,95.814,65.032,64.166,72.484,106.343,65.009,17.94,7.911,10.03,162.967,84.979,72.684,0.7975,65.009,Image_7719.jpg,cycling,2
99.338,103.273,106.609,45.852,42.06,45.713,102.467,40.257,26.575,13.809,12.766,123.236,117.076,68.696,0.8797,40.257,Image_11990.jpg,cycling,2
133.932,126.547,86.679,56.909,57.458,56.557,124.197,54.593,30.383,14.428,15.955,143.405,126.773,103.403,0.8102,54.593,Image_509.jpg,cycling,2
123.512,121.496,105.344,66.089,61.504,68.293,120.245,62.443,42.031,24.619,17.412,101.398,114.927,143.311,0.771,62.443,Image_4354.jpg,cycling,2
130.717,130.664,128.287,68.316,73.696,81.642,130.396,72.675,27.374,13.424,13.95,198.944,116.039,78.667,0.7792,72.675,Image_5147.jpg,cycling,2
109.524,105.706,105.141,66.524,67.007,67.127,106.772,66.7,28.174,16.788,11.386,150.883,64.429,105.085,0.7881,66.7,Image_10305.jpg,cycling,2
115.326,129.986,128.054,64.047,59.799,75.208,125.371,59.761,23.376,11.211,12.166,172.747,127.172,78.43,0.8169,59.761,Image_4566.jpg,cycling,2
99.232,101.556,99.452,83.954,80.924,80.486,100.611,80.432,30.11,11.109,19.001,149.733,107.477,47.168,0.856,80.432,Image_1187.jpg,cycling,2
140.909,149.2,154.518,35.947,37.25,38.699,147.313,36.497,29.879,16.806,13.073,127.911,160.71,153.046,0.8621,36.497,Image_5416.jpg,cycling,2
123.012,123.569,110.469,59.326,63.857,73.978,121.897,62.903,20.786,10.601,10.185,162.931,100.265,103.376,0.746,62.903,Image_6912.jpg,cycling,2
105.356,108.738,92.888,57.136,59.408,61.876,105.909,57.724,32.594,19.537,13.056,98.402,88.597,129.601,0.7683,57.724,Image_7956.jpg,cycling,2
108.396,111.616,95.77,59.465,55.297,63.073,108.836,55.592,37.823,22.771,15.051,76.937,116.244,132.213,0.7991,55.592,Image_3080.jpg,cycling,2
137.12,141.121,146.752,65.975,68.115,80.967,140.553,67.918,13.743,5.555,8.189,191.902,152.229,80.393,0.8288,67.918,Image_11191.jpg,cycling,2
106.995,109.506,116.361,72.705,77.393,80.26,109.526,75.49,28.645,17.031,11.614,172.096,73.911,83.796,0.7473,75.49,Image_4931.jpg,cycling,2
107.764,103.018,91.586,60.434,55.442,56.642,103.123,56.356,19.925,9.483,10.442,98.284,126.862,85.082,0.851,56.356,Image_10086.jpg,cycling,2
65.702,81.024,86.811,38.378,47.8,69.267,77.096,43.38,17.759,8.86,8.899,101.37,74.282,56.612,0.8845,43.38,Image_6240.jpg,cycling,2
129.462,114.361,109.745,46.668,50.627,56.839,118.337,49.322,30.488,13.302,17.185,137.362,103.635,114.212,0.8263,49.322,Image_5225.jpg,cycling,2
69.971,74.805,55.18,44.464,44.754,49.649,71.115,44.214,19.843,10.85,8.993,52.804,59.428,99.75,0.8656,44.214,Image_3191.jpg,cycling,2
128.053,124.564,126.073,57.954,54.855,53.844,125.766,55.653,31.715,16.104,15.611,125.404,139.387,113.111,0.8539,55.653,Image_3642.jpg,cycling,2
93.239,93.601,62.336,47.647,46.654,42.365,89.919,44.824,36.358,20.208,16.15,73.069,93.065,103.0,0.8099,44.824,Image_11527.jpg,cycling,2
122.294,128.524,100.379,59.507,58.004,61.528,123.44,56.019,38.247,22.126,16.121,117.115,131.003,122.258,0.7586,56.019,Image_93.jpg,cycling,2
119.871,113.708,104.591,53.17,48.952,57.07,114.499,49.61,25.978,15.054,10.924,98.249,96.33,147.354,0.8243,49.61,Image_11915.jpg,cycling,2
121.198,115.082,91.735,67.407,62.479,59.268,114.237,61.504,39.124,22.838,16.286,114.439,105.746,122.149,0.7426,61.504,Image_4380.jpg,cycling,2
167.853,167.077,149.342,66.453,60.886,78.497,165.271,63.573,20.816,10.561,10.255,126.307,170.371,197.595,0.8458,63.573,Image_1540.jpg,cycling,2
107.433,100.541,86.41,65.847,60.45,56.593,100.98,61.365,35.658,17.188,18.47,50.617,134.899,116.677,0.7998,61.365,Image_5056.jpg,cycling,2
122.393,106.784,88.662,55.47,50.925,56.776,109.373,49.866,21.111,10.808,10.303,140.234,114.172,75.333,0.8584,49.866,Image_5111.jpg,cycling,2
149.418,141.356,143.178,55.74,57.545,60.904,143.959,56.108,29.594,15.178,14.416,164.835,112.91,153.67,0.7723,56.108,Image_6331.jpg,cycling,2
126.542,137.403,110.398,53.08,53.047,72.784,131.064,54.686,22.874,12.137,10.737,191.398,107.538,95.929,0.8797,54.686,Image_6020.jpg,cycling,2
103.499,108.73,114.287,49.01,45.855,49.507,107.789,45.477,30.176,14.318,15.857,101.963,111.564,109.746,0.8447,45.477,Image_32.jpg,cycling,2
146.3,141.364,132.02,63.115,60.234,58.578,141.76,60.842,25.873,13.97,11.903,86.938,145.105,190.898,0.8361,60.842,Image_2651.jpg,cycling,2
91.847,93.48,75.632,38.549,37.325,29.744,90.948,35.889,17.394,7.327,10.067,59.644,106.588,105.9,0.908,35.889,Image_9262.jpg,cycling,2
130.549,133.928,136.761,66.145,57.332,63.279,133.228,57.422,33.285,19.356,13.929,127.098,123.193,148.657,0.7743,57.422,Image_6051.jpg,cycling,2
137.615,145.428,127.133,68.077,66.532,69.22,140.992,66.357,28.163,13.885,14.278,97.52,145.659,178.034,0.7714,66.357,Image_10220.jpg,cycling,2
105.497,106.231,108.125,67.807,67.52,68.767,106.217,67.387,33.607,16.865,16.742,92.458,68.331,155.514,0.7928,67.387,Image_3298.jpg,cycling,2
82.657,63.171,53.768,79.416,69.099,62.692,67.917,70.299,30.883,17.927,12.957,44.702,112.28,47.731,0.8127,70.299,Image_10518.jpg,dancing,3
228.892,227.894,219.834,57.172,54.521,63.488,227.251,54.79,12.332,5.126,7.205,242.812,227.436,212.22,0.9233,54.79,Image_12260.jpg,dancing,3
62.764,73.748,80.434,36.804,36.297,38.881,71.22,35.716,13.845,6.108,7.737,62.833,72.113,78.373,0.8901,35.716,Image_760.jpg,dancing,3
104.579,84.94,81.397,63.962,56.396,54.622,90.398,56.115,27.953,17.361,10.592,107.754,84.986,78.996,0.7492,56.115,Image_9175.jpg,dancing,3
107.288,83.376,89.637,85.877,74.873,88.341,91.229,78.496,32.11,18.778,13.332,73.428,103.019,96.965,0.6734,78.496,Image_1812.jpg,dancing,3
130.614,125.706,116.462,51.901,52.108,52.568,126.106,52.062,20.26,12.696,7.564,118.004,111.979,147.326,0.812,52.062,Image_3833.jpg,dancing,3
186.858,196.587,195.629,68.327,78.359,79.097,193.55,75.255,23.492,12.555,10.936,217.331,169.162,194.129,0.787,75.255,Image_8490.jpg,dancing,3
87.199,69.16,62.452,72.316,58.986,53.663,73.78,61.808,16.75,9.916,6.834,49.782,91.456,79.815,0.8575,61.808,Image_5531.jpg,dancing,3
60.24,51.371,54.415,63.463,53.775,40.285,54.364,54.788,21.608,14.555,7.053,74.267,66.044,24.216,0.8188,54.788,Image_7143.jpg,dancing,3
83.743,81.539,82.012,60.379,58.198,60.583,82.244,58.241,24.706,16.396,8.31,45.827,104.416,95.842,0.8081,58.241,Image_8267.jpg,dancing,3
113.26,105.983,94.484,58.814,64.69,65.539,106.837,62.396,21.325,13.876,7.449,169.708,60.308,91.238,0.8233,62.396,Image_6876.jpg,dancing,3
165.557,161.206,162.424,91.974,95.7,93.563,162.63,94.088,27.777,16.59,11.187,175.459,150.409,162.049,0.7108,94.088,Image_3977.jpg,dancing,3
170.854,144.855,132.34,32.317,35.517,41.247,151.185,33.299,13.979,7.636,6.343,147.03,154.736,151.76,0.8849,33.299,Image_3914.jpg,dancing,3
236.503,227.729,227.711,25.413,38.709,40.477,230.327,34.673,6.34,4.161,2.179,235.989,226.739,228.347,0.9318,34.673,Image_1400.jpg,dancing,3
130.51,98.345,80.62,55.007,42.79,32.104,105.929,44.797,8.338,5.661,2.677,113.603,94.094,109.9,0.8708,44.797,Image_10094.jpg,dancing,3
152.588,111.454,110.125,62.27,58.979,46.088,123.586,56.787,27.047,15.578,11.469,133.357,113.015,124.35,0.7524,56.787,Image_3447.jpg,dancing,3
146.611,96.941,74.695,61.977,53.508,43.384,109.241,53.418,23.253,12.029,11.225,99.885,116.354,111.384,0.8301,53.418,Image_914.jpg,dancing,3
176.576,172.884,181.401,83.057,82.001,73.366,174.941,81.005,24.704,12.402,12.302,224.598,171.669,130.665,0.7128,81.005,Image_3189.jpg,dancing,3
108.509,95.142,112.713,50.171,33.565,31.777,101.131,34.408,18.047,10.49,7.557,87.123,103.957,111.803,0.9008,34.408,Image_1688.jpg,dancing,3
101.24,51.828,46.281,58.535,55.796,49.041,65.959,54.637,10.49,6.926,3.564,49.497,72.793,75.15,0.7754,54.637,Image_7611.jpg,dancing,3
177.157,145.862,135.751,48.847,58.826,55.524,154.049,54.399,17.35,10.73,6.621,178.218,148.549,136.228,0.855,54.399,Image_10134.jpg,dancing,3
241.146,238.02,237.086,35.296,40.617,42.72,238.824,39.046,7.158,3.269,3.889,242.178,227.053,246.859,0.9253,39.046,Image_3238.jpg,dancing,3
124.716,64.147,89.918,84.567,47.24,61.581,85.183,58.063,18.624,9.741,8.883,121.772,99.004,37.063,0.9031,58.063,Image_3374.jpg,dancing,3
101.253,153.023,90.078,45.497,25.866,27.937,130.358,27.007,6.87,4.52,2.35,135.221,130.697,125.393,0.9266,27.007,Image_3403.jpg,dancing,3
241.0,238.046,237.539,34.919,38.899,40.082,238.848,37.596,6.585,3.214,3.371,250.829,244.803,221.725,0.9417,37.596,Image_10988.jpg,dancing,3
118.232,110.529,118.118,67.5,68.935,67.593,113.685,67.62,23.792,11.467,12.325,92.299,81.103,165.201,0.8193,67.62,Image_4298.jpg,dancing,3
67.791,79.922,101.771,59.853,59.622,58.103,78.779,56.916,25.887,13.09,12.797,74.81,113.262,49.652,0.8094,56.916,Image_2082.jpg,dancing,3
86.848,76.198,65.549,86.552,75.048,65.825,78.16,76.685,16.974,10.775,6.199,62.446,94.032,78.009,0.8589,76.685,Image_4487.jpg,dancing,3
235.218,229.91,229.624,48.81,53.635,52.448,231.441,51.657,9.459,3.929,5.531,242.554,236.52,215.984,0.9666,51.657,Image_2425.jpg,dancing,3
38.125,37.29,38.696,50.288,48.735,49.293,37.696,48.486,17.304,8.646,8.658,21.288,46.923,44.551,0.8585,48.486,Image_4486.jpg,dancing,3
248.839,248.347,247.806,21.671,23.197,24.705,248.408,22.844,3.491,2.02,1.47,247.854,247.947,249.377,0.9696,22.844,Image_12571.jpg,dancing,3
123.294,123.294,123.294,41.864,41.864,41.864,123.281,41.859,9.035,4.08,4.955,115.441,110.78,142.698,0.9005,41.859,Image_1385.jpg,dancing,3
102.895,83.942,70.259,63.549,58.808,53.181,88.039,58.252,37.26,16.82,20.44,79.477,100.008,84.786,0.7531,58.252,Image_9416.jpg,dancing,3
172.461,150.196,139.551,77.768,69.304,63.621,155.623,68.571,27.293,17.777,9.516,208.352,140.176,120.035,0.768,68.571,Image_1415.jpg,dancing,3
62.777,54.473,51.224,85.432,77.423,71.376,56.579,78.844,14.212,10.507,3.705,61.562,54.338,53.962,0.8584,78.844,Image_8124.jpg,dancing,3
40.754,29.658,51.676,60.665,49.263,66.909,35.482,53.424,24.299,14.188,10.111,21.906,57.193,27.716,0.8325,53.424,Image_7949.jpg,dancing,3
28.171,18.773,14.604,48.019,29.639,23.894,21.105,33.127,15.076,10.027,5.048,16.194,34.746,12.772,0.8999,33.127,Image_5235.jpg,dancing,3
86.704,144.487,168.712,79.496,97.842,87.613,129.963,90.69,11.761,6.275,5.485,184.689,79.909,125.503,0.7974,90.69,Image_5184.jpg,dancing,3
43.959,43.959,43.959,62.606,62.606,62.606,43.954,62.6,12.714,4.467,8.248,24.441,45.53,61.077,0.8955,62.6,Image_3707.jpg,dancing,3
171.598,159.265,169.237,75.3,77.156,77.222,164.072,74.542,31.368,20.186,11.182,185.323,136.982,169.647,0.7487,74.542,Image_6530.jpg,dancing,3
122.712,118.27,122.105,68.065,65.784,64.25,120.023,66.194,21.453,10.516,10.937,143.23,145.362,73.683,0.8351,66.194,Image_9846.jpg,dancing,3
65.08,75.188,73.635,50.905,46.298,44.448,71.982,47.341,8.442,4.434,4.008,47.641,48.972,117.181,0.8926,47.341,Image_9835.jpg,dancing,3
136.231,129.025,126.104,65.521,69.116,72.019,130.833,67.892,27.303,16.973,10.33,169.656,87.983,134.678,0.8024,67.892,Image_1426.jpg,dancing,3
111.65,100.22,95.537,43.986,44.489,41.041,103.093,43.78,15.878,8.426,7.451,85.113,126.122,98.273,0.8401,43.78,Image_6360.jpg,dancing,3
160.126,154.605,134.952,62.371,65.209,61.801,153.999,63.454,17.874,10.156,7.719,222.733,124.762,116.298,0.8906,63.454,Image_9543.jpg,dancing,3
181.604,133.329,150.653,54.698,56.636,63.671,149.72,55.573,16.052,8.769,7.282,149.224,142.603,156.987,0.7514,55.573,Image_7389.jpg,dancing,3
165.088,135.254,117.027,72.821,60.646,57.337,142.08,60.133,29.891,19.113,10.778,165.115,150.184,112.357,0.7621,60.133,Image_576.jpg,dancing,3
162.226,149.847,138.613,59.504,65.039,68.783,152.252,63.025,23.714,12.725,10.988,172.999,141.165,143.03,0.8415,63.025,Image_4916.jpg,dancing,3
215.178,224.29,226.487,60.096,63.615,63.308,221.794,62.373,7.28,4.757,2.523,240.659,214.616,210.639,0.8914,62.373,Image_9430.jpg,dancing,3
129.658,78.07,59.148,76.36,71.984,66.185,91.325,69.744,33.18,22.678,10.502,93.693,108.754,72.427,0.708,69.744,Image_8314.jpg,dancing,3
206.11,173.901,184.3,43.101,60.394,44.847,184.696,48.505,20.482,11.468,9.015,190.887,174.468,188.55,0.8977,48.505,Image_4449.jpg,dancing,3
56.619,37.061,22.221,46.706,39.418,30.206,41.211,39.532,10.531,6.716,3.815,63.79,48.451,12.747,0.8472,39.532,Image_10814.jpg,dancing,3
186.031,179.313,178.823,34.281,48.785,45.479,181.247,43.641,6.803,4.257,2.545,187.264,197.511,159.98,0.9252,43.641,Image_10628.jpg,dancing,3
114.377,114.377,114.377,68.5,68.5,68.5,114.365,68.493,35.408,20.847,14.562,104.374,85.6,151.36,0.6971,68.493,Image_8479.jpg,dancing,3
136.618,120.745,111.706,52.238,49.245,46.755,124.447,49.269,20.999,9.826,11.173,152.701,124.152,97.758,0.8707,49.269,Image_7848.jpg,dancing,3
135.622,99.477,71.015,66.245,57.714,49.975,107.026,57.976,23.408,13.955,9.453,138.183,115.768,68.941,0.7887,57.976,Image_9985.jpg,dancing,3
45.483,39.854,38.453,60.231,51.155,47.396,41.373,52.622,21.841,12.405,9.436,14.198,53.404,55.829,0.8186,52.622,Image_6661.jpg,dancing,3
77.796,39.752,55.57,63.125,42.175,42.932,52.922,44.032,20.461,11.959,8.503,54.52,49.623,54.547,0.8415,44.032,Image_3400.jpg,dancing,3
52.511,42.649,38.625,32.76,28.433,26.65,45.134,29.283,7.948,3.2,4.748,32.418,47.314,55.191,0.9342,29.283,Image_5738.jpg,dancing,3
105.967,51.756,43.995,54.405,55.987,50.675,67.069,53.22,16.615,9.001,7.613,56.921,83.593,60.984,0.8788,53.22,Image_8375.jpg,dancing,3
55.95,55.95,55.95,52.908,52.908,52.908,55.944,52.902,19.03,13.384,5.646,37.726,49.072,79.894,0.8706,52.902,Image_1635.jpg,dancing,3
55.167,48.16,60.521,52.82,49.634,49.799,51.659,49.712,16.33,6.696,9.634,55.916,43.038,55.823,0.869,49.712,Image_12411.jpg,dancing,3
120.519,96.795,95.479,62.338,58.479,52.456,103.727,58.164,28.001,17.336,10.664,82.615,99.177,128.221,0.7687,58.164,Image_12142.jpg,dancing,3
152.684,108.073,67.543,63.973,57.579,50.383,116.776,57.168,20.944,13.496,7.449,149.729,87.296,113.461,0.8051,57.168,Image_9096.jpg,dancing,3
153.342,152.09,153.897,78.132,79.157,81.587,152.655,79.051,10.763,6.069,4.694,154.829,141.258,161.458,0.6671,79.051,Image_12442.jpg,dancing,3
119.237,120.218,118.857,43.778,48.313,45.4,119.758,45.338,14.311,8.686,5.625,121.803,117.673,119.795,0.7386,45.338,Image_5843.jpg,dancing,3
218.159,216.939,218.741,42.356,40.698,36.713,217.487,40.165,9.938,4.293,5.646,226.354,202.863,222.983,0.9286,40.165,Image_2421.jpg,dancing,3
231.074,227.325,226.026,63.028,68.29,70.043,228.275,66.669,9.238,4.71,4.527,231.078,212.266,240.88,0.895,66.669,Image_4978.jpg,dancing,3
216.847,215.63,213.906,40.815,43.72,45.389,215.775,42.74,11.158,7.074,4.085,213.513,217.239,216.538,0.8182,42.74,Image_4536.jpg,dancing,3
113.15,57.13,38.881,83.415,46.59,33.903,71.788,52.743,19.101,10.941,8.16,81.127,97.508,38.324,0.8766,52.743,Image_2781.jpg,dancing,3
74.499,62.277,56.673,71.687,54.545,51.452,65.285,55.695,29.826,14.252,15.574,71.265,69.026,56.006,0.8218,55.695,Image_11128.jpg,dancing,3
145.047,139.019,140.29,66.173,68.56,68.484,140.952,66.894,9.489,4.317,5.172,184.95,156.874,83.755,0.8036,66.894,Image_7102.jpg,dancing,3
10.696,12.887,16.805,30.374,31.412,32.936,12.678,31.106,8.507,5.589,2.918,23.177,11.261,4.008,0.9421,31.106,Image_5154.jpg,dancing,3
104.187,88.515,81.059,30.243,28.951,27.889,92.341,29.004,15.445,6.515,8.93,98.147,96.187,83.126,0.9061,29.004,Image_1090.jpg,dancing,3
175.877,171.554,196.927,76.852,71.471,35.619,175.721,67.694,18.916,9.377,9.539,206.889,158.339,162.563,0.7635,67.694,Image_11923.jpg,dancing,3
67.302,64.18,55.774,31.651,29.415,27.949,64.148,29.538,9.855,5.417,4.437,66.208,64.192,62.141,0.8606,29.538,Image_9976.jpg,dancing,3
67.446,67.178,59.983,55.614,55.097,58.807,66.431,55.541,22.929,11.654,11.275,51.774,76.996,70.337,0.8563,55.541,Image_8704.jpg,dancing,3
208.647,207.137,206.793,85.486,86.084,85.915,207.528,85.644,10.94,5.771,5.17,202.539,189.772,229.24,0.7531,85.644,Image_7624.jpg,dancing,3
50.044,41.844,27.297,56.881,34.478,33.724,42.633,38.612,17.25,9.808,7.442,48.785,48.357,31.296,0.8706,38.612,Image_3373.jpg,dancing,3
140.778,134.036,124.118,93.682,87.079,77.631,134.907,87.514,17.945,7.272,10.673,76.853,96.424,227.056,0.8506,87.514,Image_12560.jpg,dancing,3
243.14,232.682,227.375,29.688,45.716,54.937,235.18,40.813,9.151,4.393,4.757,236.212,227.392,241.628,0.912,40.813,Image_784.jpg,dancing,3
161.689,128.32,112.274,57.359,49.195,40.944,136.452,49.937,21.253,11.219,10.034,147.375,97.934,162.793,0.8181,49.937,Image_769.jpg,dancing,3
202.722,170.902,171.009,32.983,51.579,46.907,180.408,44.794,22.441,12.53,9.911,193.376,175.26,172.943,0.8972,44.794,Image_10179.jpg,dancing,3
58.42,48.553,37.234,65.21,52.881,65.293,50.207,57.356,18.66,9.784,8.876,45.606,69.141,36.526,0.91,57.356,Image_7017.jpg,dancing,3
209.03,196.405,198.098,51.836,56.335,65.295,200.352,54.638,11.527,6.577,4.95,197.654,203.891,199.549,0.8999,54.638,Image_7444.jpg,dancing,3
94.289,89.565,84.613,97.391,91.115,87.842,90.404,92.445,25.306,15.111,10.195,62.787,128.802,80.111,0.6745,92.445,Image_11327.jpg,dancing,3
174.355,147.905,116.265,50.848,55.451,53.56,152.189,51.408,26.557,16.88,9.676,170.983,147.272,138.943,0.7935,51.408,Image_6657.jpg,dancing,3
188.884,184.991,185.198,90.51,92.589,92.636,186.16,91.827,20.711,11.408,9.303,212.505,141.852,203.306,0.8101,91.827,Image_6928.jpg,dancing,3
215.384,202.386,170.892,43.249,53.342,79.871,202.66,52.388,14.291,6.833,7.458,254.505,198.798,156.859,0.9152,52.388,Image_1941.jpg,dancing,3
235.801,236.995,238.97,39.191,37.731,33.229,236.84,37.248,10.513,5.555,4.958,237.564,229.654,243.008,0.9443,37.248,Image_1529.jpg,dancing,3
69.659,55.645,100.161,51.635,37.66,59.908,64.903,41.699,18.669,10.76,7.909,93.952,63.145,38.852,0.8708,41.699,Image_1631.jpg,dancing,3
160.965,161.221,149.577,71.903,68.792,59.648,159.801,68.344,19.148,12.206,6.942,118.315,166.597,192.913,0.8011,68.344,Image_9428.jpg,dancing,3
112.514,99.525,106.18,59.53,60.239,57.129,104.156,57.322,32.142,18.427,13.715,106.343,77.782,127.245,0.7799,57.322,Image_8167.jpg,dancing,3
62.89,73.715,92.785,50.929,51.021,65.795,72.646,47.441,28.654,19.49,9.164,85.802,81.865,51.289,0.7912,47.441,Image_10083.jpg,dancing,3
200.545,185.081,174.532,69.389,84.431,87.186,188.482,79.779,13.363,7.551,5.812,205.905,177.783,182.063,0.6655,79.779,Image_3271.jpg,dancing,3
136.326,132.577,131.421,62.329,64.376,65.946,133.553,62.694,29.811,16.077,13.735,167.448,127.6,106.881,0.7857,62.694,Image_11725.jpg,dancing,3
155.484,135.704,95.161,77.347,57.242,56.264,136.981,58.296,14.705,8.808,5.897,172.638,136.591,103.317,0.8155,58.296,Image_11112.jpg,dancing,3
89.374,76.813,81.444,59.705,58.595,64.436,81.088,58.071,27.043,16.853,10.19,54.957,82.693,104.499,0.7707,58.071,Image_4389.jpg,dancing,3
141.017,95.626,75.252,64.181,60.078,60.061,106.861,58.935,23.983,15.857,8.126,109.946,126.407,85.258,0.7398,58.935,Image_11854.jpg,dancing,3
78.54,80.137,89.034,68.663,71.408,84.024,80.666,70.192,26.704,14.898,11.806,13.85,94.998,130.764,0.8434,70.192,Image_6746.jpg,dancing,3
82.166,61.144,49.28,91.44,73.645,56.612,66.069,75.316,29.029,17.837,11.191,61.913,82.113,54.72,0.7241,75.316,Image_11018.jpg,dancing,3
139.467,140.628,171.667,57.754,58.305,56.797,143.806,56.53,21.248,13.048,8.2,128.533,140.478,161.561,0.8048,56.53,Image_4028.jpg,dancing,3
138.354,74.595,81.557,77.926,54.104,59.935,94.438,58.218,30.249,15.413,14.837,75.827,107.716,99.529,0.761,58.218,Image_5424.jpg,dancing,3
86.912,65.16,41.181,64.473,48.187,37.379,68.922,50.912,26.269,15.197,11.072,43.817,75.965,86.162,0.8213,50.912,Image_11745.jpg,dancing,3
119.58,108.762,105.287,56.482,59.783,59.51,111.588,58.213,21.768,12.196,9.572,129.043,99.777,106.202,0.7625,58.213,Image_9676.jpg,dancing,3
144.471,107.319,98.062,51.643,61.404,65.301,117.358,57.428,21.164,9.059,12.105,103.015,110.997,137.119,0.7928,57.428,Image_11265.jpg,dancing,3
165.5,135.753,95.891,45.934,45.519,37.941,140.087,43.494,15.449,8.345,7.104,146.317,137.422,136.683,0.8491,43.494,Image_125.jpg,dancing,3
228.302,220.18,214.742,58.592,63.771,69.903,221.965,61.381,12.708,7.243,5.465,230.202,232.043,204.484,0.8173,61.381,Image_1191.jpg,dancing,3
151.08,133.021,56.155,86.744,74.331,31.578,129.643,71.339,19.94,9.804,10.136,111.223,126.973,149.774,0.7766,71.339,Image_11771.jpg,dancing,3
106.341,65.563,48.488,76.304,64.462,54.171,75.799,64.929,22.287,12.173,10.114,99.689,71.189,57.394,0.7495,64.929,Image_9200.jpg,dancing,3
130.719,125.526,167.089,72.946,73.397,89.031,131.804,73.764,28.48,20.451,8.03,144.69,117.111,133.527,0.6853,73.764,Image_5769.jpg,dancing,3
149.008,125.407,110.87,59.954,66.015,71.665,130.792,63.229,24.634,14.065,10.569,135.532,130.301,126.735,0.6833,63.229,Image_9343.jpg,dancing,3
147.444,143.683,121.811,45.956,48.523,44.61,142.3,47.246,12.496,6.834,5.662,170.608,140.101,117.377,0.8134,47.246,Image_1826.jpg,dancing,3
88.043,79.96,78.565,62.718,56.811,53.498,82.209,58.001,21.053,11.421,9.632,96.964,89.707,60.968,0.8736,58.001,Image_11967.jpg,dancing,3
97.809,60.183,46.15,74.042,62.263,55.201,69.823,62.846,25.414,14.689,10.725,91.839,58.0,60.094,0.7761,62.846,Image_1620.jpg,dancing,3
159.448,158.508,161.274,79.964,77.62,76.978,159.089,77.014,33.481,17.389,16.092,143.089,120.951,210.765,0.7209,77.014,Image_6894.jpg,dancing,3
46.426,45.0,43.274,59.398,59.904,63.116,45.225,60.106,10.584,4.837,5.747,29.198,75.091,32.015,0.8385,60.106,Image_10516.jpg,dancing,3
186.881,186.881,186.881,50.493,50.493,50.493,186.862,50.488,16.435,8.495,7.94,194.431,191.321,175.382,0.8136,50.488,Image_12041.jpg,dancing,3
91.108,83.915,66.295,86.793,83.673,72.874,84.048,82.419,29.181,16.628,12.553,143.782,71.171,39.32,0.7407,82.419,Image_6781.jpg,dancing,3
104.073,103.688,91.068,64.482,58.423,54.4,102.354,58.434,26.697,17.184,9.513,133.39,59.987,113.169,0.8171,58.434,Image_8671.jpg,dancing,3
220.216,218.827,218.769,75.229,76.485,74.825,219.214,75.756,11.023,5.344,5.679,223.247,196.739,236.816,0.7866,75.756,Image_6903.jpg,dancing,3
151.379,146.363,151.83,42.546,45.144,42.886,148.471,43.658,12.597,5.202,7.395,170.39,158.112,118.346,0.9032,43.658,Image_7420.jpg,dancing,3
144.128,107.739,89.711,72.004,64.525,60.638,116.55,63.82,31.025,19.943,11.082,122.668,101.703,124.881,0.7386,63.82,Image_1679.jpg,dancing,3
53.363,43.097,45.094,45.729,39.554,39.307,46.389,39.839,25.745,14.574,11.171,59.939,34.902,44.419,0.8719,39.839,Image_194.jpg,dancing,3
75.255,38.377,31.681,62.321,53.0,45.766,48.633,53.215,22.145,12.235,9.91,72.217,55.165,19.885,0.8225,53.215,Image_2912.jpg,dancing,3
90.679,77.724,65.943,64.902,59.703,55.227,80.245,59.915,23.693,11.702,11.991,102.314,89.178,50.653,0.7597,59.915,Image_1947.jpg,dancing,3
174.168,169.456,168.966,40.664,44.144,44.274,170.792,42.509,10.366,5.874,4.492,164.247,171.578,176.288,0.888,42.509,Image_4699.jpg,dancing,3
135.311,125.067,114.196,47.635,47.949,47.531,126.877,47.634,12.971,6.884,6.087,132.113,140.211,109.152,0.8602,47.634,Image_8181.jpg,dancing,3
85.578,76.336,80.212,42.536,37.495,39.207,79.533,37.013,16.934,8.371,8.564,67.219,90.002,81.294,0.854,37.013,Image_3563.jpg,dancing,3
147.279,136.695,140.119,58.578,63.842,60.563,140.235,61.515,25.99,18.614,7.375,163.693,123.913,133.423,0.7516,61.515,Image_11298.jpg,dancing,3
245.886,246.286,244.627,32.713,28.944,30.091,245.952,29.813,4.537,2.22,2.317,245.2,241.036,251.363,0.9607,29.813,Image_5379.jpg,dancing,3
157.201,158.142,162.209,116.001,115.093,110.324,158.309,114.447,20.394,10.11,10.284,132.224,192.933,150.157,0.8618,114.447,Image_2055.jpg,dancing,3
116.437,121.285,133.929,72.413,62.703,58.697,121.265,61.992,16.774,8.256,8.518,135.56,127.71,101.468,0.81,61.992,Image_7916.jpg,dancing,3
101.501,67.083,61.728,66.539,75.155,61.889,76.753,69.002,17.564,9.688,7.877,63.635,95.007,71.852,0.6787,69.002,Image_11980.jpg,dancing,3
78.114,78.114,78.114,54.989,54.989,54.989,78.106,54.983,24.073,11.261,12.811,86.545,87.389,61.19,0.7569,54.983,Image_750.jpg,dancing,3
89.842,75.016,66.881,86.28,88.645,92.306,78.512,88.047,17.151,8.959,8.192,45.363,39.277,147.606,0.8649,88.047,Image_4651.jpg,dancing,3
160.753,87.773,124.563,65.607,69.561,51.651,113.772,64.352,23.603,13.768,9.835,97.754,152.591,92.006,0.7577,64.352,Image_5679.jpg,dancing,3
183.301,179.321,147.816,96.704,95.618,101.941,176.901,93.373,30.082,16.39,13.692,212.956,143.69,174.187,0.683,93.373,Image_10507.jpg,dancing,3
155.922,143.656,132.542,75.174,68.627,63.34,146.041,69.889,18.393,9.686,8.707,171.049,130.758,136.758,0.7188,69.889,Image_4964.jpg,dancing,3
31.785,26.805,33.666,32.278,28.948,32.351,29.073,29.178,8.559,4.605,3.955,31.017,21.054,34.873,0.9286,29.178,Image_1654.jpg,dancing,3
68.509,49.458,34.93,60.241,46.395,44.929,53.491,49.722,16.245,10.005,6.24,35.907,62.052,62.103,0.8392,49.722,Image_5905.jpg,dancing,3
189.375,178.169,167.635,97.83,93.402,91.476,180.3,94.245,13.945,7.974,5.97,213.269,179.257,149.824,0.5399,94.245,Image_7251.jpg,dancing,3
212.478,208.98,209.562,74.665,77.103,76.021,210.071,76.062,16.544,8.204,8.34,237.491,210.173,183.801,0.7675,76.062,Image_8061.jpg,dancing,3
126.178,128.785,133.335,42.276,47.467,52.837,128.511,46.164,20.944,12.061,8.883,136.356,139.772,110.275,0.8425,46.164,Image_3328.jpg,dancing,3
22.689,28.594,32.791,47.17,52.452,58.711,27.305,49.017,18.642,10.293,8.349,6.304,27.583,47.086,0.8844,49.017,Image_11075.jpg,dancing,3
55.802,52.08,55.379,58.941,59.531,62.695,53.563,58.424,23.121,10.117,13.004,26.566,73.031,60.75,0.7996,58.424,Image_5205.jpg,dancing,3
82.344,82.919,77.341,65.425,64.322,55.016,82.103,63.245,11.412,6.249,5.163,121.628,70.555,55.396,0.8507,63.245,Image_10198.jpg,dancing,3
141.566,81.095,84.08,33.621,40.848,37.65,99.502,35.764,10.641,4.665,5.976,91.951,103.336,103.049,0.8114,35.764,Image_6687.jpg,dancing,3
154.502,101.044,83.259,71.553,62.411,55.095,114.985,61.233,20.653,10.747,9.907,132.712,94.56,117.56,0.7681,61.233,Image_5715.jpg,dancing,3
96.333,79.436,126.672,61.269,62.961,73.55,89.863,58.0,26.118,16.521,9.597,92.422,86.329,90.794,0.8109,58.0,Image_3396.jpg,dancing,3
217.888,216.496,215.596,79.587,80.609,81.242,216.788,80.296,10.521,4.887,5.634,229.42,196.808,223.803,0.8081,80.296,Image_3889.jpg,dancing,3
158.117,27.995,32.102,43.266,33.311,40.773,67.354,28.342,13.397,7.023,6.374,67.103,61.504,73.177,0.9137,28.342,Image_11423.jpg,dancing,3
96.556,83.922,68.115,57.091,41.511,30.43,85.888,44.214,14.973,7.477,7.496,71.51,69.423,115.328,0.9147,44.214,Image_132.jpg,dancing,3
44.183,26.477,78.402,45.939,36.293,27.886,37.686,37.318,15.159,8.778,6.381,17.809,43.499,51.111,0.9254,37.318,Image_11884.jpg,dancing,3
234.176,228.929,230.684,37.159,44.692,42.82,230.674,41.904,8.534,3.81,4.724,240.08,219.662,232.207,0.8936,41.904,Image_4683.jpg,dancing,3
131.875,94.67,64.758,70.529,60.302,46.504,102.371,58.85,19.279,9.691,9.588,124.66,74.604,107.599,0.7283,58.85,Image_1865.jpg,dancing,3
53.697,47.348,41.095,65.063,57.749,52.843,48.528,58.764,20.73,9.675,11.056,75.076,36.898,34.288,0.8467,58.764,Image_5404.jpg,dancing,3
150.489,143.977,145.676,60.545,61.421,62.498,146.103,59.881,30.773,16.494,14.279,145.316,154.824,138.529,0.7758,59.881,Image_5472.jpg,dancing,3
130.094,102.898,173.32,47.76,48.111,50.948,119.045,43.863,20.055,9.584,10.471,121.859,123.259,112.336,0.8539,43.863,Image_6757.jpg,dancing,3
167.019,160.259,161.383,81.008,79.809,79.796,162.392,79.803,14.142,7.747,6.395,194.851,141.029,151.8,0.929,79.803,Image_6544.jpg,dancing,3
90.247,64.133,39.337,37.597,28.028,21.906,69.105,29.643,9.667,3.947,5.72,69.47,50.197,86.805,0.9276,29.643,Image_30.jpg,dancing,3
126.415,99.012,59.266,62.143,50.867,44.714,102.662,51.121,21.642,12.903,8.739,89.308,103.718,114.401,0.799,51.121,Image_2981.jpg,dancing,3
175.538,142.613,128.037,51.327,51.066,54.066,150.778,48.76,22.594,9.454,13.141,143.247,162.61,146.673,0.8231,48.76,Image_9447.jpg,dancing,3
118.492,90.25,131.382,65.9,58.191,57.799,103.372,54.78,45.074,25.699,19.375,88.348,86.329,133.98,0.8152,54.78,Image_6581.jpg,dancing,3
126.544,101.226,59.897,58.706,48.583,36.186,104.072,49.179,20.767,11.748,9.019,124.699,68.632,118.211,0.823,49.179,Image_10355.jpg,dancing,3
114.5,98.979,102.76,62.188,61.792,60.163,104.04,60.725,18.137,10.731,7.406,106.108,102.031,103.983,0.7677,60.725,Image_3475.jpg,dancing,3
222.814,205.039,195.14,27.676,41.188,48.181,209.203,37.446,16.728,8.666,8.062,221.765,211.122,195.38,0.8875,37.446,Image_10411.jpg,drinking,4
142.729,145.341,138.553,88.599,87.325,90.888,143.772,86.889,30.996,12.94,18.056,229.825,128.186,76.509,0.8324,86.889,Image_12292.jpg,drinking,4
173.511,157.556,134.334,65.271,64.791,90.896,159.662,64.147,16.527,8.959,7.568,108.68,169.208,199.213,0.7917,64.147,Image_382.jpg,drinking,4
97.547,92.69,90.009,74.343,68.635,57.582,93.827,67.739,17.153,9.175,7.978,97.09,118.34,67.313,0.6453,67.739,Image_8974.jpg,drinking,4
179.536,155.583,146.761,54.049,55.22,57.955,161.721,54.221,14.617,7.458,7.16,147.22,174.893,162.991,0.8368,54.221,Image_1421.jpg,drinking,4
101.038,83.446,76.609,70.708,73.763,73.358,87.917,72.326,10.627,6.043,4.583,139.042,85.889,41.051,0.7255,72.326,Image_3719.jpg,drinking,4
229.998,219.675,218.171,34.09,46.678,47.746,222.567,42.58,11.486,5.852,5.634,238.681,221.46,208.243,0.8192,42.58,Image_8439.jpg,drinking,4
56.085,52.883,41.265,60.372,50.189,49.429,52.511,52.494,9.48,4.982,4.498,29.65,74.195,53.634,0.8188,52.494,Image_5249.jpg,drinking,4
27.653,68.868,32.221,50.444,66.978,43.459,52.364,55.783,14.386,8.944,5.442,84.103,43.444,30.583,0.7949,55.783,Image_6987.jpg,drinking,4
126.44,102.768,88.658,75.323,65.819,63.717,108.225,67.628,26.826,16.929,9.897,88.359,108.309,127.107,0.7171,67.628,Image_8161.jpg,drinking,4
178.291,165.516,160.435,52.412,58.112,58.784,168.739,55.365,16.481,9.355,7.126,193.117,168.55,145.649,0.773,55.365,Image_6764.jpg,drinking,4
136.122,97.901,60.562,56.092,59.552,56.403,105.059,53.625,16.45,9.648,6.803,125.157,109.767,81.38,0.75,53.625,Image_3845.jpg,drinking,4
215.256,208.924,204.03,66.116,70.515,74.941,210.238,69.202,12.113,7.474,4.639,196.989,227.025,206.861,0.7112,69.202,Image_3802.jpg,drinking,4
187.449,184.248,151.574,48.12,55.368,62.967,181.461,50.692,15.155,6.981,8.174,183.151,174.086,186.888,0.7758,50.692,Image_891.jpg,drinking,4
192.791,163.127,143.488,36.801,46.397,52.977,169.738,43.145,12.48,8.362,4.117,151.705,176.482,180.515,0.8007,43.145,Image_9981.jpg,drinking,4
122.584,133.859,127.09,64.131,64.628,57.476,129.704,59.739,18.475,7.603,10.872,184.65,128.792,78.126,0.828,59.739,Image_3272.jpg,drinking,4
121.412,104.024,80.552,81.867,74.286,72.156,106.535,75.977,20.635,12.694,7.941,72.329,125.318,121.257,0.6653,75.977,Image_571.jpg,drinking,4
161.112,137.196,130.967,66.6,73.128,82.573,143.62,70.631,24.835,13.894,10.941,91.426,158.272,179.456,0.7853,70.631,Image_2902.jpg,drinking,4
176.377,167.735,131.973,61.058,58.061,64.293,166.225,56.492,26.949,11.763,15.185,139.051,186.463,172.844,0.8179,56.492,Image_1233.jpg,drinking,4
113.293,104.024,107.038,41.768,42.444,37.785,107.128,40.643,13.251,8.608,4.643,96.634,105.725,118.483,0.8198,40.643,Image_7451.jpg,drinking,4
199.705,183.513,154.642,67.192,68.421,79.773,185.043,67.931,19.532,11.754,7.778,207.852,160.077,187.103,0.7143,67.931,Image_9998.jpg,drinking,4
71.651,57.332,49.796,78.126,73.797,68.929,60.747,74.113,17.623,11.259,6.364,42.578,59.914,78.886,0.7149,74.113,Image_2936.jpg,drinking,4
219.437,211.246,199.951,34.029,43.613,51.143,212.385,41.086,15.483,8.887,6.596,234.166,216.023,188.123,0.8785,41.086,Image_3162.jpg,drinking,4
222.688,216.59,214.139,45.092,53.199,55.612,218.112,50.426,14.289,5.994,8.295,250.219,192.237,212.162,0.9033,50.426,Image_3225.jpg,drinking,4
192.384,172.505,161.726,53.762,57.508,58.974,177.201,55.841,17.124,9.064,8.06,186.918,178.184,166.987,0.8427,55.841,Image_11119.jpg,drinking,4
221.766,208.142,199.158,27.129,41.938,53.897,211.17,37.928,10.172,4.999,5.173,213.828,211.569,208.251,0.8415,37.928,Image_4145.jpg,drinking,4
220.131,200.381,190.299,29.328,39.693,48.0,205.115,36.054,14.609,5.932,8.678,210.889,202.936,201.683,0.8675,36.054,Image_1757.jpg,drinking,4
205.916,188.823,185.372,55.367,63.676,70.126,193.52,60.837,26.055,15.36,10.695,194.746,200.451,185.734,0.7659,60.837,Image_4429.jpg,drinking,4
162.428,144.832,138.466,54.7,55.509,57.849,149.351,54.889,36.465,22.289,14.176,153.113,146.678,148.312,0.7783,54.889,Image_2117.jpg,drinking,4
159.711,148.728,147.517,79.242,81.901,82.222,151.858,80.037,17.563,8.854,8.71,161.354,135.278,158.621,0.6001,80.037,Image_4416.jpg,drinking,4
135.469,137.794,151.826,81.391,57.278,52.373,138.685,59.858,15.403,9.037,6.366,149.916,166.535,101.38,0.7703,59.858,Image_12569.jpg,drinking,4
187.453,193.598,184.866,55.201,55.587,59.759,190.746,54.394,19.246,11.277,7.968,216.34,185.062,171.742,0.7304,54.394,Image_874.jpg,drinking,4
120.767,132.256,162.821,59.68,68.697,84.98,132.293,66.143,11.314,6.018,5.296,135.742,144.394,117.45,0.6869,66.143,Image_9239.jpg,drinking,4
206.329,162.798,109.382,66.752,62.383,54.969,169.704,59.99,17.621,8.898,8.723,194.231,174.81,141.417,0.7536,59.99,Image_893.jpg,drinking,4
109.971,79.821,60.209,69.399,58.669,48.078,86.589,59.4,19.765,9.744,10.021,72.18,99.903,87.635,0.7571,59.4,Image_8066.jpg,drinking,4
195.534,187.757,184.229,66.311,69.394,71.884,189.66,68.171,12.596,6.411,6.185,221.477,194.674,154.504,0.8313,68.171,Image_7809.jpg,drinking,4
145.581,142.92,134.018,67.171,61.147,66.242,142.687,62.082,26.36,14.984,11.376,143.199,142.876,142.017,0.7692,62.082,Image_4929.jpg,drinking,4
61.437,58.297,60.473,40.221,35.554,34.672,59.478,36.33,16.601,8.973,7.628,49.5,63.201,65.448,0.8882,36.33,Image_4884.jpg,drinking,4
190.551,186.416,176.878,52.784,58.364,69.224,186.546,56.647,17.995,9.16,8.835,202.54,211.617,147.348,0.7986,56.647,Image_3699.jpg,drinking,4
219.306,211.631,198.101,42.836,46.304,48.287,212.361,44.29,9.954,5.003,4.951,207.657,207.749,221.255,0.8543,44.29,Image_6349.jpg,drinking,4
128.389,130.474,125.87,54.739,58.193,51.582,129.313,56.258,14.169,8.538,5.631,161.61,137.767,90.413,0.7913,56.258,Image_9665.jpg,drinking,4
53.378,54.419,46.223,44.174,42.105,39.338,53.168,42.18,10.528,6.126,4.402,31.846,58.93,68.022,0.9053,42.18,Image_9661.jpg,drinking,4
104.884,102.087,97.26,71.768,72.735,72.042,102.363,72.231,22.118,10.331,11.787,63.352,90.504,150.919,0.7653,72.231,Image_905.jpg,drinking,4
108.38,89.149,86.139,47.162,45.049,44.61,94.545,44.414,14.217,10.411,3.806,99.825,94.512,89.536,0.8544,44.414,Image_6187.jpg,drinking,4
203.944,167.777,147.537,47.954,62.229,72.589,176.263,58.028,17.302,7.859,9.442,193.113,170.579,165.605,0.6752,58.028,Image_9372.jpg,drinking,4
169.264,149.079,124.91,79.119,83.385,77.887,152.342,81.004,21.51,8.716,12.794,221.648,135.623,102.145,0.7776,81.004,Image_7147.jpg,drinking,4
195.836,160.616,140.467,50.81,76.163,61.714,168.83,54.446,16.773,8.138,8.635,181.433,167.996,157.597,0.7985,54.446,Image_286.jpg,drinking,4
200.453,177.172,157.638,56.287,62.143,73.491,181.886,59.71,20.205,10.623,9.582,177.687,210.066,158.996,0.842,59.71,Image_4658.jpg,drinking,4
175.113,170.986,161.996,66.952,74.316,70.818,171.178,70.46,22.194,9.014,13.179,206.236,152.784,155.27,0.7695,70.46,Image_9251.jpg,drinking,4
162.588,180.513,76.911,36.518,26.489,62.813,163.327,28.711,8.204,5.123,3.081,148.77,164.438,176.161,0.9117,28.711,Image_8182.jpg,drinking,4
159.649,130.045,83.083,62.486,53.819,67.365,133.527,51.948,16.892,8.782,8.11,155.129,133.441,112.989,0.8082,51.948,Image_4359.jpg,drinking,4
162.472,162.816,144.157,46.791,52.571,55.16,160.57,49.95,17.637,8.069,9.568,143.835,174.987,162.782,0.864,49.95,Image_10841.jpg,drinking,4
147.674,130.14,112.158,48.785,51.144,53.605,133.318,49.868,13.187,8.274,4.912,113.397,146.402,139.843,0.7861,49.868,Image_10434.jpg,drinking,4
203.211,186.976,178.398,47.555,53.405,50.271,190.832,49.697,15.649,9.482,6.166,193.197,193.609,185.923,0.7894,49.697,Image_8411.jpg,drinking,4
182.465,172.988,167.738,52.577,55.947,56.803,175.205,54.774,13.759,7.719,6.039,220.435,177.917,129.442,0.8321,54.774,Image_7725.jpg,drinking,4
186.468,163.12,146.872,47.567,48.319,45.796,168.23,46.278,17.017,10.066,6.951,149.382,181.873,173.199,0.9,46.278,Image_9789.jpg,drinking,4
180.794,182.437,170.94,72.142,68.284,76.034,180.617,69.566,19.577,7.696,11.881,231.783,183.422,129.098,0.8107,69.566,Image_6550.jpg,drinking,4
240.66,234.747,232.699,28.966,41.087,46.278,236.258,37.852,5.672,3.552,2.12,235.996,241.664,231.346,0.969,37.852,Image_3192.jpg,drinking,4
64.612,41.438,32.047,68.55,57.294,45.633,47.29,58.914,12.639,6.937,5.702,28.037,36.932,75.554,0.8327,58.914,Image_5469.jpg,drinking,4
192.784,169.568,153.651,27.576,38.277,44.331,174.676,35.369,11.409,5.797,5.612,187.603,178.755,158.443,0.8279,35.369,Image_8242.jpg,drinking,4
54.818,47.741,45.081,63.434,59.341,57.746,49.548,60.002,22.129,13.076,9.053,23.448,43.329,80.399,0.8519,60.002,Image_1131.jpg,drinking,4
188.238,170.483,152.735,47.445,50.641,60.084,173.75,48.046,16.971,9.039,7.932,167.158,176.745,177.183,0.8056,48.046,Image_12396.jpg,drinking,4
105.795,90.873,86.048,61.226,69.082,58.778,94.774,65.087,21.262,12.553,8.709,120.771,91.689,72.904,0.7043,65.087,Image_12153.jpg,drinking,4
118.239,119.601,141.758,67.653,44.603,52.056,121.708,38.352,12.972,6.145,6.827,111.048,125.242,128.509,0.8611,38.352,Image_8886.jpg,drinking,4
174.859,159.905,144.2,46.458,60.159,69.588,162.568,56.363,10.939,4.781,6.159,154.782,154.979,177.245,0.6929,56.363,Image_12405.jpg,drinking,4
209.06,191.07,189.532,45.086,63.515,65.723,196.253,57.147,13.798,6.682,7.116,208.655,206.1,175.015,0.7716,57.147,Image_5581.jpg,drinking,4
145.175,158.831,151.46,84.296,67.643,72.103,153.893,67.819,20.911,6.822,14.089,125.46,172.222,163.539,0.7938,67.819,Image_2096.jpg,drinking,4
103.659,84.232,67.83,71.009,63.524,60.505,88.16,62.625,19.782,13.44,6.342,114.385,103.033,48.93,0.7702,62.625,Image_4734.jpg,drinking,4
120.472,116.804,127.977,75.958,75.675,78.619,119.162,75.327,16.779,9.748,7.032,115.446,127.947,114.325,0.6157,75.327,Image_4439.jpg,drinking,4
175.2,174.523,175.043,59.113,53.341,46.029,174.767,53.486,13.487,7.494,5.993,162.156,194.495,167.975,0.818,53.486,Image_2337.jpg,drinking,4
138.314,112.787,96.91,72.545,75.143,75.311,118.596,73.0,14.294,7.655,6.638,113.872,114.481,127.032,0.7208,73.0,Image_11255.jpg,drinking,4
184.34,153.544,154.085,33.363,59.325,54.636,162.795,44.797,10.092,5.414,4.678,167.134,154.282,166.78,0.9149,44.797,Image_6957.jpg,drinking,4
221.17,209.836,163.603,26.393,36.387,42.971,207.932,32.595,13.328,7.3,6.028,210.285,202.992,210.403,0.8466,32.595,Image_4866.jpg,drinking,4
55.843,51.109,49.128,61.351,50.841,44.976,52.293,52.51,16.434,9.778,6.656,32.627,65.28,58.668,0.8234,52.51,Image_715.jpg,drinking,4
182.532,173.027,162.179,59.905,71.806,74.928,174.614,67.561,17.834,7.046,10.788,180.585,190.122,154.11,0.7975,67.561,Image_12029.jpg,drinking,4
152.391,152.729,142.675,59.971,56.138,64.464,151.467,56.67,15.5,8.48,7.02,141.758,152.284,159.954,0.7387,56.67,Image_9786.jpg,drinking,4
100.513,76.732,39.171,58.758,52.056,31.918,79.551,50.458,14.628,9.488,5.14,82.916,82.881,73.16,0.7752,50.458,Image_8537.jpg,drinking,4
224.378,220.188,211.102,38.941,43.604,53.867,220.382,42.554,9.091,4.016,5.076,223.277,220.745,217.273,0.9139,42.554,Image_7469.jpg,drinking,4
151.031,106.304,83.033,69.157,73.667,63.933,117.01,69.42,26.293,13.964,12.329,104.494,116.897,129.064,0.6688,69.42,Image_3160.jpg,drinking,4
112.074,102.973,101.384,74.38,67.133,64.725,105.502,68.531,31.802,11.043,20.759,116.569,120.15,80.956,0.7273,68.531,Image_12548.jpg,drinking,4
164.261,152.138,120.184,67.441,58.146,73.313,152.104,61.518,20.738,11.673,9.065,125.664,139.504,189.368,0.769,61.518,Image_412.jpg,drinking,4
211.328,199.882,192.333,32.582,39.894,52.747,202.423,36.945,11.689,6.754,4.935,215.849,193.408,198.212,0.8533,36.945,Image_392.jpg,drinking,4
185.068,117.859,62.08,40.383,50.049,43.336,131.577,44.505,16.772,9.57,7.201,130.535,125.098,138.757,0.8097,44.505,Image_10061.jpg,drinking,4
203.197,211.807,213.068,74.846,54.834,54.109,209.356,58.072,10.57,5.72,4.85,229.114,213.832,186.223,0.7378,58.072,Image_6895.jpg,drinking,4
189.418,191.225,198.13,70.127,69.701,67.972,191.453,68.956,15.714,9.27,6.444,205.733,195.835,173.64,0.7409,68.956,Image_7222.jpg,drinking,4
176.693,176.693,176.693,76.804,76.804,76.804,176.676,76.796,16.903,7.76,9.143,205.718,158.541,166.264,0.7861,76.796,Image_11397.jpg,drinking,4
124.023,107.041,94.195,72.598,69.354,68.238,110.642,69.775,19.947,10.103,9.844,107.706,124.676,100.049,0.7558,69.775,Image_6539.jpg,drinking,4
197.714,176.69,154.341,74.595,66.133,56.929,180.408,66.187,11.184,6.08,5.104,219.653,192.281,131.615,0.8002,66.187,Image_6848.jpg,drinking,4
201.331,204.172,188.576,57.031,55.029,69.666,201.525,56.577,21.382,12.336,9.046,224.938,175.212,204.292,0.7872,56.577,Image_1610.jpg,drinking,4
140.83,132.974,120.753,60.847,55.293,57.469,133.916,55.439,21.88,11.776,10.104,116.001,157.742,128.273,0.7598,55.439,Image_995.jpg,drinking,4
64.618,45.243,35.409,64.732,53.343,47.024,49.909,55.581,18.196,11.315,6.88,78.33,52.327,20.47,0.8074,55.581,Image_1113.jpg,drinking,4
156.485,123.963,110.4,80.799,78.902,78.458,132.126,78.024,18.916,8.609,10.306,124.206,149.854,122.762,0.7531,78.024,Image_9248.jpg,drinking,4
62.269,52.369,47.127,62.716,56.375,53.551,54.725,57.42,9.409,6.036,3.373,30.043,58.383,74.794,0.8341,57.42,Image_8067.jpg,drinking,4
223.373,219.432,222.992,47.79,50.075,50.077,220.994,49.226,6.292,4.545,1.747,207.699,229.75,225.326,0.8667,49.226,Image_9955.jpg,drinking,4
139.688,129.249,120.73,61.404,60.659,62.083,131.385,60.255,14.774,8.121,6.653,174.814,101.272,118.675,0.7558,60.255,Image_3029.jpg,drinking,4
191.723,124.229,124.665,60.117,77.496,68.316,144.44,65.992,19.127,10.195,8.932,138.49,133.1,160.946,0.7553,65.992,Image_11906.jpg,drinking,4
123.047,105.891,88.906,52.334,43.859,32.139,109.072,44.39,11.483,6.589,4.894,78.98,111.598,135.384,0.852,44.39,Image_11242.jpg,drinking,4
150.005,151.106,151.202,60.654,61.836,62.339,150.773,60.407,26.217,15.636,10.581,190.251,130.823,132.133,0.7887,60.407,Image_4261.jpg,drinking,4
161.259,161.852,179.739,76.885,71.159,73.991,163.698,70.381,15.699,7.236,8.463,139.972,177.218,173.44,0.6993,70.381,Image_11996.jpg,drinking,4
97.077,119.93,90.755,55.793,58.695,59.217,109.761,56.373,26.016,10.683,15.334,66.517,106.329,154.316,0.8491,56.373,Image_6670.jpg,drinking,4
199.057,178.52,170.714,60.31,76.014,83.498,183.751,71.694,16.266,6.329,9.938,134.181,187.908,227.098,0.7969,71.694,Image_11165.jpg,drinking,4
194.606,172.631,163.581,63.879,69.953,75.97,178.151,67.781,10.288,6.83,3.458,152.627,182.948,197.935,0.6341,67.781,Image_3926.jpg,drinking,4
193.419,181.708,176.169,83.208,87.115,93.255,184.559,86.128,13.664,8.474,5.189,209.351,204.187,142.158,0.5941,86.128,Image_5171.jpg,drinking,4
122.716,119.943,83.969,69.422,57.652,63.595,116.659,60.496,21.857,12.611,9.246,101.276,142.373,106.797,0.7496,60.496,Image_11941.jpg,drinking,4
207.287,199.064,146.568,56.017,55.881,44.366,195.518,53.343,12.807,6.257,6.55,215.917,202.39,169.486,0.8711,53.343,Image_9410.jpg,drinking,4
196.396,177.251,173.156,76.867,87.839,90.406,182.489,84.137,12.32,7.85,4.47,172.327,191.613,183.479,0.7269,84.137,Image_11331.jpg,drinking,4
101.839,97.022,89.284,64.211,70.705,71.128,97.57,68.715,9.404,6.711,2.693,101.807,93.254,97.646,0.7734,68.715,Image_54.jpg,drinking,4
163.799,160.925,160.579,76.78,75.881,74.568,161.728,75.247,32.733,17.904,14.828,200.051,152.448,134.006,0.7584,75.247,Image_776.jpg,drinking,4
156.965,150.301,145.172,65.121,67.728,73.933,151.693,66.942,20.21,11.09,9.12,210.702,142.6,104.048,0.7935,66.942,Image_11974.jpg,drinking,4
99.073,91.073,63.825,73.333,63.176,65.867,90.349,63.924,27.588,14.724,12.864,91.916,94.225,85.153,0.6769,63.924,Image_9045.jpg,drinking,4
193.058,181.586,175.025,75.067,78.877,82.621,184.249,77.977,16.304,9.493,6.811,216.824,164.385,172.115,0.6943,77.977,Image_5514.jpg,drinking,4
150.392,141.635,93.342,59.291,55.036,69.831,138.733,56.963,24.599,11.944,12.655,106.888,126.291,181.008,0.838,56.963,Image_9202.jpg,drinking,4
231.9,227.718,213.598,26.478,28.359,51.171,227.335,27.363,12.502,6.318,6.184,240.085,225.246,217.16,0.9126,27.363,Image_1429.jpg,drinking,4
174.739,157.264,130.762,54.357,55.319,51.134,159.45,51.414,18.341,10.768,7.573,129.659,179.76,168.502,0.7599,51.414,Image_12071.jpg,drinking,4
162.258,135.746,127.92,81.255,73.239,73.206,142.765,73.884,20.442,10.196,10.246,124.39,131.619,170.943,0.7605,73.884,Image_1110.jpg,drinking,4
192.107,169.889,159.59,53.8,62.859,65.746,175.339,59.717,12.199,6.604,5.595,168.367,187.871,170.031,0.6891,59.717,Image_6773.jpg,drinking,4
69.506,53.652,38.586,53.467,48.13,44.407,56.668,48.654,15.706,9.639,6.066,38.091,56.62,74.445,0.8532,48.654,Image_10335.jpg,drinking,4
113.469,89.718,92.746,67.081,64.781,58.672,97.153,64.135,21.576,8.791,12.785,73.575,100.043,116.901,0.8104,64.135,Image_12131.jpg,drinking,4
128.421,110.089,100.714,66.578,68.186,69.803,114.489,67.253,20.156,10.506,9.649,141.977,111.547,91.059,0.776,67.253,Image_6695.jpg,drinking,4
157.664,154.164,130.651,66.712,55.058,63.513,152.515,58.041,18.012,9.016,8.995,129.719,164.405,162.924,0.771,58.041,Image_8529.jpg,drinking,4
189.832,184.057,181.584,54.374,56.041,60.176,185.483,54.683,18.215,9.733,8.483,208.321,192.283,157.193,0.7404,54.683,Image_6787.jpg,drinking,4
205.289,203.369,203.422,35.599,47.088,54.107,203.929,43.894,10.837,6.14,4.697,208.919,205.221,197.931,0.9323,43.894,Image_7166.jpg,drinking,4
137.907,113.649,100.155,58.079,54.422,49.172,119.35,54.216,17.505,9.449,8.056,155.553,109.78,93.927,0.7963,54.216,Image_1222.jpg,drinking,4
134.825,77.301,42.223,57.825,43.998,37.734,90.489,46.044,26.812,15.431,11.381,90.729,96.646,84.381,0.7986,46.044,Image_139.jpg,drinking,4
132.511,124.137,117.169,64.396,59.225,58.867,125.833,59.543,10.08,4.92,5.16,154.392,134.822,89.993,0.7421,59.543,Image_2528.jpg,drinking,4
203.074,222.957,204.284,82.206,47.418,70.808,214.863,57.563,9.938,6.441,3.497,234.265,212.889,198.227,0.7412,57.563,Image_1615.jpg,drinking,4
186.538,163.817,134.638,72.245,87.287,96.53,167.266,82.997,11.337,7.123,4.214,210.033,188.892,105.799,0.7083,82.997,Image_4517.jpg,drinking,4
99.302,94.427,97.389,60.021,63.751,64.884,96.213,62.134,19.712,11.221,8.491,137.791,92.326,60.234,0.7972,62.134,Image_8074.jpg,drinking,4
141.44,134.648,134.849,48.831,54.731,56.673,136.688,52.61,16.278,8.379,7.899,133.882,131.171,144.632,0.7413,52.61,Image_3464.jpg,drinking,4
211.922,193.513,190.825,62.029,67.129,65.407,198.69,64.1,14.67,8.092,6.579,214.048,213.167,170.211,0.8682,64.1,Image_11378.jpg,drinking,4
136.986,136.986,136.986,65.279,65.279,65.279,136.972,65.273,19.846,10.549,9.296,144.298,139.413,127.65,0.7187,65.273,Image_5061.jpg,drinking,4
135.236,141.362,125.085,69.935,57.903,68.45,137.661,59.906,27.45,11.405,16.045,157.406,134.556,121.778,0.7695,59.906,Image_1720.jpg,drinking,4
174.49,165.962,161.236,76.628,88.51,95.082,167.956,85.631,13.097,7.06,6.038,197.593,146.315,160.322,0.58,85.631,Image_7734.jpg,drinking,4
152.694,149.135,96.541,64.859,60.647,73.914,144.189,61.625,29.398,17.03,12.368,122.381,150.294,159.177,0.7665,61.625,Image_12089.jpg,drinking,4
163.976,145.568,120.098,80.72,63.4,69.614,148.152,65.835,26.548,10.679,15.87,129.392,156.153,158.423,0.7817,65.835,Image_377.jpg,drinking,4
148.37,153.398,157.159,84.121,63.658,73.733,152.309,66.057,22.949,13.538,9.411,169.36,142.054,145.822,0.6789,66.057,Image_4475.jpg,drinking,4
55.122,48.343,44.478,75.083,68.316,65.471,49.924,69.587,16.784,9.172,7.613,14.905,52.344,81.04,0.7839,69.587,Image_5309.jpg,drinking,4
157.599,116.254,106.204,69.579,58.787,64.947,127.455,58.528,17.205,7.586,9.619,101.857,132.519,147.054,0.802,58.528,Image_10329.jpg,drinking,4
57.957,54.558,64.396,69.387,67.777,60.249,56.69,67.259,17.264,9.133,8.131,41.938,54.212,73.137,0.8559,67.259,Image_4706.jpg,drinking,4
38.646,50.069,60.73,44.82,40.036,32.513,47.865,39.769,18.374,12.429,5.945,45.253,50.919,47.443,0.8222,39.769,Image_1180.jpg,drinking,4
172.434,155.602,141.489,43.085,50.529,60.658,159.008,47.571,17.939,8.323,9.616,172.541,173.357,132.395,0.8907,47.571,Image_5620.jpg,drinking,4
183.611,187.318,182.766,72.104,58.598,58.947,185.672,59.721,16.778,8.363,8.414,209.987,169.616,177.79,0.7566,59.721,Image_7009.jpg,drinking,4
144.326,131.258,113.706,58.987,59.57,62.294,133.15,59.261,10.289,6.598,3.691,116.69,127.866,153.906,0.7705,59.261,Image_7999.jpg,drinking,4
189.97,173.608,161.106,66.096,71.035,72.813,177.056,69.275,17.704,9.739,7.965,172.625,168.419,189.531,0.7575,69.275,Image_3093.jpg,drinking,4
143.467,130.829,115.994,48.424,55.91,54.929,132.902,53.095,24.717,15.351,9.366,152.574,138.062,109.2,0.8251,53.095,Image_11213.jpg,drinking,4
155.006,181.578,210.102,57.013,43.502,52.92,176.869,43.193,12.214,6.462,5.752,159.064,169.464,200.934,0.877,43.193,Image_4924.jpg,drinking,4
118.287,112.241,106.767,91.165,91.266,92.171,113.413,90.858,29.839,15.931,13.908,143.269,78.738,118.012,0.6924,90.858,Image_10107.jpg,drinking,4
155.921,154.116,174.458,63.165,64.809,78.213,156.959,63.456,15.913,7.477,8.436,169.501,141.75,159.505,0.8034,63.456,Image_6588.jpg,drinking,4
208.457,177.136,170.253,46.292,63.535,68.637,185.695,58.247,9.643,5.467,4.175,192.686,186.317,178.43,0.6851,58.247,Image_5409.jpg,drinking,4
154.068,129.06,114.815,75.249,73.868,74.344,134.898,72.769,24.915,9.697,15.218,203.71,112.01,91.061,0.7857,72.769,Image_3190.jpg,drinking,4
177.33,181.274,194.501,60.306,64.099,65.264,181.585,62.592,11.11,5.971,5.139,209.408,194.769,142.441,0.8448,62.592,Image_3783.jpg,drinking,4
127.405,129.418,144.329,66.399,69.385,70.719,130.503,68.113,21.156,12.725,8.432,165.49,134.169,93.607,0.7138,68.113,Image_11509.jpg,drinking,4
43.627,46.664,54.632,58.77,52.934,52.986,46.66,54.191,11.103,6.83,4.273,48.191,42.937,48.752,0.788,54.191,Image_76.jpg,drinking,4
113.198,111.481,79.165,68.231,62.592,73.708,108.299,64.25,18.121,9.275,8.847,98.365,98.321,127.306,0.7326,64.25,Image_12009.jpg,drinking,4
182.448,153.052,141.525,54.552,72.81,71.912,160.509,65.902,16.422,10.258,6.164,166.952,175.694,139.864,0.6857,65.902,Image_4508.jpg,drinking,4
131.021,138.963,137.774,69.409,62.907,63.437,136.44,63.301,24.164,12.022,12.142,146.688,121.389,141.024,0.7741,63.301,Image_1472.jpg,drinking,4
180.053,168.507,109.784,51.152,47.753,71.138,165.247,47.956,27.077,16.139,10.938,150.563,168.179,176.466,0.8234,47.956,Image_5098.jpg,drinking,4
104.469,104.469,104.469,72.476,72.476,72.476,104.459,72.469,27.161,12.169,14.992,78.198,115.089,119.38,0.773,72.469,Image_5234.jpg,drinking,4
96.138,98.055,79.663,48.281,51.485,51.581,95.375,48.768,19.672,10.464,9.208,77.86,103.876,103.98,0.7932,48.768,Image_6675.jpg,drinking,4
220.537,201.642,190.587,43.259,57.976,71.754,206.009,53.943,12.878,7.63,5.249,197.477,210.056,210.291,0.7424,53.943,Image_6408.jpg,drinking,4
169.076,154.684,144.653,72.991,72.324,72.546,157.827,72.214,9.796,6.226,3.57,154.84,166.52,152.38,0.5962,72.214,Image_16.jpg,drinking,4
171.023,170.926,159.523,62.749,60.601,63.292,169.638,59.889,15.855,7.02,8.835,177.511,160.407,170.934,0.757,59.889,Image_2580.jpg,drinking,4
119.439,117.67,101.548,77.888,72.249,62.089,116.349,70.749,25.591,15.98,9.611,127.304,114.369,107.782,0.6822,70.749,Image_9272.jpg,drinking,4
214.359,210.137,205.214,29.338,33.825,39.671,210.817,32.536,9.634,4.999,4.636,223.036,210.815,199.154,0.9251,32.536,Image_6430.jpg,drinking,4
198.952,191.404,182.139,51.217,55.481,65.883,192.585,54.455,11.877,5.65,6.226,223.971,213.885,142.294,0.8876,54.455,Image_10255.jpg,drinking,4
222.03,198.879,175.485,35.591,49.152,67.35,203.112,45.565,11.86,7.172,4.688,206.835,214.227,188.948,0.8853,45.565,Image_3334.jpg,drinking,4
122.072,108.696,91.408,67.855,70.275,67.659,110.712,67.656,29.856,16.362,13.494,114.381,81.231,135.352,0.7225,67.656,Image_10601.jpg,eating,5
149.709,136.303,122.622,72.735,72.86,72.344,138.737,72.123,39.686,17.234,22.452,160.939,135.094,121.021,0.7298,72.123,Image_12367.jpg,eating,5
198.173,195.717,193.287,59.632,60.864,63.563,196.155,60.434,19.263,10.651,8.612,216.789,183.241,188.785,0.7645,60.434,Image_423.jpg,eating,5
84.862,69.244,52.653,62.526,53.496,48.936,72.014,54.253,26.894,14.121,12.773,94.985,55.859,65.509,0.8107,54.253,Image_9065.jpg,eating,5
172.801,149.938,133.122,59.527,68.52,69.768,154.84,64.643,36.897,19.41,17.487,164.733,148.958,151.011,0.7637,64.643,Image_1354.jpg,eating,5
114.897,109.951,100.053,57.546,46.806,49.076,110.29,49.22,23.286,12.529,10.756,89.867,131.131,109.891,0.7962,49.22,Image_3556.jpg,eating,5
144.545,133.931,126.545,64.895,58.834,60.114,136.248,59.277,16.838,8.615,8.223,126.201,136.989,145.132,0.7451,59.277,Image_8417.jpg,eating,5
94.507,70.677,58.089,61.292,55.749,52.475,76.358,55.699,33.247,18.873,14.374,78.359,84.611,66.569,0.7643,55.699,Image_5360.jpg,eating,5
196.715,193.968,192.48,50.533,55.62,59.189,194.6,54.184,13.834,7.875,5.959,184.947,201.886,196.86,0.7695,54.184,Image_7030.jpg,eating,5
135.035,115.269,101.536,69.796,66.481,66.98,119.6,66.148,23.38,12.412,10.968,166.305,96.973,96.616,0.8042,66.148,Image_8203.jpg,eating,5
162.05,145.749,126.611,61.773,65.212,66.576,148.425,63.023,29.036,17.747,11.289,136.588,153.624,154.761,0.7769,63.023,Image_6842.jpg,eating,5
149.642,138.692,118.26,50.208,51.588,54.899,139.622,50.195,28.025,18.357,9.668,131.254,133.401,153.547,0.7871,50.195,Image_3735.jpg,eating,5
153.405,126.69,110.877,70.629,64.238,67.838,132.859,64.796,23.805,13.264,10.541,144.781,128.0,126.119,0.7254,64.796,Image_3661.jpg,eating,5
149.286,121.002,106.422,69.969,69.579,68.702,127.782,67.512,32.684,17.524,15.16,165.322,110.387,108.552,0.7048,67.512,Image_985.jpg,eating,5
171.242,166.151,168.172,55.294,58.456,55.368,167.887,55.879,23.219,10.605,12.615,179.865,176.887,147.861,0.8183,55.879,Image_10247.jpg,eating,5
180.069,164.579,160.863,76.351,84.781,86.543,168.769,81.351,23.953,13.692,10.26,212.353,166.073,129.739,0.6296,81.351,Image_3087.jpg,eating,5
146.728,133.035,129.578,64.316,69.291,71.851,136.72,67.449,25.35,14.178,11.172,151.111,131.155,128.296,0.7531,67.449,Image_536.jpg,eating,5
147.531,133.734,108.797,71.38,66.308,74.794,135.002,67.735,23.551,13.377,10.174,106.705,139.98,157.261,0.6611,67.735,Image_2769.jpg,eating,5
125.242,106.385,88.648,65.761,65.222,61.084,109.989,64.096,26.376,15.146,11.23,129.159,72.687,127.296,0.731,64.096,Image_1281.jpg,eating,5
189.151,177.219,172.644,52.692,53.868,57.495,180.246,52.882,17.029,6.331,10.698,164.265,181.648,194.163,0.8327,52.882,Image_7416.jpg,eating,5
130.359,110.798,101.955,55.542,59.225,59.949,115.626,57.135,27.172,17.173,10.0,113.782,112.175,120.68,0.7955,57.135,Image_10303.jpg,eating,5
210.142,188.873,167.776,40.29,56.686,73.048,192.806,52.207,18.104,10.281,7.823,192.781,195.175,190.569,0.7628,52.207,Image_2880.jpg,eating,5
181.1,150.295,117.66,53.928,60.953,76.79,155.767,58.213,21.372,13.445,7.927,128.69,159.438,178.11,0.7506,58.213,Image_3016.jpg,eating,5
158.509,154.244,148.355,63.739,60.492,61.057,154.832,60.812,25.347,15.901,9.445,182.055,139.613,143.374,0.7234,60.812,Image_3051.jpg,eating,5
58.038,55.392,47.068,69.519,64.12,61.659,55.228,64.774,15.624,8.448,7.176,75.788,44.658,45.692,0.6918,64.774,Image_11302.jpg,eating,5
161.353,133.088,128.062,69.79,70.371,73.218,140.95,65.178,29.795,16.339,13.456,143.975,132.712,145.927,0.721,65.178,Image_4084.jpg,eating,5
120.219,118.926,113.95,75.018,75.663,80.181,118.733,73.259,42.988,23.412,19.576,142.202,99.287,114.894,0.6787,73.259,Image_1785.jpg,eating,5
144.14,135.065,124.429,72.179,74.296,79.483,136.552,73.553,26.904,12.943,13.961,135.183,144.228,130.532,0.6516,73.553,Image_4358.jpg,eating,5
199.395,166.049,135.217,45.819,60.905,82.94,172.484,57.161,17.206,10.845,6.361,157.009,180.704,179.41,0.694,57.161,Image_2007.jpg,eating,5
149.958,114.286,87.412,74.037,73.117,68.21,121.873,71.005,37.632,24.513,13.12,145.382,119.406,101.788,0.6959,71.005,Image_4341.jpg,eating,5
90.071,69.772,66.258,45.674,46.95,48.913,75.432,45.476,24.531,14.07,10.461,76.57,89.422,60.99,0.8353,45.476,Image_12540.jpg,eating,5
131.132,122.649,114.048,70.8,71.334,71.661,124.192,70.674,40.802,23.525,17.276,105.689,104.934,160.236,0.7573,70.674,Image_948.jpg,eating,5
115.918,102.786,91.956,75.933,69.898,67.452,105.466,69.949,32.958,16.55,16.408,114.276,111.34,91.451,0.6768,69.949,Image_9421.jpg,eating,5
145.374,158.284,160.471,75.946,77.539,75.002,154.659,76.229,26.125,14.998,11.126,179.346,122.699,161.601,0.7407,76.229,Image_986.jpg,eating,5
165.014,145.669,136.488,68.258,67.047,64.538,150.39,65.144,36.093,17.759,18.334,152.41,130.865,167.099,0.74,65.144,Image_7957.jpg,eating,5
137.26,117.757,105.785,76.555,73.092,68.812,122.21,72.703,35.48,20.415,15.065,117.912,111.286,136.739,0.6759,72.703,Image_7713.jpg,eating,5
141.2,96.761,84.417,64.772,57.912,68.864,108.627,57.065,13.997,7.986,6.011,64.647,108.398,150.827,0.8246,57.065,Image_4959.jpg,eating,5
129.718,110.111,92.395,55.876,60.681,61.602,113.941,58.075,31.714,19.413,12.301,129.912,103.884,108.295,0.7371,58.075,Image_4830.jpg,eating,5
125.166,115.087,113.37,55.05,47.406,47.179,117.893,48.747,9.529,7.142,2.387,94.99,125.021,132.95,0.8502,48.747,Image_3498.jpg,eating,5
117.887,104.062,96.689,80.23,72.825,71.008,107.343,73.411,25.086,14.465,10.621,140.017,107.817,75.703,0.6999,73.411,Image_6277.jpg,eating,5
127.54,116.32,91.98,76.669,66.341,55.986,116.887,66.56,25.13,13.724,11.405,88.314,91.335,168.553,0.7622,66.56,Image_9933.jpg,eating,5
173.73,145.426,91.096,78.779,70.998,62.33,147.678,68.619,27.958,14.893,13.065,191.659,129.064,123.464,0.7772,68.619,Image_9931.jpg,eating,5
108.974,93.938,83.015,65.347,57.645,56.608,97.178,58.97,19.94,11.299,8.641,109.178,117.498,66.326,0.8172,58.97,Image_1011.jpg,eating,5
128.681,120.703,107.05,72.123,69.876,71.726,121.519,70.056,24.941,11.252,13.688,87.423,126.612,149.204,0.7324,70.056,Image_6116.jpg,eating,5
186.134,178.507,171.482,51.936,54.491,57.169,179.968,52.013,17.993,7.009,10.984,208.809,156.065,175.255,0.8214,52.013,Image_9621.jpg,eating,5
156.262,123.642,94.311,86.416,86.759,84.09,130.036,82.408,33.417,16.235,17.183,154.947,126.301,109.823,0.6431,82.408,Image_7226.jpg,eating,5
107.89,92.5,76.072,77.325,67.106,61.925,95.218,67.516,24.586,16.546,8.04,91.165,84.802,109.028,0.7006,67.516,Image_338.jpg,eating,5
117.892,135.226,144.984,87.943,73.841,71.387,131.144,73.025,24.876,15.603,9.273,121.203,169.741,103.79,0.7289,73.025,Image_4583.jpg,eating,5
132.588,111.11,89.456,62.669,62.525,64.46,115.05,61.618,39.562,22.82,16.742,95.26,149.799,100.772,0.7365,61.618,Image_9464.jpg,eating,5
208.514,176.94,150.194,44.298,49.126,54.865,183.311,45.782,20.852,11.331,9.521,184.285,177.259,188.159,0.8354,45.782,Image_8234.jpg,eating,5
108.305,85.977,75.152,74.129,67.687,63.263,91.408,67.1,27.482,15.516,11.966,115.303,66.381,92.489,0.7557,67.1,Image_4274.jpg,eating,5
161.69,149.51,138.943,64.031,61.494,59.282,151.931,60.418,24.188,13.011,11.177,174.476,128.341,152.93,0.7182,60.418,Image_10981.jpg,eating,5
145.916,126.179,98.462,66.161,58.187,53.051,128.906,58.9,29.202,18.218,10.984,102.873,142.702,140.585,0.768,58.9,Image_10649.jpg,eating,5
182.111,161.935,152.407,64.672,67.714,71.108,166.863,65.139,27.16,10.413,16.747,189.355,144.955,166.307,0.7855,65.139,Image_8393.jpg,eating,5
116.315,105.413,97.489,56.216,55.646,56.511,107.757,54.951,16.205,10.609,5.596,109.206,122.696,92.115,0.7817,54.951,Image_7655.jpg,eating,5
103.198,92.112,78.084,56.685,50.77,45.239,93.817,50.295,30.301,16.705,13.596,104.85,75.193,101.063,0.8162,50.295,Image_10065.jpg,eating,5
150.994,145.702,137.157,60.772,63.253,68.516,146.295,62.701,26.837,14.804,12.033,123.546,157.969,156.866,0.7756,62.701,Image_6489.jpg,eating,5
142.169,115.594,80.711,73.634,59.555,54.45,119.549,57.326,31.787,16.09,15.697,130.185,123.313,105.804,0.7714,57.326,Image_3040.jpg,eating,5
134.557,120.968,115.164,76.051,65.723,61.419,124.356,66.518,35.109,20.372,14.737,164.529,87.962,120.748,0.7423,66.518,Image_5434.jpg,eating,5
91.224,78.494,67.383,80.315,73.496,63.082,81.025,73.636,32.617,19.033,13.584,92.323,81.854,69.448,0.7588,73.636,Image_8301.jpg,eating,5
111.269,126.583,136.32,88.949,61.933,63.199,123.103,65.12,23.945,14.054,9.89,100.441,123.421,144.432,0.6602,65.12,Image_1153.jpg,eating,5
121.204,111.38,112.169,74.386,71.866,72.152,114.395,71.516,29.375,16.847,12.529,161.785,98.981,83.873,0.699,71.516,Image_12484.jpg,eating,5
109.07,81.206,56.68,73.014,61.965,51.378,86.731,62.257,36.123,19.587,16.536,91.874,79.002,89.199,0.7314,62.257,Image_12227.jpg,eating,5
128.878,98.034,89.573,62.319,54.251,61.042,106.279,54.054,26.791,17.862,8.929,103.876,94.581,119.739,0.7586,54.054,Image_8940.jpg,eating,5
138.69,128.117,105.194,73.662,74.897,66.768,128.651,71.86,29.095,15.801,13.294,138.377,111.998,135.264,0.7774,71.86,Image_12491.jpg,eating,5
131.552,118.407,104.262,71.261,65.693,66.222,120.712,65.988,37.756,20.737,17.019,150.828,100.496,111.26,0.79,65.988,Image_5534.jpg,eating,5
103.947,94.77,93.811,62.997,60.116,66.854,97.394,60.243,21.014,10.547,10.467,104.302,99.156,89.119,0.7596,60.243,Image_1974.jpg,eating,5
125.885,114.543,96.224,66.836,65.693,66.676,115.833,64.543,33.786,19.775,14.011,96.48,122.501,127.942,0.7347,64.543,Image_4663.jpg,eating,5
124.082,94.491,77.416,68.197,61.248,60.244,101.38,62.042,27.089,14.962,12.127,71.707,92.711,137.978,0.7713,62.042,Image_4379.jpg,eating,5
180.718,163.672,154.051,53.134,58.422,65.016,167.654,56.709,23.549,14.018,9.531,168.996,151.49,181.803,0.7848,56.709,Image_2273.jpg,eating,5
165.993,160.948,158.919,71.927,71.568,72.877,162.208,71.086,24.566,14.674,9.892,178.595,157.923,150.657,0.679,71.086,Image_11403.jpg,eating,5
116.93,98.844,82.896,63.769,58.039,57.261,102.422,57.71,19.79,10.239,9.551,69.35,95.338,140.754,0.7899,57.71,Image_7018.jpg,eating,5
118.002,105.037,92.809,59.574,63.265,69.58,107.508,61.66,29.609,15.37,14.24,100.06,110.605,111.661,0.7063,61.66,Image_4781.jpg,eating,5
190.481,187.26,197.344,45.99,48.215,47.449,189.354,46.874,15.757,8.568,7.189,215.096,188.171,165.91,0.8341,46.874,Image_727.jpg,eating,5
146.974,128.356,120.011,55.756,62.465,64.962,132.957,59.92,34.92,21.471,13.449,142.076,118.918,137.652,0.7194,59.92,Image_12007.jpg,eating,5
146.461,131.027,127.846,68.696,74.406,72.396,135.264,70.122,26.044,14.087,11.957,134.679,137.707,133.491,0.6537,70.122,Image_10056.jpg,eating,5
136.748,128.004,117.816,62.217,60.953,59.29,129.443,60.689,26.082,15.038,11.044,165.101,110.861,113.143,0.7593,60.689,Image_8672.jpg,eating,5
103.332,89.339,76.813,60.292,54.264,53.045,92.084,55.165,23.233,13.959,9.274,60.195,112.949,102.608,0.7885,55.165,Image_7422.jpg,eating,5
153.023,132.152,122.589,48.806,50.139,50.416,137.287,48.609,18.46,10.037,8.423,147.144,140.494,124.816,0.7837,48.609,Image_3010.jpg,eating,5
180.845,156.442,137.539,53.437,57.117,62.335,161.565,54.687,26.109,15.759,10.35,164.403,160.933,159.46,0.7568,54.687,Image_12532.jpg,eating,5
130.021,119.718,105.777,71.115,62.54,57.65,121.196,62.396,28.254,17.15,11.104,143.794,109.156,111.119,0.7127,62.396,Image_461.jpg,eating,5
185.087,178.611,178.714,47.974,55.695,60.667,180.54,53.041,26.895,14.586,12.309,205.461,158.846,177.461,0.8337,53.041,Image_437.jpg,eating,5
128.982,106.422,101.539,91.396,89.926,88.368,112.598,88.375,42.05,23.72,18.33,132.309,72.015,132.521,0.7056,88.375,Image_10345.jpg,eating,5
110.05,81.462,67.546,69.804,56.46,55.736,88.412,58.147,24.299,13.932,10.367,67.77,112.458,85.163,0.7782,58.147,Image_6967.jpg,eating,5
123.276,108.119,86.386,79.556,74.65,69.818,110.161,74.631,32.721,19.974,12.747,69.255,102.798,156.236,0.723,74.631,Image_7307.jpg,eating,5
149.333,138.321,126.245,61.734,68.637,72.838,140.222,65.776,29.849,18.641,11.208,167.552,150.689,104.143,0.7027,65.776,Image_11469.jpg,eating,5
122.792,127.943,115.553,69.449,72.134,70.924,124.978,70.405,25.379,14.509,10.87,81.437,105.753,184.891,0.7973,70.405,Image_6424.jpg,eating,5
161.071,142.336,125.299,54.018,60.491,58.007,145.979,54.979,30.081,15.608,14.473,140.612,150.04,147.226,0.7655,54.979,Image_6918.jpg,eating,5
168.078,163.946,160.496,43.753,47.572,56.099,164.771,46.009,20.196,10.782,9.413,154.561,167.351,172.055,0.8546,46.009,Image_1627.jpg,eating,5
146.129,141.497,139.632,83.612,82.467,83.559,142.655,82.647,22.227,14.692,7.536,187.78,141.505,100.677,0.6735,82.647,Image_1099.jpg,eating,5
126.257,109.177,98.94,62.153,62.147,62.234,113.104,61.275,34.537,19.484,15.053,131.331,102.81,105.531,0.7505,61.275,Image_1152.jpg,eating,5
166.004,153.905,139.818,58.828,66.955,76.32,155.9,65.142,17.872,10.237,7.635,175.913,156.215,136.496,0.7291,65.142,Image_9461.jpg,eating,5
152.041,139.251,118.193,64.554,65.877,70.367,140.659,64.955,42.974,17.429,25.545,135.923,142.238,143.673,0.713,64.955,Image_7967.jpg,eating,5
101.263,78.559,63.907,71.154,64.959,64.465,83.667,65.75,23.785,12.682,11.103,93.527,44.151,111.975,0.8221,65.75,Image_10209.jpg,eating,5
136.086,128.31,118.295,74.586,75.729,76.299,129.48,74.306,33.824,18.339,15.485,186.391,95.897,107.213,0.7595,74.306,Image_2911.jpg,eating,5
124.09,108.794,107.158,69.213,72.809,78.563,113.169,70.474,37.387,20.8,16.586,132.104,106.278,101.672,0.6761,70.474,Image_11856.jpg,eating,5
173.744,171.586,167.545,66.694,70.104,71.137,171.753,68.611,27.969,14.736,13.233,216.892,142.585,156.51,0.76,68.611,Image_11392.jpg,eating,5
74.801,63.842,64.304,70.821,61.31,59.631,67.164,63.345,26.617,15.165,11.452,52.807,76.251,72.193,0.8439,63.345,Image_4207.jpg,eating,5
218.368,210.056,204.608,27.941,37.957,44.742,211.898,35.027,11.593,5.885,5.707,221.112,208.203,206.631,0.8761,35.027,Image_11971.jpg,eating,5
118.321,96.494,70.524,64.661,56.806,56.245,100.048,53.302,32.299,20.76,11.538,106.863,96.28,97.141,0.7766,53.302,Image_6685.jpg,eating,5
136.71,127.167,124.851,80.604,75.094,72.59,129.743,74.65,34.443,19.333,15.111,127.996,119.949,140.759,0.6261,74.65,Image_11328.jpg,eating,5
130.029,116.345,111.149,68.407,72.5,74.955,119.831,70.726,38.825,22.64,16.184,137.825,108.965,113.027,0.642,70.726,Image_3840.jpg,eating,5
162.728,155.778,146.894,65.435,64.886,67.491,156.827,65.063,21.784,14.233,7.551,182.171,137.131,151.435,0.8248,65.063,Image_5176.jpg,eating,5
55.062,49.223,39.26,53.863,47.607,42.458,49.828,48.009,22.815,13.314,9.501,64.356,44.835,40.725,0.8188,48.009,Image_11908.jpg,eating,5
139.337,126.145,120.898,59.599,64.237,67.844,129.477,61.464,29.129,15.794,13.336,171.465,99.43,118.08,0.7774,61.464,Image_9745.jpg,eating,5
155.367,142.925,126.398,80.081,78.839,81.891,144.745,78.317,28.334,16.388,11.946,108.735,156.822,167.591,0.6858,78.317,Image_11440.jpg,eating,5
173.18,159.377,155.647,54.479,61.238,64.681,163.061,57.999,32.011,20.146,11.866,179.387,143.678,165.98,0.7134,57.999,Image_128.jpg,eating,5
160.7,118.79,78.663,77.387,72.838,57.022,126.731,68.865,24.686,10.167,14.519,118.33,135.323,126.547,0.6232,68.865,Image_833.jpg,eating,5
110.596,106.568,101.39,66.852,69.181,76.129,107.171,66.735,25.11,14.912,10.198,71.031,115.452,133.763,0.7438,66.735,Image_11928.jpg,eating,5
79.9,63.425,47.733,68.441,58.604,47.412,66.554,59.405,34.11,21.256,12.853,62.081,73.707,63.997,0.7732,59.405,Image_9103.jpg,eating,5
134.083,122.022,116.444,69.35,70.484,74.121,124.979,69.804,26.44,15.072,11.368,110.04,132.962,131.619,0.6773,69.804,Image_5464.jpg,eating,5
203.57,199.087,198.747,41.473,47.215,56.566,200.369,45.452,14.475,7.855,6.619,221.883,209.048,171.547,0.8539,45.452,Image_9327.jpg,eating,5
171.87,150.287,125.634,55.918,49.919,48.993,153.913,50.39,22.393,13.141,9.251,168.452,138.127,155.102,0.7849,50.39,Image_1399.jpg,eating,5
142.782,132.241,125.291,57.123,60.312,61.368,134.586,58.898,27.962,14.865,13.097,160.828,99.837,142.708,0.7737,58.898,Image_12050.jpg,eating,5
142.213,114.604,100.511,62.744,55.457,54.568,121.238,55.924,35.372,22.73,12.642,107.512,128.805,127.118,0.7668,55.924,Image_1150.jpg,eating,5
104.158,92.699,90.473,72.512,67.298,60.675,95.861,67.636,20.752,13.206,7.546,120.404,112.122,56.914,0.6885,67.636,Image_6853.jpg,eating,5
133.464,126.317,119.296,64.777,62.634,63.524,127.64,62.912,21.217,12.12,9.098,124.565,137.071,121.573,0.6824,62.912,Image_10587.jpg,eating,5
93.412,100.207,109.5,72.137,68.786,67.065,99.226,68.09,25.782,14.653,11.129,101.695,103.64,92.655,0.7186,68.09,Image_12140.jpg,eating,5
119.799,117.109,117.39,85.792,73.117,68.96,117.933,73.26,27.843,19.466,8.377,101.524,109.158,141.973,0.6647,73.26,Image_6717.jpg,eating,5
87.735,70.258,65.532,66.391,57.745,52.049,74.936,58.896,19.637,10.581,9.056,42.842,89.539,91.632,0.6988,58.896,Image_8580.jpg,eating,5
156.041,142.845,138.945,60.908,65.256,68.243,146.33,63.618,27.005,15.195,11.81,159.209,137.807,142.172,0.738,63.618,Image_6885.jpg,eating,5
152.46,137.313,125.061,46.804,51.66,59.883,140.43,48.244,19.568,13.008,6.56,145.791,142.831,133.021,0.7791,48.244,Image_7248.jpg,eating,5
129.345,127.091,127.162,63.267,63.69,65.551,127.76,62.805,26.641,13.792,12.849,162.175,123.602,98.879,0.8014,62.805,Image_1272.jpg,eating,5
93.571,78.229,67.118,58.867,52.687,48.962,81.54,52.683,32.008,16.253,15.756,92.33,72.665,79.713,0.7814,52.683,Image_196.jpg,eating,5
185.614,168.148,147.213,68.188,66.348,68.786,170.965,65.719,24.812,13.732,11.08,201.905,163.114,148.926,0.7746,65.719,Image_2476.jpg,eating,5
205.099,205.175,209.89,51.906,49.66,44.136,205.67,48.891,18.746,9.83,8.916,223.22,202.961,191.502,0.8093,48.891,Image_1673.jpg,eating,5
142.837,124.955,111.206,62.478,63.714,65.308,128.72,62.677,29.513,19.527,9.986,107.869,122.807,154.266,0.751,62.677,Image_4413.jpg,eating,5
189.969,170.832,159.02,45.696,55.19,62.56,175.189,51.054,23.379,12.204,11.175,198.389,152.209,174.978,0.8171,51.054,Image_7970.jpg,eating,5
87.925,77.437,74.361,69.809,60.339,60.184,80.214,61.178,26.02,15.015,11.005,66.332,73.095,100.26,0.765,61.178,Image_3265.jpg,eating,5
132.057,125.56,114.611,61.819,61.107,59.101,126.241,60.614,30.148,17.768,12.38,116.089,121.398,140.555,0.7295,60.614,Image_11457.jpg,eating,5
186.128,164.999,155.064,58.754,67.807,66.908,170.165,63.816,24.562,13.813,10.749,194.424,152.166,164.19,0.7573,63.816,Image_5080.jpg,eating,5
114.557,62.832,44.522,58.209,51.954,46.128,76.199,49.683,25.4,13.429,11.97,75.707,58.463,93.597,0.8094,49.683,Image_1762.jpg,eating,5
128.427,89.462,72.042,71.28,62.928,54.728,99.114,62.556,35.793,22.748,13.045,83.795,103.679,109.379,0.7429,62.556,Image_7676.jpg,eating,5
112.495,107.809,108.068,66.365,65.682,66.478,109.228,64.323,28.013,16.033,11.98,162.232,93.9,73.266,0.7832,64.323,Image_12078.jpg,eating,5
121.325,96.76,77.612,60.732,52.477,43.133,101.91,52.331,34.219,18.113,16.106,96.92,116.987,92.281,0.802,52.331,Image_402.jpg,eating,5
152.957,142.877,128.656,78.489,76.99,78.977,144.254,75.045,32.935,17.834,15.101,168.793,162.617,103.303,0.6639,75.045,Image_4387.jpg,eating,5
179.513,177.152,173.671,58.648,63.791,69.858,177.443,62.537,17.73,10.062,7.668,214.786,164.863,153.807,0.7954,62.537,Image_5381.jpg,eating,5
133.414,130.496,125.115,59.719,57.475,61.883,130.742,56.645,32.028,16.236,15.792,118.545,137.219,136.202,0.7641,56.645,Image_10579.jpg,eating,5
126.728,101.211,91.342,79.773,70.757,68.093,107.703,71.979,30.367,18.153,12.214,110.367,119.384,94.01,0.6659,71.979,Image_4635.jpg,eating,5
93.463,79.487,68.072,70.061,58.877,49.649,82.355,60.484,20.534,9.971,10.563,118.625,45.594,82.824,0.8313,60.484,Image_1197.jpg,eating,5
117.094,93.4,70.537,69.246,59.206,57.63,97.866,59.99,22.113,13.268,8.845,96.402,104.819,92.627,0.7152,59.99,Image_5626.jpg,eating,5
125.282,102.88,96.431,73.986,71.907,75.35,108.831,71.692,16.813,9.257,7.556,106.428,141.757,79.694,0.7387,71.692,Image_7065.jpg,eating,5
132.165,123.441,121.586,64.713,60.439,61.379,125.825,61.264,17.374,9.741,7.633,118.877,135.603,123.124,0.8046,61.264,Image_7939.jpg,eating,5
173.984,128.192,107.48,59.38,55.209,54.55,139.505,53.957,28.915,19.033,9.882,148.297,130.504,139.705,0.7899,53.957,Image_2980.jpg,eating,5
189.982,175.779,169.448,60.74,65.321,68.402,179.285,63.237,23.841,13.952,9.889,182.311,158.951,195.805,0.792,63.237,Image_11365.jpg,eating,5
143.771,105.724,94.86,70.863,67.389,68.314,115.847,66.542,36.541,20.397,16.144,95.643,107.73,142.881,0.7182,66.542,Image_4958.jpg,eating,5
120.874,118.315,110.051,79.222,75.609,75.898,118.126,74.127,36.406,19.621,16.785,150.219,116.403,89.136,0.6603,74.127,Image_10369.jpg,eating,5
157.012,147.563,140.43,68.786,72.197,78.04,149.559,70.091,26.155,14.596,11.559,153.714,133.706,160.726,0.708,70.091,Image_6533.jpg,eating,5
124.109,126.311,134.436,74.605,70.938,67.637,126.567,70.391,23.798,14.311,9.487,170.095,116.118,94.991,0.7536,70.391,Image_5425.jpg,eating,5
143.733,143.107,141.018,69.069,68.526,68.465,143.042,67.93,31.424,16.271,15.153,161.662,116.252,150.84,0.7926,67.93,Image_3030.jpg,eating,5
138.927,120.595,115.656,67.587,54.219,58.196,125.499,54.749,34.586,19.566,15.02,111.425,121.64,142.617,0.7592,54.749,Image_3634.jpg,eating,5
118.781,112.114,107.912,55.814,56.578,60.302,113.617,56.072,28.381,16.723,11.658,118.342,104.77,117.551,0.7306,56.072,Image_11566.jpg,eating,5
169.302,161.233,149.324,78.121,71.307,69.919,162.271,71.172,26.953,16.721,10.231,196.194,172.737,119.9,0.6939,71.172,Image_133.jpg,eating,5
120.996,105.496,90.9,69.184,66.438,64.567,108.454,66.162,30.933,14.677,16.256,95.444,90.06,138.431,0.7191,66.162,Image_11978.jpg,eating,5
125.701,117.033,107.102,79.123,72.276,68.889,118.48,72.385,34.167,16.632,17.535,90.358,105.706,157.517,0.7408,72.385,Image_4404.jpg,eating,5
177.317,163.631,153.896,73.311,78.082,81.823,166.596,75.967,25.919,14.46,11.46,225.611,151.352,124.814,0.7953,75.967,Image_1526.jpg,eating,5
110.244,96.094,90.524,74.751,68.541,66.082,99.679,68.416,20.233,11.15,9.083,91.769,131.453,76.899,0.7481,68.416,Image_5151.jpg,eating,5
117.656,105.049,94.541,78.018,73.704,73.473,107.609,73.956,24.94,14.845,10.094,78.274,107.925,135.308,0.7176,73.956,Image_5294.jpg,eating,5
132.168,121.625,117.81,63.869,62.221,63.083,124.33,61.3,34.768,20.902,13.866,124.289,94.808,152.548,0.7843,61.3,Image_6693.jpg,eating,5
150.022,135.998,114.798,58.076,54.77,59.405,137.76,53.793,22.928,13.068,9.86,138.642,139.874,134.899,0.7435,53.793,Image_6314.jpg,eating,5
153.923,104.208,65.358,64.842,54.497,44.714,114.628,54.37,30.359,16.933,13.425,98.805,98.911,144.735,0.7586,54.37,Image_71.jpg,eating,5
103.934,86.717,84.697,65.312,59.221,54.4,91.624,59.301,26.625,16.229,10.396,67.705,99.648,106.797,0.7439,59.301,Image_2562.jpg,eating,5
131.45,100.279,80.4,62.183,59.151,58.335,107.32,57.546,25.485,14.259,11.226,102.825,92.361,125.89,0.7689,57.546,Image_9496.jpg,eating,5
41.396,66.241,78.654,53.201,36.6,44.043,60.223,35.289,16.227,8.858,7.369,56.524,50.089,73.427,0.858,35.289,Image_6345.jpg,eating,5
184.027,179.254,164.187,52.858,52.339,60.265,178.945,52.783,15.481,10.703,4.778,159.571,185.368,191.307,0.7666,52.783,Image_10511.jpg,eating,5
125.302,95.001,94.638,57.468,61.178,59.778,104.007,57.417,28.004,15.396,12.608,144.9,69.48,97.93,0.7769,57.417,Image_3182.jpg,eating,5
134.43,129.702,119.637,64.151,62.049,61.299,129.954,62.085,20.728,12.469,8.26,92.292,142.983,153.469,0.7466,62.085,Image_10736.jpg,fighting,6
142.142,132.5,136.992,78.805,81.603,82.183,135.881,79.964,23.46,13.336,10.124,124.514,164.533,119.381,0.6724,79.964,Image_12384.jpg,fighting,6
80.149,76.878,52.533,35.1,34.9,32.364,75.073,33.762,11.435,3.917,7.518,55.082,79.485,89.944,0.8764,33.762,Image_484.jpg,fighting,6
118.141,103.131,94.843,86.983,78.792,72.305,106.662,80.034,14.525,9.871,4.654,113.131,102.832,104.144,0.7891,80.034,Image_9266.jpg,fighting,6
175.187,117.945,117.466,58.827,54.658,48.714,134.988,51.833,25.339,15.975,9.365,114.744,131.95,157.212,0.7563,51.833,Image_1555.jpg,fighting,6
139.344,118.067,98.718,57.997,64.061,67.766,122.209,61.78,37.757,21.616,16.141,146.466,127.896,93.625,0.7602,61.78,Image_3603.jpg,fighting,6
123.846,124.455,133.834,59.622,58.937,62.731,125.33,59.302,19.2,10.264,8.936,126.885,96.054,151.79,0.8278,59.302,Image_8572.jpg,fighting,6
117.131,114.527,112.165,70.253,67.283,62.979,115.024,67.393,31.769,19.125,12.644,127.538,122.539,95.906,0.7011,67.393,Image_5214.jpg,fighting,6
78.798,87.839,91.444,51.269,56.075,56.594,85.539,53.941,24.054,14.033,10.021,69.276,77.538,108.7,0.7772,53.941,Image_7040.jpg,fighting,6
91.02,78.125,65.436,51.155,53.979,48.228,80.525,52.068,14.178,7.569,6.608,126.624,67.544,48.912,0.8441,52.068,Image_8191.jpg,fighting,6
88.419,69.838,73.597,68.102,63.758,64.894,75.813,64.6,34.766,14.727,20.04,69.197,87.139,71.318,0.7393,64.6,Image_6718.jpg,fighting,6
78.164,87.894,71.557,57.472,54.626,54.62,83.114,53.869,36.761,19.623,17.139,66.19,91.511,91.254,0.789,53.869,Image_3696.jpg,fighting,6
63.877,64.288,62.643,78.218,78.869,79.41,63.971,78.631,13.905,9.703,4.203,85.906,53.628,52.906,0.7233,78.631,Image_3665.jpg,fighting,6
97.482,98.851,98.844,54.771,53.673,52.272,98.431,53.572,24.683,15.894,8.789,86.662,89.408,118.277,0.7773,53.572,Image_1006.jpg,fighting,6
51.609,40.86,34.041,68.168,55.723,49.708,43.292,58.091,12.319,7.718,4.601,47.008,39.162,43.687,0.8851,58.091,Image_10249.jpg,fighting,6
130.839,117.788,106.9,71.617,67.956,65.844,120.436,67.229,33.284,17.92,15.363,145.434,104.384,111.895,0.7354,67.229,Image_3107.jpg,fighting,6
98.711,74.263,66.356,58.665,52.597,51.645,80.662,52.648,28.636,15.357,13.279,78.435,65.491,97.269,0.7989,52.648,Image_621.jpg,fighting,6
113.353,99.337,90.248,78.494,76.239,73.709,102.48,76.04,16.735,9.339,7.396,175.84,90.718,43.682,0.7648,76.04,Image_2787.jpg,fighting,6
164.392,150.513,143.112,82.555,80.674,74.185,153.803,80.272,26.731,16.138,10.593,118.105,141.686,199.443,0.7395,80.272,Image_1386.jpg,fighting,6
115.359,97.24,105.307,78.248,67.834,74.82,103.566,65.44,32.716,16.8,15.916,84.304,116.786,109.332,0.7184,65.44,Image_7406.jpg,fighting,6
87.781,88.337,98.795,52.487,36.559,38.809,89.354,38.047,14.922,8.382,6.54,108.462,79.358,80.657,0.8513,38.047,Image_10286.jpg,fighting,6
22.422,15.028,13.349,50.947,38.676,33.728,17.045,41.337,11.711,6.938,4.773,15.421,27.212,8.889,0.9092,41.337,Image_2861.jpg,fighting,6
80.821,85.307,78.168,63.773,68.757,64.612,83.144,62.165,25.75,11.315,14.435,56.534,61.373,129.326,0.8594,62.165,Image_3027.jpg,fighting,6
115.622,112.79,110.333,36.332,32.405,35.422,113.345,33.626,14.007,7.728,6.279,111.72,97.242,130.266,0.874,33.626,Image_3081.jpg,fighting,6
94.562,109.956,110.122,77.909,70.838,71.356,105.363,72.065,28.0,12.639,15.361,94.723,110.349,110.76,0.7004,72.065,Image_11396.jpg,fighting,6
70.643,60.507,61.346,74.144,70.316,69.525,63.626,70.931,27.181,15.091,12.089,46.294,72.745,71.467,0.7281,70.931,Image_4056.jpg,fighting,6
87.061,67.905,64.226,44.647,40.365,43.202,73.204,41.197,16.425,9.974,6.451,85.399,79.465,55.588,0.8285,41.197,Image_1827.jpg,fighting,6
108.067,80.435,48.309,72.078,59.213,43.663,85.024,60.292,19.054,7.595,11.459,92.782,106.339,57.272,0.8694,60.292,Image_4376.jpg,fighting,6
115.597,117.407,117.101,69.805,69.161,64.227,116.819,67.374,24.839,12.141,12.698,115.444,124.889,110.43,0.7889,67.374,Image_2110.jpg,fighting,6
135.124,135.195,136.819,46.591,46.812,46.254,135.346,46.493,22.472,12.781,9.692,121.712,135.319,148.384,0.806,46.493,Image_4296.jpg,fighting,6
112.459,130.138,141.074,72.022,55.383,57.416,126.087,57.066,26.217,14.14,12.077,133.835,117.853,126.552,0.7354,57.066,Image_12559.jpg,fighting,6
196.645,189.663,186.354,56.672,54.985,52.03,191.354,54.602,12.128,4.568,7.56,203.967,181.276,188.935,0.9051,54.602,Image_976.jpg,fighting,6
61.85,54.664,57.802,57.57,51.43,50.327,57.164,52.512,37.802,20.736,17.066,66.727,52.226,52.75,0.7917,52.512,Image_9546.jpg,fighting,6
109.686,107.779,115.726,68.928,71.783,70.268,109.244,70.349,25.578,14.187,11.392,146.775,101.592,80.723,0.7322,70.349,Image_1060.jpg,fighting,6
121.292,104.409,108.755,60.83,56.696,57.741,109.94,56.122,22.006,12.06,9.946,121.919,109.977,98.471,0.7825,56.122,Image_8032.jpg,fighting,6
111.482,107.916,91.989,47.747,47.01,49.177,107.155,45.85,22.495,13.899,8.596,97.325,102.322,121.153,0.8249,45.85,Image_7803.jpg,fighting,6
108.957,98.543,95.666,54.335,52.631,52.301,101.318,51.713,27.641,16.21,11.431,119.405,102.683,82.75,0.7801,51.713,Image_5022.jpg,fighting,6
126.773,125.097,123.163,85.285,83.409,82.395,125.365,83.109,19.32,8.761,10.559,128.712,167.993,81.479,0.8824,83.109,Image_4937.jpg,fighting,6
131.744,132.103,130.086,56.463,53.344,52.788,131.753,53.394,17.171,9.62,7.551,92.956,137.158,163.626,0.8274,53.394,Image_3537.jpg,fighting,6
54.3,57.609,57.396,51.976,51.757,48.876,56.59,51.209,21.179,10.279,10.9,34.771,62.948,71.348,0.8604,51.209,Image_6274.jpg,fighting,6
119.333,119.113,119.41,45.646,45.506,43.625,119.201,45.186,19.093,9.716,9.377,128.955,112.108,116.661,0.8793,45.186,Image_9941.jpg,fighting,6
111.409,84.406,80.838,77.686,73.209,70.303,92.062,69.573,18.285,10.871,7.414,94.282,83.037,98.558,0.7241,69.573,Image_9921.jpg,fighting,6
134.448,138.297,147.536,47.85,51.537,53.944,138.186,49.947,22.802,12.554,10.248,132.661,142.303,139.529,0.8098,49.947,Image_1068.jpg,fighting,6
40.412,42.973,38.791,30.074,31.029,26.827,41.726,30.176,12.321,6.508,5.814,42.748,33.874,48.247,0.8777,30.176,Image_6053.jpg,fighting,6
91.463,80.841,75.573,59.786,56.98,52.318,83.407,56.137,20.287,12.231,8.057,134.55,63.448,53.642,0.8344,56.137,Image_9680.jpg,fighting,6
96.304,75.206,72.753,73.392,64.413,62.177,81.225,65.656,28.058,14.688,13.37,85.851,81.476,76.57,0.7778,65.656,Image_7176.jpg,fighting,6
120.5,119.489,111.671,60.127,57.573,50.098,118.888,56.626,20.88,11.509,9.371,106.318,126.571,123.554,0.754,56.626,Image_397.jpg,fighting,6
111.125,96.993,98.46,61.677,58.896,53.945,101.374,57.84,25.673,16.441,9.232,88.794,98.68,115.955,0.7123,57.84,Image_4636.jpg,fighting,6
161.354,130.395,114.213,58.812,59.454,42.746,137.791,55.626,11.391,6.506,4.884,119.228,108.862,183.124,0.8681,55.626,Image_9563.jpg,fighting,6
136.978,118.146,105.285,80.836,76.562,72.094,122.297,74.019,37.641,21.186,16.454,171.465,109.366,87.706,0.7319,74.019,Image_8260.jpg,fighting,6
109.758,106.935,103.635,81.725,83.2,82.074,107.392,82.19,25.499,14.035,11.464,138.149,108.775,76.712,0.6238,82.19,Image_4241.jpg,fighting,6
131.752,125.477,144.548,61.806,61.278,62.08,129.514,61.178,16.359,11.773,4.585,147.912,119.533,121.479,0.7134,61.178,Image_11237.jpg,fighting,6
64.706,67.415,60.324,58.812,60.274,59.323,65.79,59.368,24.713,11.422,13.291,109.579,69.043,20.887,0.8392,59.368,Image_10786.jpg,fighting,6
86.029,86.511,97.087,59.649,58.017,64.865,87.564,59.025,11.346,8.24,3.106,72.517,88.028,101.484,0.6954,59.025,Image_8554.jpg,fighting,6
147.436,138.052,149.387,36.993,36.325,38.157,142.135,36.274,15.876,7.418,8.458,169.646,133.25,124.357,0.8902,36.274,Image_7716.jpg,fighting,6
71.944,63.883,65.23,65.471,61.331,60.823,66.44,61.627,28.184,14.799,13.385,30.77,73.478,93.77,0.7938,61.627,Image_10125.jpg,fighting,6
135.351,129.203,148.858,58.412,59.241,57.697,133.269,58.486,16.777,11.644,5.133,139.539,127.389,132.896,0.7204,58.486,Image_6474.jpg,fighting,6
121.582,104.668,98.537,59.712,51.774,46.76,109.014,52.443,20.712,7.733,12.979,121.014,104.344,102.017,0.7808,52.443,Image_3035.jpg,fighting,6
74.939,68.431,72.59,81.889,73.32,75.869,70.843,74.544,15.782,10.422,5.36,86.691,71.367,55.217,0.8749,74.544,Image_5310.jpg,fighting,6
55.226,51.853,49.831,88.821,85.963,83.055,52.625,86.175,16.173,11.291,4.883,20.561,65.718,70.734,0.6684,86.175,Image_8299.jpg,fighting,6
81.077,81.71,83.979,60.781,61.19,64.497,81.771,61.358,19.456,12.05,7.406,72.807,87.349,85.004,0.771,61.358,Image_1254.jpg,fighting,6
108.413,98.61,75.707,58.728,53.692,55.244,98.919,55.134,25.495,14.33,11.166,58.263,92.521,143.836,0.8559,55.134,Image_12434.jpg,fighting,6
100.327,75.16,67.311,53.688,40.54,37.484,81.78,43.717,12.953,6.513,6.44,44.031,86.294,113.505,0.8657,43.717,Image_12288.jpg,fighting,6
163.568,157.099,153.72,67.833,69.851,70.802,158.632,68.527,35.983,16.357,19.626,122.644,173.979,178.334,0.733,68.527,Image_9075.jpg,fighting,6
103.407,59.927,46.31,48.448,29.863,29.22,71.365,29.467,15.003,6.8,8.203,75.11,76.697,62.701,0.9017,29.467,Image_12454.jpg,fighting,6
67.188,70.004,68.656,42.378,44.925,49.773,69.002,43.144,23.837,12.692,11.145,74.241,66.769,66.131,0.7762,43.144,Image_5384.jpg,fighting,6
94.262,82.33,81.343,63.541,65.945,60.638,85.776,63.846,16.367,8.075,8.293,94.036,67.559,95.28,0.7584,63.846,Image_2084.jpg,fighting,6
110.319,110.371,99.993,60.543,57.074,55.196,109.161,57.744,21.564,13.538,8.026,106.677,105.793,114.748,0.7331,57.744,Image_4695.jpg,fighting,6
118.757,113.209,123.755,56.462,55.747,59.955,116.058,55.882,15.312,8.065,7.247,138.407,135.496,76.171,0.8103,55.882,Image_4409.jpg,fighting,6
114.225,93.003,94.625,78.295,64.508,71.325,99.522,63.431,35.387,20.967,14.42,73.284,105.45,118.909,0.7758,63.431,Image_2302.jpg,fighting,6
130.802,131.437,126.67,47.566,43.471,50.775,130.691,45.15,17.108,9.06,8.048,137.221,102.793,151.087,0.8062,45.15,Image_11554.jpg,fighting,6
79.014,71.75,76.488,71.434,68.06,71.634,74.454,67.857,29.963,15.026,14.937,63.773,102.232,58.135,0.8058,67.857,Image_6929.jpg,fighting,6
109.02,101.705,96.171,84.371,81.069,73.218,103.251,80.871,20.743,9.337,11.406,88.549,123.84,97.63,0.7645,80.871,Image_4885.jpg,fighting,6
97.186,81.153,89.633,37.038,29.193,31.598,86.904,30.254,18.104,9.845,8.26,86.165,82.926,91.406,0.8693,30.254,Image_732.jpg,fighting,6
123.785,109.371,102.189,58.491,47.064,47.565,112.849,49.001,24.084,13.855,10.229,105.042,128.496,105.367,0.834,49.001,Image_12173.jpg,fighting,6
165.309,161.414,152.655,60.137,62.747,62.61,161.563,61.764,20.091,12.593,7.497,158.166,150.91,174.976,0.7795,61.764,Image_10035.jpg,fighting,6
127.038,143.978,114.847,69.033,66.081,90.074,135.579,69.187,10.152,5.392,4.76,220.851,106.253,82.177,0.9063,69.187,Image_8811.jpg,fighting,6
121.447,116.281,107.606,44.44,37.946,41.562,116.824,38.456,11.891,6.859,5.032,116.22,105.697,128.022,0.8224,38.456,Image_7410.jpg,fighting,6
122.454,119.015,120.161,36.102,33.477,37.617,120.162,34.453,14.967,7.421,7.547,133.158,97.305,129.575,0.8725,34.453,Image_3009.jpg,fighting,6
141.569,121.806,106.775,65.806,59.78,52.913,125.988,60.153,25.795,14.198,11.597,130.258,138.776,109.705,0.7423,60.153,Image_12555.jpg,fighting,6
81.188,74.98,72.755,51.418,46.196,43.961,76.574,46.498,24.525,13.96,10.565,63.389,101.129,65.722,0.8375,46.498,Image_522.jpg,fighting,6
104.545,104.246,90.841,74.732,75.649,66.144,102.797,73.733,16.307,9.581,6.726,77.767,108.924,120.841,0.8737,73.733,Image_501.jpg,fighting,6
119.284,111.895,116.079,86.874,89.042,86.8,114.569,87.54,18.698,10.447,8.251,206.316,81.9,58.177,0.781,87.54,Image_10322.jpg,fighting,6
102.334,102.746,98.191,84.115,86.69,89.38,102.094,86.074,25.265,10.209,15.055,83.411,89.645,131.81,0.5746,86.074,Image_6846.jpg,fighting,6
40.229,37.336,36.566,74.988,71.649,70.419,38.109,72.349,15.404,8.129,7.275,16.027,33.869,63.235,0.8956,72.349,Image_7249.jpg,fighting,6
156.588,158.592,159.851,46.234,44.813,44.716,158.12,44.305,13.906,8.949,4.957,171.176,148.823,154.533,0.8333,44.305,Image_11699.jpg,fighting,6
77.119,68.754,69.044,83.134,74.016,73.307,71.28,75.273,17.347,11.801,5.545,89.792,68.706,56.068,0.8575,75.273,Image_6453.jpg,fighting,6
105.529,82.475,84.473,56.768,48.676,38.258,89.585,47.49,18.87,10.981,7.889,90.382,100.187,78.705,0.8142,47.49,Image_6812.jpg,fighting,6
128.184,123.561,119.041,76.095,77.222,77.022,124.415,76.405,38.529,21.846,16.683,191.264,124.124,60.883,0.7604,76.405,Image_1723.jpg,fighting,6
134.339,126.581,130.172,70.296,69.788,65.137,129.297,69.069,30.988,19.17,11.818,148.859,116.935,122.423,0.6908,69.069,Image_1198.jpg,fighting,6
93.613,90.778,92.114,79.7,78.023,78.198,91.769,78.316,24.862,14.365,10.497,151.708,78.556,47.166,0.7617,78.316,Image_1231.jpg,fighting,6
141.106,163.879,166.806,53.122,56.069,68.221,157.389,53.09,14.317,6.877,7.439,149.059,183.272,140.636,0.8599,53.09,Image_9561.jpg,fighting,6
114.076,94.032,82.966,73.851,70.673,66.266,98.752,69.876,37.851,22.245,15.606,96.399,107.776,92.384,0.7047,69.876,Image_8042.jpg,fighting,6
102.214,100.953,96.799,36.257,35.887,36.232,100.846,35.522,15.067,7.466,7.602,83.752,120.41,98.489,0.8578,35.522,Image_10224.jpg,fighting,6
127.57,120.581,123.672,81.183,82.921,82.202,123.011,81.941,57.516,26.57,30.946,97.999,83.383,184.711,0.8006,81.941,Image_2886.jpg,fighting,6
49.206,46.046,44.432,42.154,42.681,43.876,46.802,42.526,15.61,8.378,7.232,33.872,42.559,63.194,0.8489,42.526,Image_12000.jpg,fighting,6
68.78,54.352,56.633,77.942,71.7,72.475,58.919,71.678,23.853,16.74,7.113,53.445,65.962,57.422,0.6783,71.678,Image_11551.jpg,fighting,6
169.094,179.461,191.467,37.283,29.028,22.569,177.713,30.321,10.192,5.809,4.383,181.86,178.166,173.323,0.8734,30.321,Image_4149.jpg,fighting,6
107.403,93.922,87.833,82.725,69.809,62.689,97.247,72.215,39.395,22.028,17.367,82.17,104.095,105.103,0.7233,72.215,Image_12136.jpg,fighting,6
109.952,75.8,67.192,49.207,46.353,41.934,85.019,45.336,16.783,8.98,7.803,90.457,92.997,72.213,0.8248,45.336,Image_6631.jpg,fighting,6
135.163,128.307,133.292,56.043,62.245,66.257,130.912,60.073,20.352,10.957,9.395,184.268,122.006,88.482,0.8171,60.073,Image_11506.jpg,fighting,6
108.597,95.435,91.089,69.999,69.904,72.222,98.864,68.719,24.019,12.076,11.944,88.197,110.034,98.385,0.7075,68.719,Image_3733.jpg,fighting,6
98.658,88.09,85.093,45.838,40.404,37.99,90.898,40.696,26.604,14.388,12.216,88.611,95.231,88.946,0.8301,40.696,Image_5158.jpg,fighting,6
130.621,120.453,119.052,56.076,55.894,53.161,123.32,54.926,45.692,25.428,20.263,120.538,101.685,146.628,0.78,54.926,Image_12035.jpg,fighting,6
101.848,81.541,77.898,64.821,57.665,54.928,87.187,58.533,18.043,9.815,8.229,78.616,108.625,74.906,0.7484,58.533,Image_9732.jpg,fighting,6
107.223,111.884,118.839,53.025,49.507,46.644,111.272,49.211,23.052,12.811,10.241,116.873,105.554,111.385,0.7493,49.211,Image_11634.jpg,fighting,6
120.887,118.888,120.476,58.923,59.173,59.364,119.655,59.03,23.855,13.841,10.014,142.962,108.533,108.023,0.7655,59.03,Image_145.jpg,fighting,6
90.446,78.199,69.091,81.425,81.6,81.952,80.814,81.087,27.268,16.15,11.118,47.157,126.823,69.024,0.6725,81.087,Image_840.jpg,fighting,6
65.765,65.457,76.287,55.76,47.421,53.094,66.777,48.745,11.517,5.369,6.148,66.966,76.202,57.601,0.8825,48.745,Image_12090.jpg,fighting,6
121.326,121.197,124.612,79.805,79.33,76.604,121.613,78.688,13.594,7.816,5.778,192.434,116.755,58.648,0.7432,78.688,Image_9346.jpg,fighting,6
135.872,127.61,120.365,66.806,61.485,61.657,129.241,61.107,19.369,10.746,8.624,162.933,117.482,108.305,0.7473,61.107,Image_5331.jpg,fighting,6
87.928,70.187,57.779,62.795,53.324,45.143,74.068,51.964,32.195,17.224,14.971,86.866,71.234,64.558,0.7864,51.964,Image_9526.jpg,fighting,6
63.015,61.558,59.176,58.483,55.798,57.006,61.716,56.228,12.853,8.342,4.511,62.476,52.872,69.432,0.8196,56.228,Image_1565.jpg,fighting,6
156.733,132.573,116.875,67.192,73.883,75.354,137.992,69.746,27.54,14.21,13.33,114.084,144.909,154.21,0.7233,69.746,Image_12193.jpg,fighting,6
137.673,111.811,109.38,44.264,46.227,53.208,119.253,43.566,13.746,7.606,6.14,96.852,128.957,131.372,0.8355,43.566,Image_1215.jpg,fighting,6
129.342,122.765,118.534,62.505,62.216,57.716,124.236,60.305,26.376,14.824,11.552,108.019,111.613,151.766,0.7574,60.305,Image_6722.jpg,fighting,6
122.137,102.918,85.367,71.88,66.372,61.147,106.651,62.747,24.629,12.662,11.967,115.357,117.078,88.39,0.7452,62.747,Image_10725.jpg,fighting,6
142.706,137.24,100.366,43.972,36.187,45.096,134.656,38.133,24.911,11.681,13.23,157.97,131.669,115.254,0.8707,38.133,Image_12277.jpg,fighting,6
133.283,135.065,141.244,75.274,72.832,73.833,135.223,73.226,37.842,20.708,17.134,130.393,122.68,151.807,0.7125,73.226,Image_6699.jpg,fighting,6
62.931,61.129,62.698,59.704,59.876,60.43,61.84,59.592,16.602,8.466,8.136,50.099,66.682,68.426,0.8331,59.592,Image_8775.jpg,fighting,6
119.486,118.813,128.685,89.537,88.781,85.325,120.128,87.032,16.833,7.707,9.126,221.356,83.88,58.102,0.8098,87.032,Image_6743.jpg,fighting,6
108.987,103.244,99.296,86.057,86.924,88.118,104.5,86.554,21.463,12.033,9.43,201.899,84.614,30.512,0.8725,86.554,Image_7210.jpg,fighting,6
119.605,118.078,125.182,57.71,54.011,53.155,119.332,53.788,17.607,7.656,9.952,120.251,95.958,140.768,0.7886,53.788,Image_1340.jpg,fighting,6
139.955,101.308,97.606,47.081,59.628,60.448,112.428,52.285,18.127,11.365,6.762,126.777,110.578,100.496,0.7564,52.285,Image_232.jpg,fighting,6
95.331,79.563,68.104,56.504,54.087,45.102,82.962,51.948,33.108,19.611,13.497,87.423,89.368,72.59,0.7745,51.948,Image_2393.jpg,fighting,6
150.414,148.576,148.948,67.226,65.15,65.094,149.153,65.3,30.727,16.997,13.73,184.715,128.704,134.727,0.8104,65.3,Image_1738.jpg,fighting,6
107.312,84.952,86.974,59.972,55.528,54.688,91.857,52.873,28.246,15.377,12.869,82.664,98.116,94.658,0.7788,52.873,Image_4507.jpg,fighting,6
146.117,146.117,146.117,63.759,63.759,63.759,146.102,63.753,32.49,18.366,14.124,159.15,150.758,129.203,0.7131,63.753,Image_8063.jpg,fighting,6
107.74,111.875,118.759,85.836,85.546,80.027,111.413,84.797,23.51,14.481,9.029,61.219,107.355,163.199,0.6697,84.797,Image_3340.jpg,fighting,6
92.27,67.917,62.411,76.848,62.408,60.345,74.562,64.335,22.765,9.289,13.476,54.45,74.577,93.745,0.7976,64.335,Image_11669.jpg,fighting,6
131.168,118.773,121.602,64.954,59.923,54.618,122.789,60.564,21.566,12.671,8.895,101.707,121.898,143.761,0.7109,60.564,Image_5085.jpg,fighting,6
86.019,86.537,84.424,51.404,50.466,49.28,86.132,50.463,29.239,16.906,12.333,97.406,69.58,91.172,0.8056,50.463,Image_1817.jpg,fighting,6
69.572,60.114,62.046,63.155,56.595,59.095,63.155,58.088,19.227,12.786,6.441,76.32,59.723,53.866,0.692,58.088,Image_7774.jpg,fighting,6
111.919,108.841,137.403,52.595,55.854,62.917,113.006,54.659,15.78,8.615,7.166,94.016,127.495,117.304,0.8002,54.659,Image_12196.jpg,fighting,6
85.457,82.209,84.647,65.408,64.512,64.831,83.45,64.513,19.613,11.087,8.526,65.741,89.534,94.546,0.7066,64.513,Image_466.jpg,fighting,6
143.918,135.284,120.424,66.973,57.77,58.645,136.157,58.82,24.07,11.223,12.846,112.42,111.188,182.65,0.7957,58.82,Image_4433.jpg,fighting,6
72.318,70.438,69.476,71.511,69.668,69.347,70.883,69.919,15.002,7.427,7.575,91.193,79.901,42.888,0.8387,69.919,Image_5256.jpg,fighting,6
117.006,111.667,115.036,61.883,61.739,59.009,113.636,61.134,23.699,11.59,12.109,105.643,115.595,119.396,0.711,61.134,Image_10694.jpg,fighting,6
72.534,76.309,83.252,46.57,45.019,43.849,75.965,45.166,31.644,16.466,15.178,75.864,86.128,66.36,0.8248,45.166,Image_4648.jpg,fighting,6
61.111,56.392,57.506,67.281,62.358,66.09,57.924,63.69,19.558,9.282,10.277,48.569,59.667,65.19,0.8314,63.69,Image_1298.jpg,fighting,6
96.483,87.339,79.871,92.102,87.45,81.63,89.212,87.812,14.824,5.602,9.221,71.826,115.516,80.7,0.6597,87.812,Image_5457.jpg,fighting,6
116.509,125.924,133.707,62.952,65.954,68.177,123.984,64.862,28.05,17.213,10.837,151.106,97.821,123.07,0.7295,64.862,Image_7079.jpg,fighting,6
83.276,106.858,112.184,59.852,76.172,79.014,100.406,71.069,14.996,10.247,4.75,108.303,112.372,81.445,0.8639,71.069,Image_7984.jpg,fighting,6
92.929,106.446,97.559,70.718,65.946,57.193,101.382,65.323,31.729,18.274,13.455,155.664,88.201,62.149,0.7954,65.323,Image_2993.jpg,fighting,6
40.41,38.649,30.416,45.733,42.114,34.755,38.233,41.612,16.066,9.295,6.771,41.229,55.052,19.319,0.8199,41.612,Image_11532.jpg,fighting,6
108.677,108.774,107.96,75.177,75.497,74.017,108.641,75.148,19.866,12.161,7.705,123.037,138.967,65.953,0.7999,75.148,Image_4992.jpg,fighting,6
108.176,108.176,108.176,59.11,59.11,59.11,108.165,59.104,20.562,9.488,11.074,100.391,152.054,73.692,0.835,59.104,Image_10364.jpg,fighting,6
70.169,64.706,62.445,83.198,77.797,73.341,66.075,78.835,13.735,10.034,3.702,63.266,63.136,71.561,0.8194,78.835,Image_6518.jpg,fighting,6
137.45,133.727,131.355,71.262,68.862,68.365,134.556,68.892,30.29,17.077,13.213,171.939,124.718,108.264,0.8154,68.892,Image_5306.jpg,fighting,6
130.342,116.628,121.794,93.504,91.127,88.727,121.304,91.039,23.951,13.015,10.937,176.871,104.17,84.619,0.6568,91.039,Image_3031.jpg,fighting,6
68.703,66.665,71.395,71.614,68.88,72.055,67.807,69.132,20.453,10.789,9.664,62.686,108.055,34.276,0.7973,69.132,Image_3651.jpg,fighting,6
127.705,119.698,137.167,51.86,52.55,53.685,124.071,52.111,15.581,9.117,6.464,133.103,109.19,129.655,0.7924,52.111,Image_11760.jpg,fighting,6
83.602,82.945,81.607,59.129,56.195,53.176,82.98,55.675,27.676,16.307,11.369,105.848,80.521,63.5,0.7818,55.675,Image_175.jpg,fighting,6
158.109,155.589,144.974,51.046,51.414,56.487,155.117,50.869,36.294,19.171,17.123,163.975,151.805,149.822,0.7931,50.869,Image_12149.jpg,fighting,6
136.563,113.645,112.435,48.366,51.989,52.676,120.346,50.696,25.423,14.204,11.219,107.251,103.493,148.932,0.8018,50.696,Image_4498.jpg,fighting,6
85.518,66.664,49.747,37.8,30.696,24.065,70.365,31.791,8.592,5.333,3.26,73.008,74.858,63.552,0.8394,31.791,Image_1623.jpg,fighting,6
79.741,96.699,113.762,46.101,47.787,53.571,93.566,47.36,20.206,11.601,8.605,92.031,85.942,102.307,0.8328,47.36,Image_5132.jpg,fighting,6
87.085,85.285,82.945,51.84,46.537,43.451,85.548,46.641,21.576,10.522,11.054,83.373,89.129,84.205,0.8199,46.641,Image_5202.jpg,fighting,6
161.942,137.896,126.744,68.968,65.73,60.137,143.799,64.605,17.747,9.023,8.725,83.817,178.571,167.862,0.8275,64.605,Image_6649.jpg,fighting,6
116.75,104.803,104.632,60.036,58.428,59.468,108.344,58.65,16.876,8.451,8.426,101.637,111.161,112.056,0.7316,58.65,Image_6341.jpg,fighting,6
92.471,89.907,89.456,65.8,65.396,62.093,90.613,63.901,22.272,13.607,8.666,130.056,96.319,47.516,0.7737,63.901,Image_111.jpg,fighting,6
115.236,103.899,79.406,51.456,48.637,38.991,104.485,47.756,19.794,9.139,10.656,117.268,112.184,84.933,0.8155,47.756,Image_2487.jpg,fighting,6
124.118,109.794,96.058,54.339,50.748,47.095,112.499,50.903,13.894,6.418,7.476,93.857,97.015,145.073,0.8333,50.903,Image_9604.jpg,fighting,6
89.095,64.46,52.374,63.311,52.634,44.949,70.439,54.269,23.335,15.405,7.93,69.848,78.605,63.209,0.7598,54.269,Image_6377.jpg,fighting,6
111.252,110.696,111.844,49.851,49.662,50.893,110.982,48.592,28.724,15.383,13.341,110.503,103.817,118.279,0.7867,48.592,Image_10616.jpg,fighting,6
137.99,125.301,136.567,50.253,54.08,52.443,130.366,51.414,18.12,9.381,8.739,115.063,117.663,157.098,0.8174,51.414,Image_3147.jpg,fighting,6
207.948,197.196,193.169,36.879,48.414,55.578,199.931,45.117,10.396,4.637,5.758,219.766,192.155,188.42,0.8725,45.117,Image_10214.jpg,hugging,7
165.048,148.227,127.394,53.681,55.867,61.084,150.865,55.2,20.777,7.836,12.942,114.521,159.403,177.407,0.8133,55.2,Image_12055.jpg,hugging,7
95.884,74.984,68.544,60.39,46.132,48.201,80.489,48.857,14.925,9.312,5.613,78.276,79.893,83.171,0.7563,48.857,Image_381.jpg,hugging,7
207.424,193.921,189.124,44.873,52.206,55.45,197.391,49.792,11.652,6.675,4.977,196.92,208.491,187.245,0.8294,49.792,Image_8810.jpg,hugging,7
109.48,95.149,110.605,67.639,65.205,58.863,101.185,64.44,29.335,14.889,14.446,119.629,90.643,93.642,0.7487,64.44,Image_1175.jpg,hugging,7
185.797,167.302,141.126,43.735,41.441,43.552,169.829,40.954,15.538,9.923,5.616,173.682,162.511,173.138,0.8105,40.954,Image_3426.jpg,hugging,7
150.516,138.041,130.439,77.187,77.426,80.471,140.889,77.32,21.529,11.277,10.252,142.735,147.924,132.413,0.6385,77.32,Image_8229.jpg,hugging,7
201.331,195.02,189.432,62.475,69.766,74.31,196.25,67.338,14.488,8.802,5.686,160.781,213.162,213.964,0.6817,67.338,Image_5064.jpg,hugging,7
199.829,188.017,157.298,49.751,61.655,67.662,188.027,58.312,10.675,6.748,3.927,209.584,181.71,173.478,0.7786,58.312,Image_7111.jpg,hugging,7
174.444,169.31,108.651,50.165,44.483,76.159,163.913,47.95,18.319,8.731,9.587,139.754,158.853,191.802,0.8355,47.95,Image_8034.jpg,hugging,7
143.679,136.814,130.49,61.995,66.631,60.541,138.131,63.34,27.852,10.759,17.093,161.861,119.482,133.282,0.832,63.34,Image_6665.jpg,hugging,7
175.884,177.852,174.659,68.32,62.956,63.248,176.882,62.923,19.235,10.856,8.379,203.143,176.922,151.776,0.7633,62.923,Image_3576.jpg,hugging,7
151.421,136.919,131.026,53.497,51.176,49.674,140.568,51.508,22.469,12.134,10.335,130.56,159.553,131.998,0.7798,51.508,Image_3472.jpg,hugging,7
164.703,160.11,136.269,61.471,60.538,69.455,158.749,61.127,24.84,14.117,10.724,199.151,157.027,121.828,0.7447,61.127,Image_782.jpg,hugging,7
116.017,106.578,107.81,64.844,61.915,55.267,109.529,61.348,21.159,12.565,8.594,100.17,120.814,107.691,0.7393,61.348,Image_9854.jpg,hugging,7
182.326,179.621,161.202,76.877,77.166,65.053,178.311,75.006,23.331,13.212,10.119,195.663,155.963,183.08,0.6832,75.006,Image_3037.jpg,hugging,7
132.591,135.287,139.812,60.407,56.278,56.214,134.983,56.731,21.807,10.178,11.629,137.613,131.307,135.982,0.8478,56.731,Image_446.jpg,hugging,7
144.563,110.479,92.275,67.283,59.062,60.723,118.58,59.23,18.206,11.757,6.45,96.644,124.834,133.55,0.743,59.23,Image_2597.jpg,hugging,7
127.879,81.993,125.485,50.413,33.247,43.014,100.658,30.753,11.368,5.991,5.377,103.017,109.634,89.839,0.9071,30.753,Image_1056.jpg,hugging,7
212.099,199.743,192.285,40.93,50.53,57.291,202.566,47.75,13.38,7.664,5.716,211.339,195.268,201.158,0.7997,47.75,Image_7423.jpg,hugging,7
112.346,139.365,81.639,67.311,65.427,57.126,124.695,62.061,26.441,15.637,10.804,155.565,118.868,100.789,0.7658,62.061,Image_9862.jpg,hugging,7
161.435,142.276,131.771,59.182,56.998,60.195,146.791,56.94,17.101,10.878,6.224,147.122,139.93,153.024,0.7598,56.94,Image_2621.jpg,hugging,7
210.479,200.088,195.796,52.14,61.557,66.518,202.685,58.449,15.676,6.198,9.478,216.47,200.981,191.151,0.8616,58.449,Image_2883.jpg,hugging,7
86.126,54.272,35.246,81.781,58.748,46.449,61.619,63.785,19.065,8.703,10.362,26.536,76.844,80.575,0.7654,63.785,Image_2967.jpg,hugging,7
147.931,140.829,135.43,78.271,77.538,75.645,142.322,77.387,27.004,10.977,16.027,182.776,161.592,85.313,0.847,77.387,Image_10917.jpg,hugging,7
221.5,209.968,208.843,48.69,61.346,63.073,213.266,57.249,18.694,9.586,9.107,233.451,188.665,217.48,0.8456,57.249,Image_3998.jpg,hugging,7
109.726,107.358,90.388,77.307,78.311,79.034,106.121,77.031,14.284,8.141,6.143,42.675,91.816,180.337,0.7792,77.031,Image_1522.jpg,hugging,7
180.932,167.411,151.215,55.21,59.766,68.321,169.589,57.375,16.225,7.332,8.893,195.198,167.585,147.057,0.8429,57.375,Image_4169.jpg,hugging,7
120.484,79.858,126.88,42.362,27.207,29.157,97.354,24.651,9.79,5.665,4.125,95.873,100.322,95.933,0.9218,24.651,Image_1870.jpg,hugging,7
157.154,149.568,121.682,61.611,66.831,68.19,148.642,63.307,19.466,11.104,8.361,140.194,140.612,164.37,0.7049,63.307,Image_4154.jpg,hugging,7
177.884,169.978,151.267,58.616,60.487,68.72,170.191,58.016,20.645,8.881,11.764,188.615,166.487,156.14,0.7934,58.016,Image_12545.jpg,hugging,7
88.039,86.371,71.789,76.345,76.402,64.765,85.199,74.066,18.925,9.862,9.063,76.192,84.934,94.048,0.7041,74.066,Image_778.jpg,hugging,7
91.233,91.233,91.233,75.337,75.337,75.337,91.224,75.33,23.635,14.942,8.692,119.213,80.892,74.37,0.6567,75.33,Image_9022.jpg,hugging,7
157.715,148.473,127.937,39.434,49.59,52.525,148.879,46.18,21.436,13.036,8.401,150.561,143.159,152.734,0.8262,46.18,Image_799.jpg,hugging,7
193.103,163.636,167.957,66.089,78.893,75.906,172.92,73.941,18.526,7.746,10.78,229.091,160.455,131.201,0.7843,73.941,Image_7927.jpg,hugging,7
166.206,126.418,112.679,59.33,58.04,55.963,136.732,56.344,18.589,12.228,6.361,166.984,137.592,107.034,0.7094,56.344,Image_7765.jpg,hugging,7
152.567,141.503,132.325,60.758,58.388,61.44,143.749,58.584,20.149,12.029,8.121,144.321,131.693,154.712,0.7846,58.584,Image_4808.jpg,hugging,7
173.21,156.151,145.838,82.715,80.503,80.821,160.059,80.209,15.051,7.559,7.492,204.807,136.566,139.77,0.6355,80.209,Image_4755.jpg,hugging,7
161.13,161.191,127.221,68.7,64.408,68.747,157.284,63.972,30.996,12.326,18.669,197.791,155.245,120.565,0.7874,63.972,Image_3369.jpg,hugging,7
136.767,131.853,126.814,78.411,83.069,89.133,132.734,81.999,18.518,7.466,11.052,151.908,132.054,115.079,0.5741,81.999,Image_6169.jpg,hugging,7
101.942,104.092,97.121,65.54,60.06,56.88,102.644,60.25,23.433,12.531,10.902,102.811,99.696,105.299,0.8084,60.25,Image_9462.jpg,hugging,7
226.589,215.956,219.09,40.666,50.871,58.011,219.47,47.706,12.088,6.609,5.479,212.635,214.444,230.793,0.8399,47.706,Image_9457.jpg,hugging,7
119.014,102.566,87.016,80.479,66.65,67.049,105.699,68.891,36.51,22.258,14.252,85.823,109.642,120.908,0.7154,68.891,Image_803.jpg,hugging,7
210.587,183.715,185.973,54.92,63.643,61.839,191.986,58.404,18.06,8.87,9.19,221.539,191.893,163.866,0.8024,58.404,Image_5937.jpg,hugging,7
150.4,174.282,196.125,46.929,45.449,50.551,169.617,44.587,15.107,7.456,7.651,181.341,175.527,152.783,0.8684,44.587,Image_9216.jpg,hugging,7
127.085,111.152,108.869,68.413,69.856,68.506,115.643,68.377,24.595,10.805,13.79,144.252,98.638,104.566,0.6764,68.377,Image_7268.jpg,hugging,7
199.488,188.458,176.679,37.904,44.625,53.051,190.393,41.626,17.376,9.647,7.729,205.76,189.651,176.433,0.8193,41.626,Image_301.jpg,hugging,7
193.398,139.11,117.652,54.694,78.273,79.734,152.876,68.122,19.604,12.064,7.54,162.993,141.417,154.158,0.664,68.122,Image_4483.jpg,hugging,7
207.103,192.704,189.767,68.429,74.58,76.166,196.654,72.368,17.239,9.448,7.791,197.397,181.701,210.218,0.8592,72.368,Image_9078.jpg,hugging,7
98.322,95.899,77.802,57.711,58.334,62.205,94.55,58.237,21.943,12.247,9.696,133.299,81.829,69.705,0.8602,58.237,Image_8043.jpg,hugging,7
137.687,137.653,117.118,69.111,64.356,76.765,135.308,65.84,26.388,15.527,10.86,106.779,145.982,152.351,0.7818,65.84,Image_4128.jpg,hugging,7
140.447,116.362,124.285,79.45,79.378,79.506,124.453,76.472,20.538,9.369,11.169,92.546,128.405,151.136,0.7988,76.472,Image_10603.jpg,hugging,7
145.348,138.05,126.699,82.35,82.684,76.936,138.923,81.655,26.028,17.308,8.72,142.757,145.979,128.53,0.533,81.655,Image_10229.jpg,hugging,7
194.645,183.867,175.348,57.297,62.855,72.403,186.099,60.571,17.466,7.334,10.132,230.262,193.925,136.474,0.834,60.571,Image_8226.jpg,hugging,7
119.647,116.596,124.531,69.804,64.988,68.069,118.401,64.803,26.044,12.161,13.883,97.832,137.938,119.386,0.7231,64.803,Image_7689.jpg,hugging,7
214.228,215.635,209.755,45.248,44.91,54.862,214.522,45.602,21.115,11.827,9.289,227.565,205.849,210.352,0.82,45.602,Image_9693.jpg,hugging,7
169.943,146.75,125.691,65.128,70.753,69.672,151.267,67.951,18.92,12.101,6.818,172.134,161.239,121.83,0.7512,67.951,Image_6400.jpg,hugging,7
193.141,183.129,182.41,39.9,57.634,67.207,186.021,50.765,15.614,5.782,9.832,213.275,191.892,154.403,0.8925,50.765,Image_2923.jpg,hugging,7
99.388,87.102,74.786,68.137,62.642,54.356,89.361,62.617,21.986,13.042,8.944,60.235,87.068,119.352,0.7614,62.617,Image_5216.jpg,hugging,7
116.303,98.045,90.099,51.364,48.988,56.245,102.587,49.365,19.048,10.834,8.214,100.117,101.668,105.82,0.7631,49.365,Image_8092.jpg,hugging,7
139.786,140.901,121.006,57.13,46.272,54.823,138.286,47.694,21.956,12.336,9.62,128.936,167.926,118.918,0.8168,47.694,Image_917.jpg,hugging,7
199.33,176.182,185.918,75.35,87.438,81.736,184.193,81.878,17.775,7.882,9.893,225.178,178.407,150.594,0.7394,81.878,Image_12309.jpg,hugging,7
210.805,202.896,189.186,47.044,49.38,60.905,203.677,48.869,8.713,3.646,5.067,237.002,216.512,159.615,0.8809,48.869,Image_11929.jpg,hugging,7
192.245,183.846,179.241,60.788,68.28,72.348,185.813,65.765,16.184,8.607,7.578,201.773,178.793,177.281,0.7501,65.765,Image_8686.jpg,hugging,7
198.93,184.676,187.39,43.911,56.988,53.791,189.228,49.022,15.519,8.386,7.133,202.299,186.789,179.078,0.8446,49.022,Image_12376.jpg,hugging,7
201.566,174.649,178.192,64.4,68.327,65.263,183.081,64.48,17.324,8.22,9.104,220.933,190.903,139.482,0.8016,64.48,Image_5364.jpg,hugging,7
102.266,112.415,123.643,57.366,54.257,50.879,110.65,53.43,20.654,11.032,9.622,126.508,114.891,91.464,0.8234,53.43,Image_1852.jpg,hugging,7
153.583,147.389,137.395,71.442,61.877,62.005,148.086,62.752,23.04,14.192,8.848,160.938,136.454,146.923,0.7037,62.752,Image_4608.jpg,hugging,7
192.858,153.185,126.823,51.396,71.013,72.126,162.023,62.925,21.911,11.967,9.944,211.034,151.797,125.001,0.793,62.925,Image_4186.jpg,hugging,7
180.107,173.064,176.239,58.893,62.334,61.925,175.514,60.692,14.958,7.939,7.019,193.95,193.67,140.585,0.8084,60.692,Image_2184.jpg,hugging,7
156.756,156.756,156.756,67.654,67.654,67.654,156.74,67.647,15.359,7.703,7.656,139.836,164.587,165.387,0.8388,67.647,Image_11108.jpg,hugging,7
134.702,123.871,116.347,76.182,76.005,78.816,126.239,75.965,24.143,13.246,10.897,82.451,118.968,174.976,0.6814,75.965,Image_6974.jpg,hugging,7
98.062,98.062,98.062,56.664,56.664,56.664,98.052,56.658,15.567,8.194,7.374,115.154,83.924,95.215,0.705,56.658,Image_4728.jpg,hugging,7
129.173,121.062,115.704,63.567,64.822,67.526,122.864,64.062,18.533,11.581,6.952,156.483,123.284,90.372,0.7022,64.062,Image_623.jpg,hugging,7
191.168,201.612,204.418,31.638,35.093,40.573,198.79,33.551,8.896,3.994,4.902,219.546,192.043,185.418,0.923,33.551,Image_11812.jpg,hugging,7
81.306,72.868,62.26,57.952,48.692,48.281,74.173,51.043,11.991,5.052,6.939,78.571,64.768,78.954,0.7978,51.043,Image_9692.jpg,hugging,7
183.726,171.306,168.277,56.296,61.956,65.978,174.656,58.533,23.341,14.941,8.4,187.455,182.558,154.897,0.7833,58.533,Image_8386.jpg,hugging,7
154.925,155.751,132.476,66.288,68.374,87.465,152.835,67.587,16.752,9.542,7.21,175.108,151.495,132.854,0.6693,67.587,Image_7426.jpg,hugging,7
201.285,196.245,191.583,57.975,61.294,64.093,197.2,60.228,15.664,8.315,7.348,229.788,182.663,179.969,0.8005,60.228,Image_2876.jpg,hugging,7
221.289,217.446,217.867,53.545,59.321,60.618,218.621,57.374,13.825,4.42,9.404,253.18,208.621,195.179,0.8901,57.374,Image_12536.jpg,hugging,7
160.947,148.323,136.198,74.784,77.755,76.319,150.699,76.436,25.778,12.274,13.504,214.311,138.627,101.501,0.7049,76.436,Image_406.jpg,hugging,7
190.662,181.142,169.047,61.98,67.114,80.508,182.591,66.163,14.512,8.109,6.403,227.641,162.848,158.433,0.7101,66.163,Image_389.jpg,hugging,7
220.877,211.373,201.887,38.01,47.684,59.502,213.111,45.179,13.875,8.317,5.558,224.618,216.279,199.104,0.8225,45.179,Image_9935.jpg,hugging,7
90.544,77.239,69.761,85.938,71.072,65.242,80.356,74.177,18.735,7.787,10.948,64.877,105.796,70.847,0.6799,74.177,Image_6879.jpg,hugging,7
178.197,180.029,175.587,53.073,52.114,55.669,178.957,49.921,19.985,13.332,6.653,169.197,181.36,185.979,0.8138,49.921,Image_7329.jpg,hugging,7
197.825,183.659,132.074,62.058,66.373,93.01,181.994,65.339,19.715,10.074,9.641,232.295,158.854,156.067,0.8366,65.339,Image_11218.jpg,hugging,7
161.481,111.848,109.212,52.489,48.44,46.184,126.371,48.455,20.365,10.679,9.686,129.388,132.976,117.187,0.8129,48.455,Image_6353.jpg,hugging,7
130.464,133.27,137.88,64.058,61.807,59.617,132.943,61.975,15.422,8.78,6.642,135.693,139.486,124.073,0.7024,61.975,Image_6784.jpg,hugging,7
233.207,214.976,193.826,29.58,40.389,46.805,217.993,37.119,8.485,5.199,3.286,219.911,218.183,215.979,0.8403,37.119,Image_1362.jpg,hugging,7
139.406,139.448,153.569,99.891,81.129,56.629,141.032,82.701,16.089,9.002,7.087,207.084,160.675,59.231,0.8409,82.701,Image_864.jpg,hugging,7
79.63,80.024,80.65,60.809,60.61,60.354,79.97,60.624,20.413,10.344,10.07,102.906,85.462,52.833,0.7802,60.624,Image_883.jpg,hugging,7
138.08,107.552,66.121,58.91,51.305,54.553,111.943,51.977,14.85,9.181,5.668,96.08,132.332,107.624,0.7728,51.977,Image_9074.jpg,hugging,7
176.423,168.221,157.329,42.966,47.632,56.837,169.414,46.74,14.947,8.806,6.141,155.672,176.454,175.81,0.7492,46.74,Image_7935.jpg,hugging,7
126.151,97.726,85.672,64.41,56.825,56.228,104.838,57.022,22.286,14.328,7.958,88.746,110.502,114.793,0.7461,57.022,Image_9817.jpg,hugging,7
97.582,97.959,98.591,65.664,65.429,65.074,97.909,65.444,22.888,10.659,12.229,103.235,111.272,80.069,0.7151,65.444,Image_2680.jpg,hugging,7
125.653,114.707,109.002,79.341,72.835,75.132,117.317,74.54,12.363,7.286,5.078,98.177,130.451,123.049,0.6296,74.54,Image_11504.jpg,hugging,7
154.799,149.814,119.804,72.433,79.293,75.742,147.868,75.972,24.251,14.562,9.69,175.518,157.19,112.576,0.6782,75.972,Image_11066.jpg,hugging,7
151.957,114.089,81.994,57.088,60.903,61.858,121.737,56.448,24.157,13.879,10.278,99.048,123.859,141.371,0.7723,56.448,Image_4083.jpg,hugging,7
148.882,150.656,133.077,58.299,58.376,63.888,148.107,58.608,22.944,13.152,9.792,142.936,159.512,142.156,0.8086,58.608,Image_11642.jpg,hugging,7
118.985,98.583,87.89,58.572,67.671,57.461,103.452,60.812,23.315,9.741,13.574,129.136,107.88,74.709,0.7614,60.812,Image_6545.jpg,hugging,7
177.344,168.676,144.898,51.692,49.507,56.484,168.54,49.32,15.173,8.902,6.271,157.454,192.974,155.797,0.815,49.32,Image_11013.jpg,hugging,7
128.055,111.788,99.07,63.641,64.544,69.471,115.189,63.712,22.367,9.967,12.4,152.596,118.15,76.656,0.8312,63.712,Image_3622.jpg,hugging,7
146.191,121.934,112.373,77.798,78.146,78.203,128.082,74.721,24.023,14.242,9.78,99.569,120.016,162.999,0.6998,74.721,Image_4990.jpg,hugging,7
206.345,209.059,172.848,53.228,59.246,69.298,204.099,56.529,15.161,9.453,5.708,213.359,195.893,203.093,0.777,56.529,Image_11542.jpg,hugging,7
116.056,134.963,99.282,63.918,55.476,52.934,125.23,51.259,19.384,10.232,9.152,132.637,118.306,124.77,0.8001,51.259,Image_9257.jpg,hugging,7
162.04,160.871,166.466,54.612,66.456,78.052,161.842,63.691,14.45,8.409,6.041,197.207,166.645,123.499,0.808,63.691,Image_11151.jpg,hugging,7
149.46,151.118,132.519,71.162,70.016,70.542,148.487,69.406,30.858,18.086,12.772,174.204,167.067,106.203,0.7493,69.406,Image_51.jpg,hugging,7
115.474,103.544,72.371,59.39,56.029,58.601,103.546,55.639,21.856,12.749,9.107,79.606,114.588,115.857,0.809,55.639,Image_664.jpg,hugging,7
141.282,124.975,103.581,48.051,49.714,48.566,127.397,47.966,17.199,9.146,8.054,154.715,126.793,101.899,0.8061,47.966,Image_11548.jpg,hugging,7
179.825,145.248,135.161,81.765,91.11,90.616,154.419,84.773,19.81,10.202,9.607,138.998,132.073,190.469,0.7136,84.773,Image_8854.jpg,hugging,7
99.433,93.869,87.204,55.398,41.974,50.371,94.763,44.153,14.961,9.817,5.144,97.6,107.213,80.17,0.7851,44.153,Image_5228.jpg,hugging,7
164.446,154.462,155.434,88.848,89.515,87.466,157.542,88.179,20.021,11.75,8.271,187.079,159.143,127.819,0.7756,88.179,Image_9006.jpg,hugging,7
106.943,85.574,99.809,67.576,70.631,55.303,93.575,67.394,24.764,12.007,12.757,53.206,114.309,112.318,0.7585,67.394,Image_1205.jpg,hugging,7
155.042,127.529,95.978,59.952,61.335,69.254,132.143,60.547,19.896,10.594,9.302,110.835,115.866,168.02,0.8037,60.547,Image_11831.jpg,hugging,7
122.925,115.343,98.434,66.617,56.718,53.196,115.67,56.766,22.193,12.98,9.213,122.145,87.107,136.754,0.7872,56.766,Image_880.jpg,hugging,7
161.482,128.767,123.413,58.092,57.009,57.445,137.922,56.691,19.326,10.842,8.484,138.477,119.332,155.139,0.812,56.691,Image_6725.jpg,hugging,7
78.063,77.011,56.785,48.698,40.212,31.808,75.012,40.68,20.908,10.159,10.749,77.129,91.939,56.834,0.8705,40.68,Image_10207.jpg,hugging,7
58.586,47.322,44.026,53.966,43.942,40.46,50.309,45.869,16.799,9.502,7.297,41.403,56.138,53.245,0.8077,45.869,Image_11889.jpg,hugging,7
130.029,109.407,92.359,54.505,54.523,52.887,113.617,53.167,22.138,9.45,12.689,101.71,111.906,126.615,0.7599,53.167,Image_6591.jpg,hugging,7
99.46,101.911,98.617,77.228,76.095,77.475,100.793,76.574,17.685,10.135,7.549,159.457,62.611,81.241,0.743,76.574,Image_8336.jpg,hugging,7
116.671,128.348,112.219,59.041,62.247,67.739,123.007,57.828,19.921,12.167,7.754,117.076,126.404,125.425,0.7355,57.828,Image_6760.jpg,hugging,7
174.844,167.411,138.295,50.953,55.675,58.678,166.297,53.361,32.442,18.891,13.55,171.288,172.294,155.808,0.7706,53.361,Image_7280.jpg,hugging,7
217.027,206.857,195.236,35.891,50.871,58.551,208.551,45.658,18.893,10.902,7.99,216.411,217.649,192.364,0.8563,45.658,Image_1014.jpg,hugging,7
155.343,131.081,117.867,43.225,42.671,39.655,136.813,41.872,14.313,8.55,5.763,110.32,146.526,152.831,0.7809,41.872,Image_123.jpg,hugging,7
140.491,141.5,138.101,82.323,74.61,60.827,140.797,74.067,19.409,10.057,9.352,196.525,145.211,83.388,0.8373,74.067,Image_2334.jpg,hugging,7
134.945,127.271,118.387,77.308,72.943,71.222,128.54,73.128,29.747,14.976,14.771,115.079,127.82,142.075,0.7127,73.128,Image_1379.jpg,hugging,7
179.659,160.491,136.707,73.57,77.194,77.686,163.493,75.175,14.568,7.931,6.637,210.659,179.889,102.82,0.7953,75.175,Image_4328.jpg,hugging,7
227.174,221.251,220.732,31.472,43.822,51.92,222.94,40.212,7.957,4.288,3.668,232.052,212.425,224.28,0.8809,40.212,Image_7941.jpg,hugging,7
199.035,188.762,185.548,41.68,44.761,50.853,191.447,42.925,12.27,6.03,6.24,195.565,195.776,183.385,0.8149,42.925,Image_3196.jpg,hugging,7
86.282,83.76,79.539,69.52,58.782,63.364,84.024,61.447,16.913,9.744,7.169,77.686,95.285,79.326,0.7621,61.447,Image_11200.jpg,hugging,7
106.129,104.456,92.558,57.218,53.528,60.153,103.589,53.542,24.762,11.035,13.728,104.703,92.475,113.134,0.7683,53.542,Image_4943.jpg,hugging,7
154.86,157.94,159.921,62.305,59.515,50.75,157.23,59.081,19.508,10.238,9.271,174.361,176.64,122.349,0.7941,59.081,Image_1499.jpg,hugging,7
125.987,101.887,87.922,65.751,52.402,44.696,107.488,54.494,17.24,10.477,6.763,121.812,110.404,91.032,0.7755,54.494,Image_7712.jpg,hugging,7
156.484,164.045,112.72,51.623,53.096,62.004,155.917,50.047,24.778,11.806,12.972,163.718,161.527,143.117,0.836,50.047,Image_11848.jpg,hugging,7
180.42,160.611,148.727,55.16,59.717,65.562,165.161,58.078,16.363,8.751,7.612,183.506,156.374,156.039,0.7802,58.078,Image_363.jpg,hugging,7
205.988,206.814,205.328,57.979,59.962,65.824,206.377,58.785,14.913,6.805,8.108,175.75,200.015,241.686,0.823,58.785,Image_4230.jpg,hugging,7
189.969,137.495,122.602,59.905,65.034,63.908,151.468,54.931,26.605,10.432,16.173,168.714,149.07,137.296,0.8051,54.931,Image_5146.jpg,hugging,7
76.869,72.465,69.262,62.199,61.575,61.026,73.409,61.66,25.27,14.61,10.659,58.554,83.733,77.733,0.7202,61.66,Image_10200.jpg,hugging,7
190.635,190.554,190.037,35.511,51.741,61.242,190.5,45.919,13.729,6.154,7.574,198.712,183.9,188.962,0.8536,45.919,Image_4561.jpg,hugging,7
170.38,169.847,168.201,50.972,51.235,44.621,169.802,50.219,18.61,9.02,9.59,182.459,167.156,160.245,0.8165,50.219,Image_951.jpg,hugging,7
109.658,110.879,108.955,79.925,79.464,80.151,110.284,79.671,24.49,14.815,9.675,157.474,104.376,70.878,0.6752,79.671,Image_5509.jpg,hugging,7
230.034,205.867,189.759,40.22,56.196,67.861,211.234,50.43,13.234,5.368,7.865,238.273,183.43,211.963,0.8392,50.43,Image_7128.jpg,hugging,7
136.824,129.733,125.123,58.333,61.23,66.014,131.314,60.402,23.977,13.553,10.423,113.875,128.8,150.361,0.7323,60.402,Image_7847.jpg,hugging,7
101.826,72.99,62.981,68.634,51.827,46.293,80.461,55.352,24.52,10.569,13.951,75.751,90.279,75.584,0.8129,55.352,Image_2805.jpg,hugging,7
203.953,184.761,168.066,53.816,61.906,71.785,188.576,59.246,16.067,8.903,7.164,203.155,186.083,177.039,0.7974,59.246,Image_11048.jpg,hugging,7
170.111,166.186,164.383,53.094,56.793,62.59,167.137,55.448,19.361,8.755,10.606,177.913,184.272,140.495,0.8473,55.448,Image_4779.jpg,hugging,7
147.604,172.155,196.641,51.928,48.521,52.559,167.591,47.753,17.084,7.918,9.166,169.116,158.719,174.604,0.8424,47.753,Image_9954.jpg,hugging,7
129.43,108.308,93.697,80.503,76.8,75.563,112.945,75.975,28.192,16.805,11.387,103.724,101.854,132.335,0.6288,75.975,Image_6445.jpg,hugging,7
143.166,137.663,119.994,83.546,79.927,80.189,137.28,80.011,31.933,16.901,15.032,163.374,139.285,110.458,0.6291,80.011,Image_5208.jpg,hugging,7
80.493,101.768,53.015,41.831,47.0,58.394,89.841,42.609,14.25,8.966,5.284,85.569,79.958,103.353,0.8086,42.609,Image_2885.jpg,hugging,7
185.134,178.775,170.461,60.687,63.491,67.413,179.71,61.862,13.779,8.278,5.502,187.512,161.732,189.423,0.7563,61.862,Image_3441.jpg,hugging,7
168.979,160.861,157.899,63.16,64.333,67.656,162.934,63.817,26.743,13.461,13.281,172.327,203.292,115.444,0.8019,63.817,Image_11260.jpg,hugging,7
178.408,179.794,152.811,40.976,43.877,51.138,176.286,42.097,29.928,17.696,12.233,169.933,169.356,188.964,0.8345,42.097,Image_80.jpg,hugging,7
161.19,149.558,144.135,65.562,72.101,65.041,152.402,68.764,19.492,9.881,9.611,193.884,149.111,115.946,0.8654,68.764,Image_11676.jpg,hugging,7
197.893,159.292,124.577,49.296,65.835,82.131,166.857,61.386,20.442,9.354,11.088,191.705,152.755,156.598,0.818,61.386,Image_4321.jpg,hugging,7
142.111,137.084,96.41,74.814,72.951,66.971,133.936,71.254,30.98,16.786,14.194,145.302,105.229,150.487,0.6936,71.254,Image_1288.jpg,hugging,7
215.152,189.977,177.492,38.475,50.574,53.653,196.06,45.598,16.014,9.201,6.813,217.136,198.998,173.136,0.8074,45.598,Image_4976.jpg,hugging,7
112.713,97.586,88.221,73.177,72.439,72.855,101.03,71.615,20.29,12.213,8.077,137.672,103.043,64.132,0.6654,71.615,Image_5033.jpg,hugging,7
117.281,120.138,125.878,68.821,58.774,62.957,119.926,60.709,27.913,12.687,15.226,107.812,117.144,134.145,0.843,60.709,Image_6547.jpg,hugging,7
211.798,200.943,195.134,36.842,42.931,45.859,203.506,40.834,20.035,11.132,8.903,212.922,204.249,193.807,0.8844,40.834,Image_6192.jpg,hugging,7
125.502,90.885,74.362,86.826,61.274,64.041,99.339,65.632,20.777,12.104,8.674,76.841,106.255,114.213,0.7443,65.632,Image_39.jpg,hugging,7
78.639,79.489,63.661,57.281,44.773,45.435,77.422,47.087,29.585,15.789,13.795,88.619,79.647,64.611,0.8217,47.087,Image_2388.jpg,hugging,7
192.635,192.227,195.602,56.177,56.233,55.089,192.714,55.679,17.042,10.24,6.802,196.329,197.751,184.457,0.7753,55.679,Image_9132.jpg,hugging,7
153.191,154.296,148.309,66.45,61.275,66.366,153.268,62.208,29.767,16.739,13.028,190.577,153.168,117.751,0.7517,62.208,Image_6237.jpg,hugging,7
184.518,159.629,140.928,52.445,61.111,63.043,164.92,57.63,15.487,9.258,6.23,189.37,172.036,134.79,0.7563,57.63,Image_10122.jpg,hugging,7
129.023,112.803,105.414,76.178,68.902,65.283,116.798,70.032,25.73,11.977,13.753,122.181,135.736,93.582,0.6884,70.032,Image_3044.jpg,hugging,7
57.983,63.244,88.609,27.023,28.248,35.505,64.556,28.15,5.537,3.847,1.69,74.863,69.629,49.877,0.9383,28.15,Image_10196.jpg,laughing,8
174.58,174.965,176.612,77.733,73.314,72.291,175.02,73.953,14.498,6.054,8.444,219.552,195.72,112.753,0.7437,73.953,Image_12058.jpg,laughing,8
120.628,155.839,95.426,38.645,35.692,53.204,138.411,30.802,13.771,7.352,6.419,123.12,148.746,143.143,0.9078,30.802,Image_442.jpg,laughing,8
164.045,159.898,152.948,52.114,49.633,53.182,160.329,49.875,20.809,12.227,8.582,191.548,149.056,141.29,0.8653,49.875,Image_8412.jpg,laughing,8
124.604,93.785,74.695,50.058,53.677,45.885,100.811,47.946,18.234,11.139,7.094,92.528,99.079,110.371,0.8506,47.946,Image_1493.jpg,laughing,8
116.292,88.104,64.758,62.834,59.866,57.682,93.859,60.034,11.099,6.735,4.364,54.702,82.782,141.81,0.7815,60.034,Image_3312.jpg,laughing,8
193.741,165.445,140.155,72.684,65.409,80.83,171.003,60.819,19.083,11.596,7.487,194.347,177.804,142.228,0.7044,60.819,Image_7828.jpg,laughing,8
184.384,173.414,146.028,36.293,41.267,50.963,173.553,40.028,22.69,12.285,10.405,154.883,172.927,191.972,0.8436,40.028,Image_4881.jpg,laughing,8
180.358,184.116,200.419,70.552,42.43,41.847,184.833,45.512,15.857,9.379,6.479,192.909,178.495,183.174,0.891,45.512,Image_6396.jpg,laughing,8
181.833,161.915,147.831,55.887,81.205,77.321,166.247,72.08,14.371,8.648,5.723,204.753,184.566,112.005,0.7564,72.08,Image_7593.jpg,laughing,8
99.361,85.675,92.204,86.102,74.399,72.324,90.501,77.43,16.803,8.19,8.613,113.722,110.215,49.519,0.7223,77.43,Image_6170.jpg,laughing,8
214.923,123.506,145.637,53.724,94.473,73.532,153.341,71.923,18.607,8.497,10.11,196.65,156.29,109.186,0.8071,71.923,Image_3434.jpg,laughing,8
198.115,192.761,198.031,33.375,51.507,44.153,194.943,43.934,14.299,7.831,6.468,222.799,189.659,173.397,0.8115,43.934,Image_3375.jpg,laughing,8
130.231,106.084,88.114,71.352,73.365,73.404,111.242,72.086,23.588,13.634,9.954,144.631,102.338,87.871,0.7775,72.086,Image_1050.jpg,laughing,8
112.286,104.255,99.733,76.419,68.566,63.768,106.13,69.514,20.1,11.298,8.802,135.763,124.299,60.5,0.7712,69.514,Image_9696.jpg,laughing,8
151.501,134.587,122.592,74.992,73.278,74.386,138.261,72.832,19.132,11.166,7.966,83.939,158.021,171.254,0.7547,72.832,Image_3014.jpg,laughing,8
132.514,100.322,85.95,49.531,54.979,49.619,108.296,51.55,24.923,11.016,13.907,145.765,97.137,83.182,0.8195,51.55,Image_574.jpg,laughing,8
142.435,130.321,130.775,96.361,92.047,87.453,133.981,91.776,27.827,18.415,9.412,153.635,143.649,105.99,0.5195,91.776,Image_2766.jpg,laughing,8
176.525,145.396,133.925,79.823,83.705,86.941,153.378,81.626,15.437,7.369,8.067,144.03,167.273,149.039,0.803,81.626,Image_1342.jpg,laughing,8
216.785,213.304,204.027,58.162,58.119,68.823,213.266,58.099,10.131,5.709,4.422,222.599,222.217,195.812,0.8891,58.099,Image_6772.jpg,laughing,8
168.995,125.128,92.444,60.878,49.672,45.863,134.501,51.215,31.922,17.964,13.959,110.774,158.194,134.534,0.8455,51.215,Image_9709.jpg,laughing,8
162.36,150.712,124.138,68.873,65.102,56.562,151.149,63.934,11.305,5.282,6.022,182.487,161.787,111.082,0.7492,63.934,Image_2789.jpg,laughing,8
157.82,155.15,152.168,45.911,54.477,56.57,155.593,51.827,17.147,7.837,9.31,169.752,149.484,147.907,0.827,51.827,Image_2926.jpg,laughing,8
120.145,120.145,120.145,43.553,43.553,43.553,120.133,43.548,30.687,17.612,13.075,105.098,113.177,141.125,0.8332,43.548,Image_2976.jpg,laughing,8
156.364,117.438,108.577,89.931,71.97,67.924,128.051,76.532,11.526,5.11,6.416,126.568,136.527,121.376,0.6796,76.532,Image_10892.jpg,laughing,8
205.771,189.255,179.062,50.438,61.377,66.557,193.011,57.988,8.843,5.257,3.585,207.163,202.987,169.981,0.6889,57.988,Image_3850.jpg,laughing,8
171.874,147.959,130.232,53.914,62.629,70.695,153.071,59.683,17.809,11.352,6.457,152.312,125.466,180.146,0.7512,59.683,Image_1914.jpg,laughing,8
211.89,205.878,203.953,39.369,45.114,49.032,207.435,43.46,8.182,4.532,3.65,220.884,203.805,198.062,0.7831,43.46,Image_4041.jpg,laughing,8
219.343,197.028,182.335,47.944,71.323,87.553,202.003,65.734,11.19,7.603,3.587,217.204,217.56,172.643,0.8783,65.734,Image_2104.jpg,laughing,8
196.987,182.316,162.064,30.061,35.366,42.002,184.374,33.673,16.163,9.386,6.778,185.356,183.723,184.059,0.8631,33.673,Image_4039.jpg,laughing,8
169.084,169.084,169.084,70.287,70.287,70.287,169.067,70.28,22.284,13.475,8.809,169.192,205.468,134.201,0.7616,70.28,Image_12485.jpg,laughing,8
177.871,217.887,216.715,105.013,49.086,53.252,205.771,59.309,9.227,5.07,4.157,226.532,186.201,204.633,0.874,59.309,Image_1043.jpg,laughing,8
157.926,154.195,156.392,65.539,64.919,67.344,155.545,64.824,16.432,9.816,6.616,161.13,153.571,152.098,0.7145,64.824,Image_8792.jpg,laughing,8
128.542,108.049,59.556,61.741,57.731,37.893,108.635,53.656,29.909,17.343,12.566,126.125,109.792,90.835,0.7419,53.656,Image_1055.jpg,laughing,8
214.813,196.548,187.284,61.818,79.243,87.538,200.931,74.358,12.884,7.518,5.367,213.016,190.447,199.403,0.7151,74.358,Image_7441.jpg,laughing,8
199.964,171.485,163.41,57.986,61.654,63.198,179.059,59.21,17.157,11.715,5.442,160.25,179.871,196.239,0.7775,59.21,Image_7133.jpg,laughing,8
96.063,92.11,93.284,93.176,83.203,63.888,93.416,81.202,26.275,16.265,10.01,84.275,116.581,80.03,0.6475,81.202,Image_4619.jpg,laughing,8
109.948,117.598,130.181,83.648,79.203,57.542,116.734,75.173,24.97,13.882,11.087,126.208,101.819,121.928,0.7187,75.173,Image_4535.jpg,laughing,8
153.259,162.63,158.193,61.779,59.801,59.788,159.307,57.022,13.327,7.51,5.817,149.646,173.136,155.328,0.7021,57.022,Image_3251.jpg,laughing,8
235.834,204.0,195.335,31.143,64.469,69.169,212.507,53.164,10.524,6.08,4.445,214.487,222.236,201.33,0.8382,53.164,Image_5828.jpg,laughing,8
244.474,236.71,233.537,23.532,37.533,42.164,238.645,33.545,4.59,2.812,1.778,244.01,231.498,240.347,0.9414,33.545,Image_9360.jpg,laughing,8
169.754,161.891,162.714,105.8,108.087,107.559,164.319,106.796,15.815,10.131,5.684,235.195,161.078,99.758,0.7202,106.796,Image_9353.jpg,laughing,8
134.646,93.576,57.487,38.0,35.696,40.228,101.728,34.385,9.641,5.473,4.168,80.771,106.854,116.841,0.855,34.385,Image_1078.jpg,laughing,8
139.805,124.315,125.369,33.984,37.998,39.821,129.053,36.504,9.094,5.373,3.721,119.434,142.474,125.422,0.8738,36.504,Image_5526.jpg,laughing,8
147.502,135.739,130.769,42.342,49.411,50.775,138.675,46.512,18.941,9.722,9.218,146.466,135.33,134.431,0.8437,46.512,Image_9031.jpg,laughing,8
190.073,178.275,172.842,66.246,71.571,74.572,181.165,69.689,11.995,8.526,3.469,203.512,182.615,158.448,0.8671,69.689,Image_6560.jpg,laughing,8
195.059,175.552,162.419,29.212,36.52,42.397,179.868,34.739,9.054,4.945,4.109,174.219,165.233,199.229,0.9119,34.739,Image_404.jpg,laughing,8
121.915,114.574,79.523,77.748,65.836,68.818,112.761,62.667,19.774,13.748,6.027,98.432,117.527,121.889,0.6511,62.667,Image_4294.jpg,laughing,8
59.866,59.866,59.866,58.411,58.411,58.411,59.86,58.405,22.424,9.91,12.514,59.634,70.283,50.126,0.7829,58.405,Image_8884.jpg,laughing,8
184.116,167.857,160.741,89.146,94.431,96.143,171.889,92.129,15.679,8.696,6.983,209.283,185.625,123.083,0.762,92.129,Image_7683.jpg,laughing,8
177.317,188.426,183.884,66.402,62.868,62.987,184.569,60.572,31.054,15.873,15.181,204.366,174.399,175.379,0.8387,60.572,Image_3983.jpg,laughing,8
167.946,153.691,137.968,91.852,94.847,100.203,156.144,93.904,14.67,7.804,6.866,205.088,191.732,75.455,0.8177,93.904,Image_10600.jpg,laughing,8
173.227,71.291,82.652,45.324,53.191,30.805,103.048,37.164,9.007,4.854,4.153,79.09,101.538,127.357,0.8944,37.164,Image_10270.jpg,laughing,8
181.575,179.16,164.628,82.351,77.953,92.208,178.208,79.451,11.191,6.789,4.403,176.344,194.001,164.911,0.5547,79.451,Image_7812.jpg,laughing,8
144.686,127.035,124.319,70.025,67.662,66.233,131.989,66.65,24.286,15.748,8.538,157.493,123.629,115.623,0.7409,66.65,Image_7063.jpg,laughing,8
175.575,172.208,153.712,53.841,53.781,58.995,171.089,51.747,24.707,13.555,11.152,160.02,174.357,178.534,0.8189,51.747,Image_9471.jpg,laughing,8
101.716,101.716,101.716,67.318,67.318,67.318,101.706,67.312,18.316,10.47,7.846,62.068,119.058,122.979,0.7496,67.312,Image_6040.jpg,laughing,8
169.838,169.838,169.838,66.874,66.874,66.874,169.821,66.867,19.71,11.174,8.536,192.778,154.043,162.97,0.6904,66.867,Image_2949.jpg,laughing,8
183.327,170.736,163.699,32.378,51.526,56.861,173.68,43.621,12.432,5.727,6.705,187.677,179.891,154.391,0.8744,43.621,Image_4950.jpg,laughing,8
218.567,191.463,179.479,44.568,61.897,77.08,198.179,57.528,12.533,7.128,5.406,187.852,195.293,210.792,0.6655,57.528,Image_7710.jpg,laughing,8
197.155,197.255,203.404,60.877,62.238,60.628,197.906,61.251,13.887,8.782,5.105,226.92,213.018,155.786,0.8318,61.251,Image_1221.jpg,laughing,8
74.953,71.207,74.242,37.032,32.628,34.555,72.666,32.879,9.221,4.663,4.558,51.056,87.645,78.994,0.847,32.879,Image_12209.jpg,laughing,8
116.176,97.476,83.768,63.344,60.065,55.426,101.493,57.799,25.933,11.532,14.401,83.516,93.208,126.56,0.7912,57.799,Image_11936.jpg,laughing,8
216.899,196.233,199.183,52.417,81.241,76.525,202.727,70.59,12.17,7.457,4.713,231.663,203.815,174.066,0.857,70.59,Image_8212.jpg,laughing,8
153.66,150.492,153.935,71.561,70.298,67.952,151.816,69.565,9.565,5.312,4.253,168.982,183.28,105.397,0.7992,69.565,Image_12289.jpg,laughing,8
100.182,89.139,80.592,55.009,44.843,38.052,91.457,46.302,16.393,7.9,8.493,82.511,107.291,84.882,0.8357,46.302,Image_5017.jpg,laughing,8
158.377,135.543,110.487,65.269,61.977,46.264,139.498,59.997,23.033,11.651,11.381,140.693,120.764,156.241,0.7884,59.997,Image_2094.jpg,laughing,8
138.233,115.676,103.651,74.783,68.59,64.852,121.036,68.993,21.986,9.1,12.886,129.921,149.997,84.91,0.8131,68.993,Image_4325.jpg,laughing,8
115.978,117.275,130.49,41.949,47.911,52.299,118.382,45.311,13.92,7.144,6.777,110.209,128.359,116.66,0.8897,45.311,Image_4064.jpg,laughing,8
177.814,176.03,181.574,96.913,94.019,86.628,177.177,93.788,15.531,7.514,8.017,217.491,150.575,164.089,0.651,93.788,Image_2255.jpg,laughing,8
167.135,152.052,151.184,57.422,51.139,53.126,156.446,52.267,12.039,7.683,4.356,139.606,151.356,177.379,0.789,52.267,Image_11065.jpg,laughing,8
222.394,207.782,191.524,15.7,28.19,36.093,210.276,24.754,9.58,3.76,5.819,219.992,205.0,206.036,0.9169,24.754,Image_6387.jpg,laughing,8
213.737,204.842,204.413,65.969,68.863,66.128,207.432,66.927,12.122,5.957,6.165,229.697,214.79,179.154,0.7472,66.927,Image_4512.jpg,laughing,8
143.97,144.507,143.614,93.308,93.493,99.496,144.23,90.736,24.115,10.705,13.411,183.486,158.124,93.496,0.7043,90.736,Image_743.jpg,laughing,8
137.226,121.072,126.297,56.947,49.328,48.366,126.484,50.678,17.241,8.671,8.571,122.005,134.105,123.485,0.819,50.678,Image_11840.jpg,laughing,8
205.702,126.086,20.664,76.765,63.292,32.125,137.852,58.336,10.168,4.857,5.311,158.412,145.288,111.129,0.7951,58.336,Image_9468.jpg,laughing,8
214.631,213.632,217.193,34.008,38.295,40.117,214.315,36.608,9.474,5.05,4.424,218.945,205.222,218.577,0.9064,36.608,Image_8023.jpg,laughing,8
66.945,161.649,146.681,90.625,39.972,39.272,131.619,25.5,12.729,7.297,5.432,127.504,135.628,131.721,0.9085,25.5,Image_6782.jpg,laughing,8
183.58,172.183,170.656,64.468,68.579,75.364,175.399,67.282,29.541,13.652,15.889,146.304,185.853,193.191,0.7381,67.282,Image_2918.jpg,laughing,8
198.136,185.434,137.23,50.154,57.806,75.646,183.717,54.994,18.399,7.987,10.412,198.055,154.268,198.141,0.8494,54.994,Image_12472.jpg,laughing,8
203.424,192.053,182.996,44.839,51.04,58.041,194.4,49.412,11.041,6.689,4.352,186.103,199.615,197.342,0.9083,49.412,Image_488.jpg,laughing,8
115.863,84.232,58.227,43.053,40.243,42.983,90.714,40.205,10.033,5.008,5.025,66.577,96.289,108.432,0.9156,40.205,Image_463.jpg,laughing,8
59.922,46.667,40.392,75.202,57.528,49.782,49.909,61.794,15.391,8.712,6.679,36.943,55.701,56.756,0.9035,61.794,Image_9766.jpg,laughing,8
201.875,174.949,164.816,45.23,65.862,74.025,181.825,59.664,17.797,10.645,7.152,187.447,178.071,180.04,0.7634,59.664,Image_6335.jpg,laughing,8
135.733,141.975,108.886,72.159,59.295,82.926,136.323,64.295,17.785,8.631,9.154,117.811,134.546,155.69,0.6876,64.295,Image_6634.jpg,laughing,8
138.607,104.261,90.413,58.317,55.157,51.731,112.938,54.151,17.086,7.26,9.826,135.563,85.126,117.889,0.7986,54.151,Image_11297.jpg,laughing,8
92.811,90.691,70.986,74.287,47.582,42.125,89.069,49.29,15.47,9.234,6.236,110.177,90.119,67.919,0.8597,49.29,Image_6021.jpg,laughing,8
215.483,215.125,216.939,59.892,58.433,54.12,215.417,58.202,7.315,5.025,2.29,240.775,226.01,181.101,0.8146,58.202,Image_6289.jpg,laughing,8
185.196,178.266,167.907,47.035,55.587,60.254,179.139,52.279,16.903,10.489,6.413,180.195,175.583,181.525,0.769,52.279,Image_1781.jpg,laughing,8
74.411,70.419,125.998,61.409,48.361,73.593,77.941,49.76,10.464,6.316,4.148,91.64,78.101,64.713,0.7784,49.76,Image_1145.jpg,laughing,8
92.72,141.025,146.018,37.948,48.343,44.147,127.142,43.923,10.433,7.042,3.392,138.743,131.093,112.296,0.9037,43.923,Image_1209.jpg,laughing,8
217.838,198.803,181.597,40.801,44.379,49.316,202.511,42.131,12.017,7.101,4.915,185.311,198.358,222.894,0.8332,42.131,Image_8814.jpg,laughing,8
151.156,105.355,83.117,67.347,55.271,48.3,116.499,56.998,19.814,8.463,11.351,76.0,140.846,131.918,0.7901,56.998,Image_7445.jpg,laughing,8
142.013,107.647,74.024,53.143,37.475,40.435,114.075,41.056,12.703,7.276,5.427,105.036,118.103,118.859,0.8254,41.056,Image_9644.jpg,laughing,8
146.531,140.567,141.602,87.878,78.766,72.38,142.454,79.602,19.903,10.939,8.964,149.329,158.634,120.446,0.7318,79.602,Image_2812.jpg,laughing,8
147.699,144.877,133.66,62.916,63.66,80.867,144.427,63.339,27.677,15.637,12.04,150.591,140.805,142.002,0.7371,63.339,Image_11612.jpg,laughing,8
143.757,104.49,102.465,52.633,51.327,46.601,115.986,48.847,20.122,11.141,8.981,120.842,112.168,114.995,0.7511,48.847,Image_11050.jpg,laughing,8
220.974,202.891,194.484,20.409,35.14,42.789,207.317,30.911,7.428,4.727,2.7,218.984,207.611,195.901,0.8857,30.911,Image_3948.jpg,laughing,8
195.215,182.69,176.972,62.283,67.062,64.183,185.764,64.834,14.059,7.924,6.135,173.484,205.665,178.488,0.8122,64.834,Image_11746.jpg,laughing,8
129.732,122.34,116.421,64.958,66.356,72.427,123.862,66.113,12.849,7.993,4.856,134.147,143.316,95.477,0.682,66.113,Image_6113.jpg,laughing,8
183.402,178.782,167.443,71.621,71.767,74.932,178.853,71.511,17.756,8.824,8.932,224.767,194.806,119.796,0.8029,71.511,Image_10972.jpg,laughing,8
147.84,135.027,124.435,47.296,44.122,55.672,137.636,41.88,15.707,8.0,7.708,130.496,129.588,152.134,0.8447,41.88,Image_3517.jpg,laughing,8
199.036,170.646,166.217,50.409,60.22,64.209,178.61,56.046,20.459,9.365,11.094,184.213,176.125,175.633,0.8248,56.046,Image_4822.jpg,laughing,8
101.086,98.743,99.335,70.618,62.241,61.021,99.501,62.671,23.118,14.328,8.789,100.368,105.731,92.727,0.7641,62.671,Image_11647.jpg,laughing,8
182.636,156.91,141.962,72.797,70.989,70.984,162.88,70.923,17.547,7.463,10.085,157.833,163.988,166.639,0.7491,70.923,Image_9069.jpg,laughing,8
194.957,199.799,203.852,70.982,70.77,70.62,198.794,70.009,15.048,9.427,5.621,220.919,216.103,161.152,0.7803,70.009,Image_11160.jpg,laughing,8
92.337,77.589,79.301,45.026,52.096,54.39,82.185,49.771,11.917,8.316,3.601,103.837,79.347,64.226,0.7911,49.771,Image_92.jpg,laughing,8
222.374,214.042,209.888,49.229,61.685,70.441,216.038,58.716,10.04,5.995,4.045,251.321,199.251,198.382,0.8681,58.716,Image_795.jpg,laughing,8
131.304,115.061,107.061,57.717,55.069,47.474,118.993,52.626,31.655,15.408,16.247,121.311,113.581,121.946,0.8038,52.626,Image_11674.jpg,laughing,8
204.227,141.547,141.066,45.167,91.276,83.465,160.213,73.764,19.714,8.745,10.968,196.98,156.708,128.464,0.7368,73.764,Image_8467.jpg,laughing,8
118.351,105.0,87.962,38.73,42.957,46.446,107.038,40.919,12.927,6.901,6.026,82.414,113.136,124.721,0.8546,40.919,Image_4979.jpg,laughing,8
218.352,208.84,202.453,65.706,70.733,76.222,210.934,69.295,12.073,5.828,6.245,222.221,225.703,186.062,0.899,69.295,Image_8729.jpg,laughing,8
151.311,151.311,151.311,64.538,64.538,64.538,151.296,64.532,20.514,11.267,9.246,170.178,185.651,100.478,0.8621,64.532,Image_1505.jpg,laughing,8
211.572,203.344,203.533,61.871,69.242,70.195,205.804,66.203,18.392,7.112,11.28,214.649,208.732,194.567,0.8661,66.203,Image_11868.jpg,laughing,8
179.279,161.01,152.459,83.24,93.295,96.412,165.479,89.985,15.621,9.866,5.756,178.399,152.241,165.784,0.7107,89.985,Image_1182.jpg,laughing,8
133.576,115.715,102.149,37.653,40.264,38.0,119.496,38.181,13.094,8.017,5.077,132.431,119.189,107.441,0.8159,38.181,Image_6194.jpg,laughing,8
105.799,108.557,113.594,48.902,47.982,49.995,108.296,47.84,20.382,8.868,11.514,118.275,120.946,86.695,0.8102,47.84,Image_10149.jpg,laughing,8
153.614,89.692,78.882,84.981,76.393,58.313,107.557,71.641,19.447,9.446,10.0,111.992,130.699,81.234,0.8087,71.641,Image_11921.jpg,laughing,8
81.247,64.051,44.764,52.385,45.241,41.467,66.986,46.657,16.188,10.767,5.422,47.308,53.245,98.885,0.8548,46.657,Image_6155.jpg,laughing,8
220.266,221.638,210.892,32.208,38.495,47.105,219.981,35.657,10.195,5.727,4.468,223.375,219.191,217.493,0.9458,35.657,Image_7990.jpg,laughing,8
169.15,156.34,143.278,47.882,44.66,40.392,158.664,44.512,20.323,10.036,10.287,188.122,169.796,119.92,0.8793,44.512,Image_6250.jpg,laughing,8
236.917,231.03,228.412,31.003,45.056,56.564,232.468,41.405,6.797,3.986,2.811,247.304,221.459,228.814,0.8444,41.405,Image_6563.jpg,laughing,8
76.884,111.145,100.937,41.899,52.902,42.349,99.73,44.402,20.792,10.837,9.955,86.984,116.117,96.253,0.832,44.402,Image_1322.jpg,laughing,8
103.026,101.421,108.178,46.185,45.984,49.815,102.661,46.292,14.886,7.064,7.823,112.881,116.602,79.598,0.8236,46.292,Image_151.jpg,laughing,8
97.521,97.521,97.521,65.844,65.844,65.844,97.512,65.838,15.275,9.009,6.266,115.154,94.206,83.827,0.7508,65.838,Image_2429.jpg,laughing,8
196.979,194.339,200.911,37.971,41.389,42.172,195.858,38.715,11.376,5.29,6.085,206.177,204.043,178.194,0.8527,38.715,Image_1804.jpg,laughing,8
177.88,163.274,160.977,69.173,68.898,67.145,167.362,67.989,20.654,13.248,7.406,153.277,180.724,168.051,0.6722,67.989,Image_4161.jpg,laughing,8
195.181,196.868,202.593,48.716,57.038,63.252,196.997,53.977,13.498,7.575,5.923,215.026,189.094,187.332,0.7809,53.977,Image_7476.jpg,laughing,8
188.205,177.481,169.937,42.69,48.01,50.99,179.809,46.378,12.882,8.314,4.568,160.462,174.214,203.617,0.801,46.378,Image_3127.jpg,laughing,8
155.189,149.271,128.994,60.29,58.293,56.659,148.713,57.552,14.315,6.184,8.132,176.825,161.691,109.492,0.8554,57.552,Image_11203.jpg,laughing,8
142.362,137.724,103.306,87.921,72.302,61.333,135.173,73.454,16.985,9.378,7.607,196.469,142.785,69.396,0.8617,73.454,Image_4752.jpg,laughing,8
156.534,109.683,53.488,39.973,43.773,40.765,117.27,41.44,9.337,4.429,4.908,129.686,120.693,102.15,0.7829,41.44,Image_1873.jpg,laughing,8
87.349,83.488,80.784,52.812,54.129,54.473,84.325,53.766,12.097,7.492,4.605,70.958,85.578,95.89,0.9214,53.766,Image_7071.jpg,laughing,8
211.099,205.89,205.54,74.376,77.311,74.838,207.386,75.852,14.221,7.803,6.417,231.377,209.74,182.239,0.7721,75.852,Image_11876.jpg,laughing,8
133.354,132.755,67.978,66.067,65.72,46.153,125.536,60.08,17.423,10.628,6.795,167.523,118.489,92.184,0.7906,60.08,Image_439.jpg,laughing,8
183.331,173.005,135.646,62.894,69.748,79.229,171.815,66.45,18.162,9.465,8.698,117.813,191.721,204.362,0.7764,66.45,Image_4093.jpg,laughing,8
247.564,191.071,182.941,21.421,22.144,24.687,207.011,19.939,4.75,3.164,1.587,202.868,209.885,208.223,0.9486,19.939,Image_4923.jpg,laughing,8
172.706,157.75,147.89,46.938,48.989,56.923,161.08,47.952,17.565,7.728,9.837,142.53,159.397,180.394,0.7834,47.952,Image_10114.jpg,laughing,8
171.606,142.958,153.905,70.903,66.033,68.506,152.754,66.217,14.124,6.965,7.158,117.691,183.24,157.124,0.7405,66.217,Image_4313.jpg,laughing,8
167.946,171.402,133.811,83.981,55.802,47.847,166.066,54.431,22.029,11.441,10.588,133.644,170.003,193.258,0.8337,54.431,Image_1249.jpg,laughing,8
201.02,188.573,183.088,40.207,48.154,49.703,191.649,43.08,17.012,7.862,9.15,207.03,189.934,178.605,0.8773,43.08,Image_5100.jpg,laughing,8
186.678,169.189,152.852,54.464,68.083,75.989,172.537,64.752,7.629,3.336,4.294,188.279,180.69,149.728,0.7241,64.752,Image_6416.jpg,laughing,8
222.318,218.8,219.752,63.718,69.29,68.319,219.938,66.533,10.342,5.003,5.339,237.678,206.18,216.137,0.7811,66.533,Image_7272.jpg,laughing,8
60.998,229.928,62.181,72.183,50.137,86.953,160.289,32.369,7.946,5.13,2.816,144.806,156.337,178.84,0.9423,32.369,Image_2901.jpg,laughing,8
175.493,156.143,134.782,54.88,57.28,61.202,159.476,56.017,17.432,10.552,6.88,170.228,165.165,143.782,0.7358,56.017,Image_11021.jpg,laughing,8
233.569,214.12,203.52,19.125,36.593,46.791,218.704,31.199,8.524,5.3,3.224,218.342,217.769,219.941,0.8879,31.199,Image_4617.jpg,laughing,8
129.404,127.833,109.186,83.416,72.161,66.623,126.164,66.438,24.656,14.294,10.362,103.054,143.68,131.505,0.7114,66.438,Image_9807.jpg,laughing,8
61.97,61.9,64.656,61.935,54.024,49.197,62.229,55.59,16.779,10.563,6.216,75.491,70.654,41.528,0.8238,55.59,Image_6057.jpg,laughing,8
216.998,213.426,214.76,60.056,63.356,61.376,214.624,61.686,11.408,5.449,5.959,239.364,212.072,193.446,0.8995,61.686,Image_4945.jpg,laughing,8
123.364,108.809,110.809,66.341,64.823,69.794,113.376,63.742,19.6,11.284,8.317,138.013,112.027,91.148,0.6707,63.742,Image_2948.jpg,laughing,8
206.447,196.498,193.028,71.221,80.25,83.836,199.057,77.608,16.247,9.951,6.296,235.369,177.799,184.686,0.7117,77.608,Image_3361.jpg,laughing,8
207.505,207.505,207.505,44.311,44.311,44.311,207.484,44.307,9.658,5.025,4.634,213.403,219.746,190.129,0.7865,44.307,Image_11370.jpg,laughing,8
148.579,137.049,137.968,70.101,70.875,73.174,140.587,68.292,30.505,13.331,17.175,157.306,127.138,137.464,0.7694,68.292,Image_135.jpg,laughing,8
116.741,110.648,119.505,61.972,60.375,59.845,113.468,60.291,10.859,7.099,3.76,168.124,108.689,65.857,0.7855,60.291,Image_11755.jpg,laughing,8
165.363,156.841,126.773,66.333,63.123,56.705,155.945,57.841,20.775,10.248,10.527,184.003,154.288,130.744,0.7803,57.841,Image_4157.jpg,laughing,8
122.859,104.229,89.711,65.557,61.047,66.933,108.132,61.632,15.118,8.911,6.206,119.017,107.305,98.532,0.6799,61.632,Image_1601.jpg,laughing,8
215.735,190.451,178.536,26.704,37.106,41.188,196.631,32.718,9.47,5.341,4.129,203.052,192.007,194.915,0.8404,32.718,Image_4794.jpg,laughing,8
45.19,45.19,45.19,41.378,41.378,41.378,45.186,41.374,13.351,8.916,4.434,37.737,55.275,42.666,0.8789,41.374,Image_4873.jpg,laughing,8
83.051,74.877,53.619,70.168,59.909,64.105,74.889,61.603,23.575,12.421,11.153,89.907,72.77,62.577,0.6892,61.603,Image_6122.jpg,laughing,8
110.021,85.96,68.759,62.897,57.139,48.428,91.182,57.669,14.176,8.633,5.543,57.294,94.827,120.05,0.7582,57.669,Image_5851.jpg,laughing,8
215.977,204.392,199.45,68.211,77.409,81.131,207.271,74.664,12.229,8.338,3.891,238.377,206.866,177.966,0.6385,74.664,Image_57.jpg,laughing,8
103.786,77.208,72.433,36.752,33.963,33.551,84.6,34.158,13.271,9.011,4.259,89.699,76.555,87.412,0.8596,34.158,Image_2484.jpg,laughing,8
195.697,165.763,154.675,68.152,51.081,53.07,173.43,54.395,12.497,7.614,4.883,194.57,170.048,156.478,0.7522,54.395,Image_8903.jpg,laughing,8
232.909,222.184,217.517,19.713,32.956,41.575,224.836,29.29,8.154,5.023,3.132,230.101,218.246,226.1,0.9274,29.29,Image_5871.jpg,laughing,8
200.982,187.164,175.527,69.172,73.558,77.624,189.949,72.122,14.354,6.144,8.211,173.218,177.085,218.198,0.8227,72.122,Image_10028.jpg,laughing,8
149.623,110.742,100.057,79.529,52.686,46.502,121.134,55.044,19.371,12.885,6.486,121.407,116.365,125.426,0.7351,55.044,Image_3072.jpg,laughing,8
199.04,203.122,209.624,83.881,71.243,63.862,202.623,72.682,14.243,8.277,5.966,238.468,215.849,155.783,0.8623,72.682,Image_10461.jpg,listening_to_music,9
143.344,156.443,141.866,61.847,48.204,48.162,150.85,51.602,24.118,11.31,12.807,130.065,162.618,159.457,0.7915,51.602,Image_12207.jpg,listening_to_music,9
167.879,169.315,168.932,87.166,77.524,74.468,168.825,79.249,17.501,11.459,6.041,208.984,154.324,144.334,0.5993,79.249,Image_529.jpg,listening_to_music,9
58.747,49.378,67.574,51.683,37.998,29.319,54.248,39.76,12.596,7.128,5.469,56.38,56.987,49.597,0.8457,39.76,Image_9110.jpg,listening_to_music,9
94.826,97.301,71.691,56.483,48.626,58.182,93.632,49.989,35.072,19.891,15.18,82.99,99.459,98.228,0.8242,49.989,Image_1593.jpg,listening_to_music,9
209.487,213.459,215.747,44.52,44.818,48.444,212.511,44.025,13.624,7.151,6.474,235.528,185.954,215.891,0.9045,44.025,Image_4221.jpg,listening_to_music,9
201.847,203.971,213.427,55.127,59.882,63.658,204.394,58.54,21.518,13.066,8.452,224.756,186.855,201.699,0.7978,58.54,Image_8487.jpg,listening_to_music,9
208.288,201.755,200.04,78.831,76.608,78.729,203.492,75.221,14.051,8.246,5.805,221.869,192.822,196.137,0.6686,75.221,Image_5776.jpg,listening_to_music,9
177.594,173.328,173.934,78.456,78.45,79.639,174.655,78.009,19.809,11.311,8.498,205.994,174.131,145.24,0.5675,78.009,Image_7295.jpg,listening_to_music,9
210.274,199.544,211.612,62.746,71.695,58.299,204.107,66.156,11.987,6.868,5.119,235.517,218.699,160.195,0.8551,66.156,Image_8288.jpg,listening_to_music,9
78.463,73.908,70.891,74.374,71.988,71.843,74.918,72.566,17.93,9.809,8.121,51.072,94.149,79.325,0.7239,72.566,Image_7068.jpg,listening_to_music,9
189.573,179.585,184.73,56.691,60.465,64.284,183.139,59.586,19.199,12.687,6.511,182.76,201.989,165.508,0.7749,59.586,Image_4324.jpg,listening_to_music,9
164.668,165.594,160.904,81.096,77.643,82.323,164.766,78.471,23.86,13.182,10.678,201.134,161.48,133.187,0.6516,78.471,Image_4301.jpg,listening_to_music,9
87.561,57.959,39.432,77.824,56.488,43.021,64.689,59.07,17.358,11.839,5.519,46.975,75.823,70.969,0.7101,59.07,Image_1046.jpg,listening_to_music,9
170.373,165.86,163.928,61.214,56.534,55.604,166.972,56.633,29.618,16.043,13.575,199.358,152.967,149.426,0.7896,56.633,Image_10068.jpg,listening_to_music,9
73.285,68.28,66.539,56.952,52.063,53.984,69.57,52.409,10.377,5.821,4.556,82.747,64.646,61.694,0.7527,52.409,Image_3691.jpg,listening_to_music,9
80.95,181.515,179.6,84.341,31.006,39.645,151.22,36.153,9.2,5.977,3.223,139.141,159.088,155.239,0.8921,36.153,Image_690.jpg,listening_to_music,9
225.542,217.999,216.69,58.294,64.804,65.458,220.083,62.288,9.153,5.377,3.777,234.621,224.556,201.935,0.8843,62.288,Image_3176.jpg,listening_to_music,9
208.454,179.856,145.862,46.044,60.095,76.476,184.511,56.836,14.931,7.769,7.161,197.351,174.869,181.457,0.7651,56.836,Image_1464.jpg,listening_to_music,9
246.081,241.87,240.741,22.162,32.123,35.803,242.976,29.315,5.911,3.734,2.177,246.718,236.799,245.299,0.9546,29.315,Image_7617.jpg,listening_to_music,9
107.463,108.402,106.957,65.077,56.436,50.18,107.946,58.054,15.908,9.12,6.788,132.536,108.135,84.293,0.7583,58.054,Image_10097.jpg,listening_to_music,9
141.925,153.342,159.425,66.702,72.381,78.033,150.608,69.337,14.265,8.067,6.198,187.428,168.916,97.985,0.7376,69.337,Image_3254.jpg,listening_to_music,9
182.527,163.756,149.281,63.855,68.919,74.989,167.7,67.085,23.621,11.692,11.928,210.866,154.124,139.455,0.7484,67.085,Image_3570.jpg,listening_to_music,9
83.58,157.072,177.059,98.359,48.617,46.598,137.368,57.594,22.288,9.851,12.437,116.086,132.744,162.096,0.8379,57.594,Image_3608.jpg,listening_to_music,9
184.568,167.475,154.262,48.993,55.242,58.034,171.061,51.673,20.813,11.967,8.846,176.953,155.664,180.134,0.7772,51.673,Image_11069.jpg,listening_to_music,9
167.066,128.982,124.147,67.096,73.286,74.403,139.801,69.347,24.897,12.083,12.814,137.133,127.752,153.85,0.7554,69.347,Image_4688.jpg,listening_to_music,9
46.281,130.155,167.374,81.789,50.469,42.123,109.315,55.396,13.136,6.662,6.475,114.847,118.318,95.441,0.7724,55.396,Image_1965.jpg,listening_to_music,9
164.349,155.203,145.915,73.084,73.608,80.262,156.862,73.017,22.64,12.875,9.765,190.209,145.984,135.415,0.7593,73.017,Image_4998.jpg,listening_to_music,9
128.249,228.556,206.728,57.669,38.788,77.734,196.063,29.405,9.69,5.391,4.299,202.1,195.592,190.75,0.953,29.405,Image_2269.jpg,listening_to_music,9
188.396,185.692,178.09,73.632,76.036,80.6,185.615,75.572,16.023,8.615,7.408,232.012,196.487,130.95,0.8712,75.572,Image_4962.jpg,listening_to_music,9
33.422,29.695,26.242,54.928,50.961,47.891,30.412,51.515,17.231,10.893,6.338,12.695,28.526,49.125,0.8513,51.515,Image_12531.jpg,listening_to_music,9
184.798,164.694,154.911,69.173,76.789,81.042,169.571,74.474,19.876,12.061,7.815,169.163,161.639,177.532,0.8229,74.474,Image_1029.jpg,listening_to_music,9
139.865,157.679,118.362,57.041,52.883,58.93,147.857,53.252,32.299,14.08,18.218,156.775,172.25,116.059,0.8248,53.252,Image_9378.jpg,listening_to_music,9
143.083,137.844,136.588,45.045,45.222,42.911,139.253,44.478,11.235,6.24,4.995,153.361,154.083,111.629,0.858,44.478,Image_1075.jpg,listening_to_music,9
201.877,185.831,172.395,54.316,61.163,59.033,189.077,58.468,16.714,10.757,5.957,199.128,195.637,173.221,0.7147,58.468,Image_8166.jpg,listening_to_music,9
146.805,135.081,105.055,73.508,68.123,59.73,135.149,65.925,26.474,15.993,10.48,149.128,163.742,94.511,0.7707,65.925,Image_8017.jpg,listening_to_music,9
157.372,156.456,157.711,107.196,106.372,104.997,156.857,106.185,15.919,9.792,6.126,222.659,153.105,97.628,0.8551,106.185,Image_5586.jpg,listening_to_music,9
142.155,129.741,118.778,61.546,62.705,68.542,132.189,62.156,22.005,9.618,12.387,124.107,139.294,133.121,0.6964,62.156,Image_5533.jpg,listening_to_music,9
125.267,150.603,94.919,80.226,60.619,72.24,136.667,61.5,26.479,13.941,12.538,156.126,106.383,146.999,0.8225,61.5,Image_4177.jpg,listening_to_music,9
192.305,195.793,182.838,30.416,39.86,44.155,193.254,36.022,14.616,8.596,6.021,202.03,184.922,192.831,0.8581,36.022,Image_6715.jpg,listening_to_music,9
141.246,106.967,88.033,83.415,74.109,64.781,115.044,74.96,16.63,10.072,6.558,75.123,143.652,125.842,0.7385,74.96,Image_9848.jpg,listening_to_music,9
191.886,193.8,193.668,68.976,60.273,56.085,193.193,61.602,14.863,9.819,5.044,225.442,186.605,168.7,0.7734,61.602,Image_9845.jpg,listening_to_music,9
206.955,199.647,185.775,35.292,39.628,54.314,200.23,37.741,10.66,6.282,4.378,210.166,211.802,179.699,0.9112,37.741,Image_1077.jpg,listening_to_music,9
189.849,186.276,186.041,46.024,47.717,45.924,187.298,46.526,25.277,12.428,12.849,204.083,183.483,174.919,0.8769,46.526,Image_6483.jpg,listening_to_music,9
181.957,196.399,207.778,101.645,77.761,63.937,193.36,82.08,13.145,7.609,5.536,242.889,186.11,153.002,0.9306,82.08,Image_9506.jpg,listening_to_music,9
179.66,169.198,165.339,50.256,58.283,61.636,171.868,54.996,13.399,8.257,5.142,141.011,161.793,210.939,0.8254,54.996,Image_7424.jpg,listening_to_music,9
187.5,168.402,108.415,79.918,73.589,83.923,167.255,71.735,18.628,11.718,6.91,190.886,182.449,130.194,0.8166,71.735,Image_313.jpg,listening_to_music,9
141.677,134.127,131.164,55.923,52.044,51.44,136.032,52.587,13.372,8.554,4.818,120.437,137.93,149.108,0.9345,52.587,Image_5269.jpg,listening_to_music,9
168.091,131.255,103.729,48.783,43.388,37.303,139.114,43.767,14.901,9.904,4.997,156.246,135.147,126.548,0.8136,43.767,Image_9398.jpg,listening_to_music,9
227.942,226.076,224.078,40.906,44.682,47.589,226.383,43.795,8.313,4.159,4.155,237.182,236.09,206.811,0.857,43.795,Image_8306.jpg,listening_to_music,9
207.95,210.008,219.209,46.233,44.68,41.923,210.42,43.715,13.715,6.752,6.963,212.012,198.502,220.278,0.8657,43.715,Image_4906.jpg,listening_to_music,9
76.028,92.257,98.851,46.514,43.58,41.933,88.149,43.21,19.525,10.976,8.55,74.538,82.506,106.527,0.8233,43.21,Image_10850.jpg,listening_to_music,9
175.714,161.419,158.098,57.811,60.669,61.667,165.297,59.498,14.435,8.932,5.502,168.775,185.094,143.079,0.7369,59.498,Image_10496.jpg,listening_to_music,9
101.691,107.812,117.703,63.601,65.738,71.669,107.099,64.913,18.246,9.355,8.89,153.101,99.755,70.199,0.8575,64.913,Image_8477.jpg,listening_to_music,9
128.223,103.547,107.077,51.958,51.251,49.368,111.314,49.963,21.514,10.579,10.935,120.503,119.059,95.151,0.79,49.963,Image_7936.jpg,listening_to_music,9
210.37,207.604,207.231,45.693,46.151,45.433,208.368,45.485,24.139,11.965,12.174,216.65,222.125,187.33,0.8324,45.485,Image_9971.jpg,listening_to_music,9
187.981,192.479,151.182,48.689,54.862,52.354,186.408,50.495,13.907,8.547,5.36,168.182,185.435,204.734,0.8553,50.495,Image_6852.jpg,listening_to_music,9
182.106,176.762,179.627,58.337,57.108,52.447,178.668,56.016,14.524,8.637,5.888,186.444,172.813,176.834,0.7983,56.016,Image_3602.jpg,listening_to_music,9
140.975,144.29,144.333,64.795,65.42,68.602,143.29,65.426,17.105,11.898,5.207,167.874,148.875,114.492,0.7164,65.426,Image_5904.jpg,listening_to_music,9
149.921,148.399,143.234,69.987,68.443,69.191,148.25,68.349,22.126,13.847,8.279,203.018,136.055,107.613,0.8375,68.349,Image_8384.jpg,listening_to_music,9
47.923,41.679,42.056,32.277,24.292,23.942,43.584,25.909,9.532,4.902,4.631,41.058,46.572,43.143,0.8895,25.909,Image_1303.jpg,listening_to_music,9
186.66,190.07,188.442,43.776,44.977,46.357,188.846,43.964,18.845,9.969,8.876,201.398,195.678,170.345,0.8564,43.964,Image_12440.jpg,listening_to_music,9
187.22,178.647,169.401,62.392,66.895,72.085,180.137,65.538,19.513,12.025,7.488,199.459,161.422,179.559,0.6872,65.538,Image_12111.jpg,listening_to_music,9
163.835,144.655,132.561,65.301,69.538,74.74,148.995,68.012,15.985,9.454,6.531,184.615,156.377,107.948,0.656,68.012,Image_8926.jpg,listening_to_music,9
187.881,163.978,153.742,56.938,69.187,75.675,169.939,65.599,17.22,10.377,6.842,173.851,162.329,173.47,0.7194,65.599,Image_12443.jpg,listening_to_music,9
207.87,203.624,196.735,50.921,53.192,62.615,204.087,52.731,17.042,9.352,7.69,239.329,213.311,161.643,0.8777,52.731,Image_5991.jpg,listening_to_music,9
161.434,190.273,197.934,94.773,69.112,60.017,182.508,72.944,13.428,7.975,5.453,218.32,198.297,133.252,0.6806,72.944,Image_2259.jpg,listening_to_music,9
189.299,194.858,158.406,75.658,71.639,47.612,189.022,69.324,16.933,9.676,7.257,204.142,184.58,178.828,0.7175,69.324,Image_5350.jpg,listening_to_music,9
136.376,144.938,138.553,62.281,64.323,64.728,141.636,59.894,26.537,13.354,13.184,162.866,163.573,100.432,0.7983,59.894,Image_5013.jpg,listening_to_music,9
150.827,132.934,129.117,71.447,77.799,78.696,137.834,75.536,16.405,8.721,7.684,177.518,156.787,81.862,0.6756,75.536,Image_2545.jpg,listening_to_music,9
202.142,150.733,157.29,58.621,63.018,58.428,166.831,58.155,22.952,10.623,12.329,180.585,160.031,160.194,0.8411,58.155,Image_11193.jpg,listening_to_music,9
122.976,112.982,117.435,67.126,62.525,60.36,116.465,62.341,22.445,11.536,10.909,115.046,97.126,136.279,0.788,62.341,Image_7258.jpg,listening_to_music,9
194.781,180.017,182.553,65.117,64.167,63.63,184.701,63.649,19.358,9.424,9.933,202.223,194.547,158.576,0.8418,63.649,Image_5516.jpg,listening_to_music,9
149.676,145.949,122.103,68.643,69.67,82.495,144.33,69.65,24.127,14.222,9.904,173.065,154.697,107.005,0.6511,69.65,Image_790.jpg,listening_to_music,9
58.863,139.284,170.884,89.572,50.129,38.498,118.835,57.254,15.358,6.558,8.8,99.163,113.448,142.754,0.885,57.254,Image_11989.jpg,listening_to_music,9
108.701,135.624,156.189,41.233,36.764,41.849,129.908,36.111,12.247,5.295,6.953,147.228,137.438,106.187,0.8938,36.111,Image_9932.jpg,listening_to_music,9
131.438,115.958,84.391,51.964,44.883,54.441,116.975,46.466,23.522,14.654,8.868,115.955,126.536,108.822,0.8075,46.466,Image_8608.jpg,listening_to_music,9
90.789,98.072,95.398,63.24,59.99,56.054,95.58,60.081,25.116,15.622,9.494,105.712,81.827,99.038,0.7637,60.081,Image_7637.jpg,listening_to_music,9
168.396,135.104,118.627,52.717,54.952,44.703,143.163,48.48,20.996,11.812,9.184,149.697,153.334,127.217,0.8281,48.48,Image_3557.jpg,listening_to_music,9
203.784,187.446,182.55,75.479,82.658,84.926,191.752,79.459,16.537,8.822,7.714,213.148,213.798,150.286,0.8957,79.459,Image_12524.jpg,listening_to_music,9
207.282,205.44,207.39,81.646,81.149,76.653,206.192,80.55,13.162,7.572,5.591,244.892,193.279,181.577,0.8289,80.55,Image_539.jpg,listening_to_music,9
154.236,129.83,106.536,76.658,68.521,64.966,134.456,69.831,22.219,12.538,9.681,160.527,143.427,101.007,0.6346,69.831,Image_530.jpg,listening_to_music,9
175.939,190.309,181.881,91.245,74.64,83.318,185.034,77.493,19.444,10.628,8.815,231.566,163.903,160.787,0.8069,77.493,Image_10121.jpg,listening_to_music,9
195.181,192.087,196.093,70.215,70.601,68.135,193.449,69.47,21.55,7.359,14.191,185.89,199.984,194.427,0.8959,69.47,Image_7167.jpg,listening_to_music,9
68.601,75.8,69.151,62.176,55.239,54.811,72.882,55.569,15.079,9.373,5.706,96.628,70.214,52.763,0.7676,55.569,Image_7501.jpg,listening_to_music,9
147.339,139.794,133.916,71.682,66.378,67.578,141.365,65.731,19.841,9.326,10.515,88.828,172.001,162.272,0.7893,65.731,Image_11329.jpg,listening_to_music,9
151.785,141.096,108.857,82.222,65.078,86.397,140.601,70.239,21.134,11.596,9.538,125.138,119.461,175.541,0.7697,70.239,Image_6839.jpg,listening_to_music,9
209.958,204.935,201.594,42.486,47.864,51.101,206.035,46.206,14.136,8.227,5.909,219.213,196.565,202.495,0.8759,46.206,Image_7144.jpg,listening_to_music,9
237.135,216.64,216.853,21.58,43.495,44.852,222.769,36.597,6.602,3.721,2.881,233.607,216.455,218.45,0.8132,36.597,Image_1732.jpg,listening_to_music,9
185.36,188.399,176.961,60.476,53.763,53.122,186.168,54.386,11.454,7.606,3.848,178.008,212.206,169.103,0.7355,54.386,Image_1206.jpg,listening_to_music,9
132.09,115.629,117.542,73.537,74.082,70.746,120.756,71.121,17.073,8.959,8.114,78.993,118.047,163.206,0.7726,71.121,Image_1296.jpg,listening_to_music,9
165.177,154.909,144.709,64.968,65.083,64.301,156.8,63.755,21.053,12.193,8.86,193.371,137.342,140.466,0.6986,63.755,Image_9392.jpg,listening_to_music,9
67.713,83.404,94.623,51.902,43.385,42.964,79.984,45.109,13.622,7.017,6.605,65.366,99.429,75.378,0.8655,45.109,Image_8173.jpg,listening_to_music,9
126.918,110.928,78.193,66.262,61.856,54.145,111.965,61.097,20.876,13.363,7.513,147.65,109.273,80.471,0.7357,61.097,Image_10033.jpg,listening_to_music,9
201.419,192.555,174.087,51.684,54.916,56.321,193.08,53.231,18.014,10.703,7.312,190.411,180.652,207.492,0.7756,53.231,Image_3365.jpg,listening_to_music,9
152.665,142.66,135.408,73.818,76.509,70.103,144.809,74.107,26.713,15.469,11.244,170.037,147.493,118.167,0.6147,74.107,Image_11814.jpg,listening_to_music,9
179.38,169.614,160.06,68.903,71.177,76.278,171.427,68.598,13.633,8.648,4.984,177.355,177.817,159.67,0.6294,68.598,Image_11174.jpg,listening_to_music,9
147.21,124.043,97.864,64.06,61.436,54.035,127.971,61.036,12.943,7.456,5.488,91.411,152.912,139.06,0.7182,61.036,Image_4782.jpg,listening_to_music,9
163.692,166.391,140.223,73.202,72.356,70.306,162.584,70.142,18.544,7.528,11.016,210.265,177.348,102.979,0.7806,70.142,Image_11951.jpg,listening_to_music,9
35.975,33.654,35.467,46.169,40.725,41.346,34.551,42.249,13.266,6.285,6.981,28.197,46.244,29.454,0.9124,42.249,Image_7000.jpg,listening_to_music,9
89.726,116.15,115.978,74.305,47.499,47.898,108.221,51.52,21.281,12.177,9.105,108.183,109.88,106.673,0.8104,51.52,Image_11134.jpg,listening_to_music,9
199.414,189.461,184.599,45.029,56.618,61.831,191.863,53.235,13.605,7.375,6.23,204.161,190.337,181.58,0.8889,53.235,Image_4430.jpg,listening_to_music,9
148.179,75.253,66.007,66.652,54.956,47.492,95.989,52.762,13.413,7.86,5.553,97.645,96.675,93.754,0.7602,52.762,Image_5723.jpg,listening_to_music,9
186.716,158.319,143.674,82.504,83.351,87.176,165.122,81.81,19.031,8.34,10.691,203.083,163.865,130.086,0.7621,81.81,Image_11835.jpg,listening_to_music,9
94.424,83.127,76.46,66.978,64.33,63.226,85.735,64.896,20.059,13.385,6.674,76.242,102.31,78.975,0.7139,64.896,Image_9610.jpg,listening_to_music,9
192.591,227.797,226.603,96.509,45.067,52.161,217.115,52.229,11.479,6.138,5.341,234.43,199.492,217.409,0.8689,52.229,Image_11268.jpg,listening_to_music,9
199.413,208.317,217.376,59.856,52.82,46.09,206.667,54.007,13.764,7.873,5.891,245.393,190.814,184.835,0.8894,54.007,Image_112.jpg,listening_to_music,9
163.872,154.522,143.529,69.457,64.477,55.12,156.048,63.301,22.244,9.942,12.302,175.804,173.229,120.789,0.726,63.301,Image_835.jpg,listening_to_music,9
234.284,229.097,226.57,35.643,26.015,23.661,230.337,27.868,6.398,2.842,3.556,241.35,222.401,227.398,0.9635,27.868,Image_11862.jpg,listening_to_music,9
134.542,137.237,129.153,61.327,71.946,75.067,135.496,68.316,19.76,13.036,6.724,135.443,139.328,131.89,0.646,68.316,Image_9194.jpg,listening_to_music,9
215.573,201.294,195.732,44.529,52.265,56.924,204.908,49.325,19.351,9.676,9.675,220.259,176.821,217.064,0.8436,49.325,Image_5930.jpg,listening_to_music,9
229.441,218.524,204.231,32.135,40.158,49.966,220.136,37.468,13.558,7.214,6.344,219.841,215.223,225.107,0.8748,37.468,Image_9355.jpg,listening_to_music,9
212.742,215.841,220.651,79.267,68.593,59.735,215.442,70.18,11.913,5.981,5.932,249.753,200.735,196.728,0.8746,70.18,Image_1597.jpg,listening_to_music,9
153.747,161.53,158.146,70.651,65.003,63.213,158.802,65.007,23.765,13.614,10.151,175.068,190.751,112.778,0.7944,65.007,Image_12015.jpg,listening_to_music,9
191.336,190.27,189.614,59.358,61.149,62.234,190.494,60.519,12.426,8.155,4.27,222.003,194.18,156.9,0.78,60.519,Image_1278.jpg,listening_to_music,9
183.899,179.11,178.975,25.416,32.966,40.309,180.508,30.828,7.436,4.743,2.693,170.922,187.354,183.125,0.8493,30.828,Image_7070.jpg,listening_to_music,9
160.46,169.539,181.879,82.35,66.79,59.042,168.215,69.162,16.073,10.205,5.868,200.85,174.011,131.53,0.6701,69.162,Image_10450.jpg,listening_to_music,9
211.904,195.125,183.204,43.713,55.954,65.976,198.761,52.965,14.46,6.539,7.921,205.365,187.25,203.446,0.7496,52.965,Image_12074.jpg,listening_to_music,9
188.382,154.097,152.848,80.19,72.95,71.513,164.187,72.88,16.745,8.965,7.78,148.519,168.232,175.282,0.8064,72.88,Image_7051.jpg,listening_to_music,9
131.713,132.465,145.514,70.217,70.709,77.014,133.715,69.311,21.01,9.799,11.211,149.34,126.952,125.255,0.6803,69.311,Image_8595.jpg,listening_to_music,9
185.23,172.082,166.05,72.581,74.05,74.248,175.307,72.793,17.782,8.139,9.643,233.456,175.651,119.473,0.8025,72.793,Image_7086.jpg,listening_to_music,9
155.076,147.987,126.02,57.165,53.538,67.25,147.587,54.681,13.005,7.81,5.195,107.1,164.992,169.619,0.7887,54.681,Image_7461.jpg,listening_to_music,9
176.024,164.741,159.816,66.527,65.968,65.27,167.536,65.476,25.052,12.728,12.324,178.488,171.183,153.599,0.7224,65.476,Image_1457.jpg,listening_to_music,9
176.086,141.332,103.341,65.878,60.91,66.613,147.375,60.901,17.623,10.186,7.437,119.132,148.509,173.252,0.7881,60.901,Image_180.jpg,listening_to_music,9
129.349,115.979,112.454,77.034,77.99,74.94,119.562,76.834,19.089,12.695,6.394,164.391,136.752,60.362,0.6643,76.834,Image_2823.jpg,listening_to_music,9
53.131,181.601,215.879,65.036,33.246,38.646,147.091,32.874,8.826,4.239,4.587,150.006,142.3,148.882,0.9538,32.874,Image_1734.jpg,listening_to_music,9
119.35,108.558,85.372,58.904,54.136,50.818,109.13,53.997,14.022,9.317,4.705,126.478,106.242,95.326,0.7904,53.997,Image_5121.jpg,listening_to_music,9
143.64,181.842,192.395,51.251,46.842,58.14,171.608,45.496,8.436,3.998,4.438,198.807,158.419,158.235,0.8887,45.496,Image_8174.jpg,listening_to_music,9
158.821,139.278,137.16,89.087,100.341,100.155,144.864,96.628,20.612,10.088,10.524,232.433,117.912,87.002,0.8653,96.628,Image_3870.jpg,listening_to_music,9
107.448,102.385,110.9,61.238,61.594,62.977,104.859,60.043,18.886,10.969,7.917,115.133,113.182,87.106,0.7239,60.043,Image_11318.jpg,listening_to_music,9
188.198,188.132,189.523,88.685,88.753,86.871,188.291,88.496,18.102,9.159,8.942,184.81,191.476,188.574,0.7034,88.496,Image_5694.jpg,listening_to_music,9
171.095,168.116,166.746,88.002,85.946,84.725,168.834,85.861,13.199,7.099,6.1,216.905,158.856,132.472,0.899,85.861,Image_1938.jpg,listening_to_music,9
95.716,87.928,88.273,64.259,65.779,66.355,90.286,64.479,30.611,17.211,13.399,119.153,73.129,79.109,0.744,64.479,Image_7962.jpg,listening_to_music,9
189.526,157.945,134.005,41.768,44.279,46.364,164.64,42.596,14.862,8.317,6.545,160.7,166.565,166.564,0.858,42.596,Image_12021.jpg,listening_to_music,9
174.358,157.721,142.954,64.82,72.465,79.938,160.995,70.47,15.23,8.423,6.806,226.476,150.533,108.476,0.8055,70.47,Image_438.jpg,listening_to_music,9
155.04,141.157,120.607,66.318,67.799,66.903,142.95,66.865,31.334,15.011,16.323,133.069,160.45,135.677,0.691,66.865,Image_5041.jpg,listening_to_music,9
222.219,205.77,208.254,35.46,46.596,49.772,210.949,42.787,13.683,8.475,5.208,207.259,208.056,217.233,0.8376,42.787,Image_5842.jpg,listening_to_music,9
224.663,213.284,212.163,48.064,56.972,59.111,216.536,53.742,13.266,8.296,4.97,214.66,213.838,220.903,0.7407,53.742,Image_10414.jpg,listening_to_music,9
192.696,189.19,184.931,86.433,86.497,90.412,189.734,86.424,13.928,6.794,7.134,221.594,174.806,173.571,0.8091,86.424,Image_5327.jpg,listening_to_music,9
176.495,163.299,159.781,78.668,82.308,82.799,166.826,80.428,16.87,7.421,9.449,228.45,163.784,110.907,0.7385,80.428,Image_1388.jpg,listening_to_music,9
235.808,233.734,233.415,34.29,38.308,40.428,234.294,36.983,6.524,3.96,2.564,237.453,227.05,238.193,0.8818,36.983,Image_6064.jpg,listening_to_music,9
114.415,133.18,112.427,64.168,49.582,60.448,125.192,52.506,29.472,15.978,13.495,127.871,126.018,121.847,0.7559,52.506,Image_7309.jpg,listening_to_music,9
173.193,186.835,177.861,90.632,76.026,83.542,181.716,77.879,20.422,11.533,8.889,225.803,160.382,159.996,0.7908,77.879,Image_8118.jpg,listening_to_music,9
187.998,203.293,97.712,47.771,55.598,34.93,186.665,47.79,16.724,9.122,7.602,205.641,197.54,158.169,0.911,47.79,Image_3460.jpg,listening_to_music,9
150.238,137.323,106.62,71.326,73.974,83.928,137.669,73.497,36.916,20.649,16.267,179.542,131.558,103.534,0.7546,73.497,Image_11169.jpg,listening_to_music,9
237.671,219.528,218.482,41.16,57.525,59.194,224.81,50.681,12.304,6.984,5.32,233.189,216.665,224.585,0.8611,50.681,Image_5583.jpg,listening_to_music,9
207.206,203.316,203.035,44.677,50.134,54.232,204.426,48.416,16.015,9.658,6.357,202.052,211.428,200.008,0.7849,48.416,Image_10129.jpg,listening_to_music,9
111.368,106.628,107.549,54.906,55.547,56.216,108.139,55.069,17.995,10.528,7.468,92.488,135.736,96.735,0.7603,55.069,Image_6886.jpg,listening_to_music,9
151.891,137.142,127.06,58.738,58.749,59.408,140.387,58.438,34.172,22.2,11.971,154.913,162.51,105.405,0.786,58.438,Image_5896.jpg,listening_to_music,9
208.585,203.132,200.161,46.379,48.616,54.518,204.403,47.913,17.049,6.634,10.415,183.095,224.013,206.023,0.8542,47.913,Image_3586.jpg,listening_to_music,9
129.204,137.701,138.608,62.642,70.913,69.782,135.251,67.567,16.585,8.881,7.703,133.887,170.856,102.566,0.7151,67.567,Image_4285.jpg,listening_to_music,9
203.127,202.032,202.898,57.609,58.375,56.542,202.438,57.708,11.809,5.874,5.935,231.389,186.913,189.622,0.7879,57.708,Image_11471.jpg,listening_to_music,9
210.283,207.197,206.549,59.208,58.279,54.527,208.025,57.875,17.531,9.469,8.062,222.209,189.75,211.929,0.8019,57.875,Image_120.jpg,listening_to_music,9
194.087,197.961,198.307,48.093,55.088,60.665,196.823,53.118,13.146,7.518,5.628,228.902,191.414,171.364,0.8059,53.118,Image_11956.jpg,listening_to_music,9
118.875,101.982,82.471,56.534,50.604,47.52,104.797,49.744,14.001,9.121,4.88,115.435,96.484,102.576,0.7999,49.744,Image_5110.jpg,listening_to_music,9
144.02,139.459,127.704,52.206,52.187,51.937,139.468,51.053,18.817,10.236,8.581,164.988,148.161,106.811,0.7894,51.053,Image_1624.jpg,listening_to_music,9
123.401,101.599,92.56,66.437,61.491,59.557,107.075,60.235,22.063,13.196,8.866,119.321,107.711,94.779,0.719,60.235,Image_5708.jpg,listening_to_music,9
183.622,177.201,175.066,89.068,89.868,89.914,178.859,89.346,19.376,11.023,8.352,213.624,206.269,119.512,0.7716,89.346,Image_5758.jpg,listening_to_music,9
165.022,178.553,189.934,64.194,70.44,65.616,175.788,65.866,22.614,10.43,12.184,183.595,150.022,192.932,0.7718,65.866,Image_7014.jpg,listening_to_music,9
151.823,151.081,127.086,71.67,71.912,70.159,148.552,70.632,24.251,14.986,9.265,104.15,163.13,177.02,0.6917,70.632,Image_6759.jpg,listening_to_music,9
168.359,161.558,131.865,41.567,47.478,49.202,160.19,44.974,13.769,8.519,5.25,155.588,170.065,155.155,0.7833,44.974,Image_43.jpg,listening_to_music,9
185.087,167.91,169.775,72.018,68.722,56.41,173.24,68.005,10.878,7.094,3.784,176.207,170.733,172.801,0.6215,68.005,Image_2972.jpg,listening_to_music,9
137.306,155.722,137.819,67.083,63.445,77.071,148.161,65.012,28.509,16.872,11.636,187.497,133.402,124.701,0.7887,65.012,Image_9407.jpg,listening_to_music,9
93.792,107.019,106.19,72.891,59.062,44.368,102.961,60.336,11.42,6.059,5.361,106.047,124.133,79.804,0.6603,60.336,Image_6767.jpg,listening_to_music,9
194.588,188.907,174.342,55.805,58.489,67.765,188.926,58.202,28.608,11.656,16.952,223.37,172.146,172.064,0.7587,58.202,Image_10357.jpg,listening_to_music,9
188.753,182.756,175.943,42.859,44.203,49.661,183.753,43.94,18.565,10.794,7.772,178.807,189.504,182.985,0.7863,43.94,Image_3725.jpg,listening_to_music,9
210.147,210.326,212.658,57.137,57.828,54.62,210.517,56.999,17.975,9.519,8.456,243.692,171.118,216.46,0.868,56.999,Image_10542.jpg,running,10
162.823,159.125,159.445,83.917,76.468,71.737,160.251,76.795,23.091,11.381,11.711,159.193,158.968,162.487,0.6155,76.795,Image_12259.jpg,running,10
82.566,91.654,59.04,52.654,53.377,47.469,85.21,51.916,28.074,13.981,14.093,86.877,75.616,92.778,0.8352,51.916,Image_414.jpg,running,10
179.014,172.248,134.792,55.818,56.938,75.594,169.983,57.746,16.219,6.494,9.725,219.302,124.536,166.287,0.8713,57.746,Image_9079.jpg,running,10
99.088,101.429,118.092,60.456,70.135,81.733,102.619,67.788,29.498,15.585,13.913,115.925,117.877,75.353,0.7623,67.788,Image_1508.jpg,running,10
188.529,125.087,73.463,61.117,53.066,32.425,138.152,52.522,10.124,5.715,4.409,103.485,161.3,149.147,0.8062,52.522,Image_3841.jpg,running,10
112.215,107.116,98.557,50.561,44.84,39.718,107.654,45.578,27.149,14.883,12.266,95.465,104.559,122.242,0.7518,45.578,Image_8440.jpg,running,10
110.283,102.219,92.245,63.642,59.032,57.494,103.482,59.634,23.044,11.666,11.378,118.82,114.149,78.659,0.7615,59.634,Image_5684.jpg,running,10
162.761,160.473,144.309,47.343,39.796,50.505,159.298,40.297,18.49,10.189,8.301,163.572,143.781,170.03,0.8365,40.297,Image_7227.jpg,running,10
111.422,111.422,111.422,50.382,50.382,50.382,111.41,50.377,31.158,17.869,13.289,96.969,109.1,127.401,0.8123,50.377,Image_8313.jpg,running,10
165.004,142.771,123.342,70.495,84.541,97.465,147.188,80.874,23.098,10.856,12.241,217.66,152.321,75.019,0.8434,80.874,Image_6983.jpg,running,10
86.927,97.873,68.2,46.254,53.257,38.349,91.209,48.488,19.242,12.305,6.938,97.926,90.412,85.557,0.7205,48.488,Image_4014.jpg,running,10
124.847,113.731,117.527,60.015,57.801,56.009,117.475,56.665,50.243,30.038,20.205,124.891,112.913,114.75,0.758,56.665,Image_3929.jpg,running,10
97.092,128.305,160.141,58.78,45.753,50.801,122.592,45.253,15.43,8.467,6.963,80.423,142.032,144.287,0.9088,45.253,Image_1034.jpg,running,10
174.627,161.457,103.371,67.13,59.643,71.443,158.756,61.219,15.208,9.169,6.04,154.292,157.407,164.304,0.7266,61.219,Image_10058.jpg,running,10
147.425,124.164,105.281,49.418,44.229,39.266,128.952,44.608,22.975,11.897,11.078,116.803,133.487,136.218,0.8209,44.608,Image_3417.jpg,running,10
172.766,150.031,135.794,54.015,56.477,61.735,155.189,55.107,21.108,11.69,9.418,179.169,140.326,146.485,0.7809,55.107,Image_585.jpg,running,10
132.47,136.215,116.767,65.617,62.426,75.183,132.865,59.17,31.022,17.993,13.029,145.558,130.072,123.414,0.7351,59.17,Image_3056.jpg,running,10
128.094,123.566,123.614,62.558,59.518,56.668,124.912,59.204,30.456,16.16,14.296,93.309,123.732,156.206,0.8058,59.204,Image_1358.jpg,running,10
159.275,144.987,118.588,66.105,71.482,74.575,146.234,67.885,16.344,8.792,7.551,168.825,184.605,88.043,0.7696,67.885,Image_7670.jpg,running,10
149.388,154.526,153.178,63.461,64.648,71.429,152.821,64.637,13.408,5.958,7.45,174.312,183.264,103.248,0.8015,64.637,Image_10100.jpg,running,10
151.359,146.73,142.861,75.025,55.739,57.482,147.658,59.431,28.133,17.194,10.939,113.706,146.098,181.555,0.7782,59.431,Image_3133.jpg,running,10
169.729,191.615,204.24,72.956,46.383,50.655,186.493,50.618,12.612,5.294,7.318,180.637,161.785,215.668,0.8704,50.618,Image_3323.jpg,running,10
185.689,182.6,177.901,57.111,65.899,78.026,182.969,63.968,16.618,9.826,6.792,182.385,206.6,160.969,0.7714,63.968,Image_3338.jpg,running,10
179.544,152.614,146.153,55.749,63.313,67.506,159.912,57.553,34.186,16.444,17.742,176.131,140.707,162.761,0.8154,57.553,Image_11189.jpg,running,10
127.707,152.992,159.369,53.493,59.045,92.029,146.146,56.071,16.842,8.695,8.147,138.907,180.703,120.07,0.8133,56.071,Image_4330.jpg,running,10
181.052,185.335,192.943,64.78,65.556,63.006,184.904,64.918,16.816,6.926,9.89,237.324,188.781,131.165,0.8488,64.918,Image_1894.jpg,running,10
148.435,123.566,130.638,57.843,57.122,52.242,131.793,56.516,35.55,17.981,17.57,110.046,127.226,156.913,0.7775,56.516,Image_4670.jpg,running,10
146.6,124.303,116.629,67.87,66.137,63.526,130.081,63.712,27.724,18.434,9.29,178.471,120.362,93.167,0.7867,63.712,Image_2233.jpg,running,10
167.583,145.911,108.374,53.539,55.815,52.845,148.095,53.722,32.285,17.35,14.935,144.967,172.172,128.099,0.7854,53.722,Image_4634.jpg,running,10
169.676,161.885,137.995,51.758,43.251,51.738,161.475,43.412,16.873,8.287,8.586,168.909,139.83,175.038,0.8081,43.412,Image_12526.jpg,running,10
205.195,205.551,203.315,56.159,53.588,60.525,205.169,54.558,13.093,7.014,6.079,219.035,189.176,207.199,0.7985,54.558,Image_987.jpg,running,10
172.8,183.598,191.262,57.363,56.525,57.013,181.226,55.948,17.371,9.85,7.521,198.064,175.991,170.151,0.7858,55.948,Image_9281.jpg,running,10
205.832,205.379,204.463,32.093,32.153,36.071,205.389,32.117,9.173,3.607,5.566,222.57,193.911,199.946,0.9335,32.117,Image_1039.jpg,running,10
172.127,171.406,167.798,69.829,71.883,73.378,171.193,70.637,20.23,10.969,9.262,182.389,192.452,140.214,0.735,70.637,Image_8156.jpg,running,10
215.383,215.053,215.971,73.307,73.491,71.937,215.234,73.202,12.876,6.781,6.095,226.035,180.312,238.26,0.8062,73.202,Image_8018.jpg,running,10
88.746,86.626,88.692,60.943,60.428,68.89,87.487,59.914,41.455,23.985,17.47,94.427,89.049,79.37,0.7643,59.914,Image_5296.jpg,running,10
129.916,130.114,133.408,67.256,72.219,70.583,130.417,70.25,23.115,11.381,11.734,121.134,114.115,154.84,0.6757,70.25,Image_5201.jpg,running,10
164.87,195.474,204.388,54.12,60.282,68.741,187.323,57.743,14.999,8.098,6.901,198.667,188.757,175.125,0.836,57.743,Image_3801.jpg,running,10
138.45,138.816,100.641,55.342,42.648,46.434,134.341,41.673,26.208,17.714,8.494,130.095,137.636,135.248,0.818,41.673,Image_6549.jpg,running,10
151.801,145.258,140.499,48.347,48.227,56.204,146.657,48.338,12.234,6.882,5.352,126.807,161.06,151.856,0.8576,48.338,Image_9798.jpg,running,10
79.633,114.248,128.406,59.967,35.1,76.236,105.504,37.319,14.8,5.828,8.972,97.823,108.4,110.073,0.8717,37.319,Image_9773.jpg,running,10
144.699,143.07,126.132,61.507,61.802,67.994,141.612,61.641,24.87,13.312,11.559,102.628,179.824,142.35,0.8503,61.641,Image_1061.jpg,running,10
178.633,181.904,184.281,67.043,62.278,59.689,181.179,62.507,23.902,15.733,8.17,217.504,136.228,189.414,0.8206,62.507,Image_6372.jpg,running,10
158.103,168.429,175.619,49.529,54.231,63.434,166.145,52.867,13.483,5.973,7.51,225.942,146.428,127.887,0.8897,52.867,Image_9479.jpg,running,10
119.661,113.679,97.674,72.499,78.081,80.859,113.631,76.05,13.749,4.884,8.865,199.501,94.057,50.348,0.9246,76.05,Image_7421.jpg,running,10
150.642,160.646,117.124,61.392,56.951,70.605,152.678,58.951,19.84,9.271,10.569,167.361,178.095,114.402,0.8476,58.951,Image_316.jpg,running,10
198.772,198.171,204.978,90.837,85.516,74.205,199.107,84.906,14.067,6.23,7.837,194.091,165.177,236.283,0.7554,84.906,Image_4963.jpg,running,10
113.375,111.87,77.876,78.144,72.272,69.855,108.433,71.87,21.354,10.61,10.744,56.696,104.68,161.402,0.7814,71.87,Image_9352.jpg,running,10
189.506,190.064,175.328,54.465,51.878,59.192,188.198,53.084,17.308,7.75,9.558,168.026,164.242,230.322,0.8738,53.084,Image_8337.jpg,running,10
162.852,155.58,150.722,56.258,58.666,67.714,157.184,57.74,17.876,10.583,7.293,192.308,137.181,142.75,0.7497,57.74,Image_4549.jpg,running,10
169.556,133.12,122.563,49.878,50.014,37.811,142.794,47.073,20.902,11.978,8.925,151.188,116.275,160.094,0.8091,47.073,Image_10978.jpg,running,10
110.273,146.426,146.15,58.841,34.313,62.307,135.574,34.639,9.465,4.942,4.523,110.163,150.147,145.919,0.8917,34.639,Image_10564.jpg,running,10
184.32,170.68,123.822,58.239,62.994,84.589,169.398,56.984,14.321,6.342,7.979,128.378,160.463,217.082,0.8448,56.984,Image_8435.jpg,running,10
147.363,143.784,154.145,63.151,63.194,62.688,146.02,62.662,32.826,21.471,11.355,176.518,127.878,134.226,0.75,62.662,Image_7914.jpg,running,10
151.671,149.837,142.503,64.956,66.445,72.975,149.534,66.315,21.09,9.836,11.254,206.268,123.353,120.371,0.7722,66.315,Image_9945.jpg,running,10
133.403,144.698,125.278,75.607,66.634,80.952,139.093,70.165,25.605,10.476,15.129,188.928,133.344,97.013,0.8269,70.165,Image_6745.jpg,running,10
130.23,117.76,112.872,74.241,84.462,88.71,120.918,80.938,21.182,9.874,11.307,211.276,81.384,72.406,0.8152,80.938,Image_3330.jpg,running,10
161.383,163.894,119.725,55.351,50.452,64.409,158.092,52.352,19.509,10.746,8.762,181.782,143.483,149.423,0.7555,52.352,Image_5779.jpg,running,10
187.129,144.306,150.94,55.218,39.284,39.24,157.848,43.211,17.141,7.21,9.931,124.564,172.965,175.188,0.9077,43.211,Image_8378.jpg,running,10
169.227,170.572,118.368,57.261,54.157,64.991,164.202,55.541,42.026,18.309,23.717,156.76,184.734,151.707,0.7976,55.541,Image_1235.jpg,running,10
130.692,123.855,118.573,71.611,70.76,71.574,125.284,69.903,34.261,18.967,15.294,184.773,100.161,92.48,0.8075,69.903,Image_12368.jpg,running,10
134.215,124.858,114.8,60.435,55.166,52.299,126.496,55.001,33.536,16.118,17.418,123.76,129.254,126.473,0.7329,55.001,Image_12150.jpg,running,10
150.781,165.521,103.836,74.623,67.208,67.707,154.066,66.913,31.636,16.828,14.808,123.556,131.493,204.738,0.7828,66.913,Image_8961.jpg,running,10
150.419,144.354,144.958,76.401,74.552,68.112,146.221,73.985,24.115,12.906,11.209,177.082,136.489,126.054,0.6806,73.985,Image_12373.jpg,running,10
143.659,135.517,114.929,68.149,67.756,72.39,135.59,67.655,20.683,11.518,9.165,190.345,130.49,88.191,0.7877,67.655,Image_5852.jpg,running,10
146.467,151.97,117.19,69.502,62.095,70.88,146.345,63.981,32.414,16.647,15.768,132.901,117.606,186.61,0.7569,63.981,Image_2214.jpg,running,10
113.283,131.39,145.956,43.422,52.815,64.691,127.625,50.35,19.931,8.137,11.794,168.443,126.659,89.585,0.9085,50.35,Image_5029.jpg,running,10
119.787,117.799,113.199,60.654,59.319,58.371,117.857,59.417,21.519,9.198,12.321,146.665,72.634,133.526,0.8293,59.417,Image_4694.jpg,running,10
124.554,131.147,93.37,59.061,58.385,58.59,124.857,56.892,35.244,18.297,16.947,132.978,122.217,119.624,0.7881,56.892,Image_2522.jpg,running,10
115.294,125.909,92.907,66.454,64.392,56.698,118.961,63.4,26.959,14.418,12.541,104.638,102.852,148.011,0.8398,63.4,Image_11339.jpg,running,10
143.241,155.402,158.97,53.934,61.587,72.211,152.158,59.191,26.702,14.578,12.123,184.368,105.808,165.656,0.8269,59.191,Image_7175.jpg,running,10
103.595,120.049,83.97,71.384,65.725,76.66,111.006,67.554,25.07,15.115,9.955,142.734,96.54,94.528,0.7302,67.554,Image_5155.jpg,running,10
178.203,145.818,86.423,66.166,54.187,52.151,148.712,55.186,15.421,8.956,6.465,138.995,156.326,150.719,0.7193,55.186,Image_677.jpg,running,10
182.642,194.362,205.993,37.369,34.951,44.101,192.165,34.21,12.798,5.24,7.558,197.75,199.196,180.123,0.9076,34.21,Image_11995.jpg,running,10
89.494,92.169,88.016,36.576,24.91,26.865,90.887,26.684,13.599,7.197,6.401,70.485,101.448,100.279,0.9124,26.684,Image_9928.jpg,running,10
213.258,192.083,158.45,49.757,53.491,50.964,194.559,51.488,9.502,6.916,2.585,206.473,198.15,179.758,0.8857,51.488,Image_8654.jpg,running,10
191.331,191.331,191.331,52.263,52.263,52.263,191.312,52.258,18.612,8.541,10.07,203.881,205.361,165.902,0.8223,52.258,Image_7721.jpg,running,10
193.406,169.11,108.634,42.273,44.291,35.026,169.461,41.187,21.174,9.891,11.283,159.508,181.355,167.609,0.8234,41.187,Image_3299.jpg,running,10
124.596,123.493,116.541,69.601,69.48,70.582,123.018,69.466,27.155,17.075,10.08,160.78,112.387,97.12,0.6899,69.466,Image_12504.jpg,running,10
116.753,136.319,82.539,68.3,72.77,38.375,124.326,66.875,22.096,11.485,10.611,201.895,92.878,80.302,0.8647,66.875,Image_489.jpg,running,10
131.279,124.177,114.649,71.881,69.834,68.379,125.201,69.943,29.264,15.656,13.608,129.377,83.987,160.556,0.788,69.943,Image_428.jpg,running,10
171.84,182.843,200.703,26.37,22.908,29.896,181.572,23.003,8.541,3.905,4.636,192.117,168.985,183.521,0.9443,23.003,Image_10117.jpg,running,10
223.632,221.634,220.826,74.114,74.51,74.475,222.117,74.165,10.648,5.69,4.959,227.817,199.234,238.518,0.8191,74.165,Image_7096.jpg,running,10
137.158,133.92,129.079,55.694,55.371,57.511,134.322,55.417,25.084,14.754,10.33,153.609,124.445,125.34,0.7794,55.417,Image_7539.jpg,running,10
139.827,136.876,136.911,52.019,53.711,55.089,137.748,53.082,17.913,9.536,8.377,146.891,116.657,149.154,0.8418,53.082,Image_11537.jpg,running,10
205.018,201.654,204.603,65.471,66.569,57.055,202.976,64.465,16.829,9.653,7.176,215.176,183.807,209.627,0.7754,64.465,Image_6735.jpg,running,10
210.339,202.438,190.583,44.31,49.627,67.087,203.428,47.519,19.488,12.893,6.596,227.584,205.103,178.77,0.8358,47.519,Image_7044.jpg,running,10
137.501,127.268,126.075,63.455,62.886,64.129,130.178,60.708,50.319,24.719,25.6,127.488,97.889,163.568,0.768,60.708,Image_1622.jpg,running,10
167.316,181.659,185.21,54.393,35.024,50.893,177.758,35.045,14.773,7.26,7.514,188.925,156.255,187.625,0.9069,35.045,Image_1163.jpg,running,10
142.63,137.713,130.249,52.028,49.011,52.919,138.318,47.944,34.824,21.581,13.243,134.136,138.006,142.609,0.8063,47.944,Image_1204.jpg,running,10
171.226,182.739,146.301,47.293,39.255,60.968,175.126,41.243,18.928,8.279,10.649,178.458,157.718,188.561,0.8685,41.243,Image_9328.jpg,running,10
102.662,110.836,109.771,58.165,60.749,57.403,108.26,59.061,15.782,8.232,7.551,166.523,91.821,68.339,0.8839,59.061,Image_8160.jpg,running,10
128.69,133.195,144.106,54.955,66.739,84.243,133.079,64.162,15.332,8.155,7.177,160.974,159.949,80.803,0.7786,64.162,Image_10050.jpg,running,10
112.927,110.082,102.283,61.733,57.525,57.096,110.032,57.379,45.699,27.158,18.541,115.491,103.642,110.921,0.758,57.379,Image_3150.jpg,running,10
184.37,165.117,142.509,70.167,75.553,85.805,168.278,73.839,20.587,11.437,9.149,223.3,159.369,124.26,0.7437,73.839,Image_11863.jpg,running,10
166.251,142.106,135.695,50.029,37.75,37.977,148.578,39.853,22.543,10.903,11.64,135.044,153.8,156.512,0.8532,39.853,Image_11317.jpg,running,10
82.342,71.435,35.372,45.606,40.981,29.56,70.577,40.616,22.62,12.041,10.578,55.489,56.604,98.317,0.8826,40.616,Image_4410.jpg,running,10
117.969,121.865,112.171,71.663,68.733,69.209,119.583,69.062,36.027,21.063,14.964,161.297,107.967,90.854,0.7196,69.062,Image_11952.jpg,running,10
184.497,146.721,118.673,67.262,61.704,56.627,154.8,55.919,17.839,9.044,8.795,161.896,159.671,143.378,0.7579,55.919,Image_6867.jpg,running,10
139.159,141.393,142.313,84.107,81.183,80.465,140.816,81.381,27.41,14.777,12.634,125.818,169.086,128.147,0.6412,81.381,Image_11234.jpg,running,10
134.045,128.386,124.879,75.639,74.602,75.775,129.665,71.933,36.76,21.284,15.476,181.461,133.09,76.954,0.7691,71.933,Image_4086.jpg,running,10
201.936,197.301,187.955,58.279,54.754,55.185,197.601,54.71,19.767,9.508,10.259,219.651,179.252,194.069,0.848,54.71,Image_5550.jpg,running,10
193.255,151.446,109.855,51.445,63.129,70.967,159.186,59.189,17.613,9.141,8.472,184.474,149.569,144.227,0.7532,59.189,Image_11879.jpg,running,10
191.226,188.787,187.252,92.477,92.947,94.307,189.322,92.835,10.306,5.62,4.686,240.091,161.693,167.234,0.8141,92.835,Image_9518.jpg,running,10
173.189,172.584,174.962,81.984,80.747,79.679,173.019,80.156,31.06,18.166,12.894,235.303,165.474,120.768,0.7382,80.156,Image_11480.jpg,running,10
168.206,172.199,170.444,69.038,67.679,63.697,170.788,67.201,13.264,8.057,5.207,182.798,183.184,147.492,0.7249,67.201,Image_107.jpg,running,10
162.405,167.07,141.185,50.236,51.752,78.054,162.708,49.483,22.232,12.349,9.882,181.454,134.871,171.384,0.8473,49.483,Image_765.jpg,running,10
131.689,123.044,95.911,58.684,57.467,68.891,122.523,56.732,21.158,11.984,9.174,129.464,101.783,135.694,0.8413,56.732,Image_11896.jpg,running,10
122.164,134.746,155.197,69.627,66.982,70.799,133.303,65.744,8.676,4.064,4.612,116.118,161.998,122.317,0.8658,65.744,Image_9136.jpg,running,10
139.762,122.664,110.775,82.373,78.505,71.897,126.407,78.582,13.365,5.658,7.707,206.001,121.99,54.647,0.8144,78.582,Image_5809.jpg,running,10
102.898,89.708,86.542,65.119,48.764,46.065,93.28,51.068,27.656,15.95,11.706,71.47,108.123,99.932,0.7817,51.068,Image_9260.jpg,running,10
149.684,142.909,113.889,81.41,72.11,63.181,141.611,73.247,15.807,8.773,7.034,63.918,167.402,191.155,0.8967,73.247,Image_1509.jpg,running,10
82.106,192.946,198.677,74.973,32.441,38.336,160.45,33.355,12.428,5.492,6.936,130.22,154.882,194.62,0.9186,33.355,Image_12044.jpg,running,10
174.115,172.281,176.398,55.164,57.516,60.872,173.281,56.743,11.791,5.051,6.739,210.397,175.424,135.808,0.7436,56.743,Image_1194.jpg,running,10
151.069,121.578,94.626,86.647,91.863,98.022,127.308,89.777,17.574,8.036,9.538,224.604,49.738,108.479,0.7693,89.777,Image_6991.jpg,running,10
125.219,112.976,110.816,70.453,70.463,68.46,116.378,69.626,37.549,21.15,16.4,161.402,94.222,94.55,0.7252,69.626,Image_10533.jpg,running,10
86.509,81.248,65.9,68.084,64.997,57.308,81.063,64.651,32.168,17.921,14.247,91.672,66.604,84.737,0.6947,64.651,Image_12110.jpg,running,10
129.35,129.524,121.342,54.289,46.977,32.603,128.526,44.905,19.029,8.097,10.932,101.856,146.009,137.297,0.8743,44.905,Image_6952.jpg,running,10
169.088,152.686,130.907,82.828,77.375,73.519,155.091,78.428,10.055,3.694,6.361,188.155,206.109,74.829,0.8966,78.428,Image_8629.jpg,running,10
93.449,117.005,80.463,48.665,52.739,41.985,105.787,47.268,17.323,10.519,6.804,95.128,112.506,109.548,0.8119,47.268,Image_7003.jpg,running,10
119.809,132.156,53.596,41.781,38.358,40.855,119.496,37.779,20.834,10.104,10.731,97.993,131.09,128.956,0.8748,37.779,Image_7429.jpg,running,10
97.748,92.939,69.089,45.632,41.271,38.631,91.649,41.548,23.568,12.384,11.184,82.989,93.039,98.586,0.8197,41.548,Image_1323.jpg,running,10
130.063,136.035,99.778,50.142,44.675,52.684,130.103,46.211,30.199,16.661,13.538,102.746,136.584,150.03,0.8472,46.211,Image_214.jpg,running,10
100.122,89.662,76.064,60.191,56.735,52.902,91.229,57.11,35.172,21.62,13.551,101.583,105.879,67.362,0.7447,57.11,Image_2685.jpg,running,10
180.245,180.245,180.245,90.528,90.528,90.528,180.227,90.519,24.52,14.646,9.874,209.432,142.122,188.723,0.7004,90.519,Image_1655.jpg,running,10
144.862,140.571,140.624,83.094,81.841,83.496,141.845,82.386,39.743,22.981,16.761,112.107,129.062,182.435,0.741,82.386,Image_4746.jpg,running,10
131.727,142.3,78.617,80.406,75.395,65.895,131.866,73.886,36.143,20.726,15.417,88.38,146.733,159.183,0.711,73.886,Image_8171.jpg,running,10
141.742,128.184,109.501,54.98,54.306,53.634,130.094,53.085,35.801,19.315,16.486,102.011,122.462,164.186,0.8037,53.085,Image_3631.jpg,running,10
154.135,145.332,102.341,46.166,43.755,44.312,143.048,40.468,25.487,13.302,12.185,149.446,133.995,145.583,0.8248,40.468,Image_11496.jpg,running,10
191.571,189.172,162.428,57.028,62.86,64.557,186.822,60.192,9.246,2.911,6.335,203.282,225.962,133.748,0.8119,60.192,Image_5430.jpg,running,10
113.382,119.603,125.152,62.373,65.313,72.132,118.364,63.072,32.771,17.315,15.456,150.1,106.682,99.223,0.7239,63.072,Image_1843.jpg,running,10
201.124,195.3,142.372,45.434,45.169,57.465,190.987,45.059,31.795,16.137,15.658,193.837,189.978,189.231,0.8395,45.059,Image_7966.jpg,running,10
140.019,137.085,130.56,74.529,70.522,70.7,137.204,71.119,25.668,15.283,10.385,148.057,129.645,134.06,0.6511,71.119,Image_12067.jpg,running,10
171.5,180.838,183.382,55.449,56.254,64.361,178.319,55.117,20.435,10.771,9.665,167.845,200.105,167.521,0.7688,55.117,Image_400.jpg,running,10
182.43,185.929,148.854,61.231,57.62,61.701,180.638,57.626,27.067,14.984,12.083,177.416,184.222,180.294,0.739,57.626,Image_4720.jpg,running,10
111.438,103.971,99.991,48.838,48.569,51.719,105.739,46.967,33.48,23.232,10.248,120.663,84.055,112.191,0.8165,46.967,Image_5734.jpg,running,10
125.934,92.411,80.379,42.168,38.017,44.8,101.05,37.586,17.815,10.345,7.47,107.193,88.543,107.124,0.8829,37.586,Image_10514.jpg,running,10
100.883,87.977,74.622,95.154,86.508,74.487,90.303,87.362,17.459,11.675,5.784,161.669,108.439,4.87,0.8196,87.362,Image_5021.jpg,running,10
110.798,128.49,101.967,87.879,79.544,55.914,120.165,77.172,22.062,11.329,10.733,74.462,75.218,206.696,0.8549,77.172,Image_1268.jpg,running,10
167.486,165.965,153.086,62.174,58.008,61.943,164.935,59.424,24.449,12.156,12.293,194.889,144.055,156.272,0.7287,59.424,Image_5992.jpg,running,10
192.268,193.093,195.326,48.434,45.21,44.029,193.082,45.848,8.965,4.509,4.456,213.756,193.216,173.219,0.8661,45.848,Image_7243.jpg,running,10
132.763,133.346,126.014,39.323,34.447,39.809,132.323,34.938,16.766,6.696,10.069,125.421,138.988,132.548,0.862,34.938,Image_8120.jpg,running,10
143.36,151.862,155.911,86.076,87.69,78.007,149.767,85.44,25.364,14.449,10.915,241.426,143.888,67.886,0.8714,85.44,Image_3253.jpg,running,10
110.883,114.062,100.468,48.273,46.968,56.701,111.551,47.956,19.965,11.927,8.038,112.493,98.143,123.449,0.8339,47.956,Image_11305.jpg,running,10
175.5,176.247,172.25,69.738,69.345,72.504,175.55,69.662,23.72,10.333,13.387,206.76,168.309,152.672,0.7861,69.662,Image_5289.jpg,running,10
47.082,43.007,50.573,63.26,47.136,45.718,45.083,49.471,3.427,0.831,2.597,28.444,101.472,7.141,0.9649,49.471,Image_10183.jpg,running,10
186.904,203.032,206.036,48.067,46.576,46.929,198.534,46.782,9.538,4.318,5.22,212.511,211.836,172.494,0.8993,46.782,Image_6832.jpg,running,10
55.251,60.958,61.121,41.558,51.586,58.15,59.265,48.483,9.47,5.735,3.734,68.531,57.489,52.115,0.9456,48.483,Image_5772.jpg,running,10
120.465,115.008,95.037,64.469,60.654,50.227,114.351,60.048,20.087,14.559,5.528,115.875,95.008,131.359,0.7493,60.048,Image_3325.jpg,running,10
110.112,97.863,91.677,52.921,45.702,47.067,100.809,46.126,22.999,11.182,11.816,103.501,97.962,100.958,0.8175,46.126,Image_3857.jpg,running,10
164.149,151.266,141.688,67.665,68.591,68.118,154.009,67.702,23.734,10.821,12.913,179.53,184.509,100.535,0.7606,67.702,Image_11624.jpg,running,10
101.883,89.944,79.198,67.623,61.584,59.697,92.279,62.686,25.148,12.85,12.297,74.158,98.399,103.734,0.8189,62.686,Image_170.jpg,running,10
123.159,133.784,121.368,63.317,71.234,85.503,129.179,70.146,10.826,5.803,5.023,201.814,98.715,88.926,0.8418,70.146,Image_11953.jpg,running,10
124.472,129.042,129.954,77.548,72.9,68.002,127.767,73.499,18.474,7.979,10.495,215.153,90.607,79.825,0.8481,73.499,Image_4732.jpg,running,10
124.865,122.475,120.479,59.735,59.102,57.492,122.95,58.954,20.275,11.092,9.182,149.667,107.329,112.358,0.8133,58.954,Image_1525.jpg,running,10
190.998,186.685,182.695,46.468,51.847,56.952,187.5,50.441,9.67,6.06,3.611,190.6,210.229,162.846,0.8236,50.441,Image_5477.jpg,running,10
149.666,151.487,158.529,67.863,65.963,66.5,151.73,64.769,36.273,20.049,16.224,174.378,146.946,134.679,0.7872,64.769,Image_5674.jpg,running,10
98.789,129.311,182.846,41.681,33.301,51.667,126.278,31.934,10.756,4.91,5.846,106.949,128.283,142.815,0.9297,31.934,Image_6869.jpg,running,10
132.971,125.448,117.046,46.758,45.482,44.302,126.726,45.29,26.478,11.845,14.634,99.349,135.25,144.722,0.8274,45.29,Image_6586.jpg,running,10
208.045,222.229,224.527,42.723,35.841,35.753,218.229,36.082,8.916,4.276,4.64,202.295,224.719,227.244,0.8855,36.082,Image_50.jpg,running,10
108.666,100.306,97.563,56.654,54.342,54.763,102.482,52.594,26.755,17.245,9.51,84.532,88.597,132.871,0.8146,52.594,Image_2744.jpg,running,10
137.701,140.96,139.464,74.354,73.84,78.043,139.801,74.279,29.506,14.726,14.781,180.941,111.312,127.726,0.7087,74.279,Image_9374.jpg,running,10
99.95,103.931,74.012,50.558,47.761,62.564,99.32,49.803,13.389,6.039,7.35,141.486,90.176,67.798,0.8933,49.803,Image_6630.jpg,running,10
130.916,131.51,130.747,68.275,70.66,68.292,131.232,67.99,32.889,20.026,12.863,158.709,124.491,111.438,0.6865,67.99,Image_10378.jpg,running,10
165.295,160.646,153.102,62.315,63.696,65.981,161.159,63.254,24.093,10.177,13.917,174.618,201.411,109.891,0.8026,63.254,Image_3479.jpg,running,10
183.067,181.048,177.864,54.211,55.223,53.834,181.27,52.732,21.214,9.618,11.596,201.592,161.67,180.582,0.8558,52.732,Image_10288.jpg,sitting,11
168.254,165.184,165.517,64.833,65.433,64.339,166.123,64.429,23.228,13.592,9.636,202.672,152.004,144.712,0.7369,64.429,Image_12201.jpg,sitting,11
134.631,133.284,130.089,47.357,47.611,49.478,133.309,47.276,30.338,12.525,17.812,155.563,119.718,125.04,0.8139,47.276,Image_506.jpg,sitting,11
154.334,171.186,179.843,57.364,49.261,39.766,167.119,49.851,10.119,5.398,4.72,158.825,184.623,158.328,0.7948,49.851,Image_8732.jpg,sitting,11
97.899,61.803,50.557,46.265,53.875,61.355,71.304,50.295,17.81,10.127,7.683,42.722,57.909,111.372,0.8475,50.295,Image_1475.jpg,sitting,11
115.152,110.701,100.515,45.301,41.388,45.18,110.859,42.24,34.314,16.941,17.373,103.464,111.874,116.95,0.8466,42.24,Image_3580.jpg,sitting,11
127.561,115.576,103.844,71.224,72.596,74.114,117.809,71.996,17.308,9.641,7.667,146.324,91.436,115.765,0.7801,71.996,Image_8220.jpg,sitting,11
141.31,127.662,110.803,53.074,51.993,50.987,129.807,51.128,23.308,12.627,10.681,153.129,115.892,120.826,0.7799,51.128,Image_5160.jpg,sitting,11
192.629,181.677,174.421,60.393,63.312,68.59,184.105,62.373,18.534,9.228,9.306,202.467,200.818,150.625,0.8254,62.373,Image_6789.jpg,sitting,11
144.879,146.678,141.188,61.426,62.543,61.455,145.5,61.679,24.765,14.937,9.828,192.212,143.977,102.364,0.7893,61.679,Image_7897.jpg,sitting,11
88.515,103.57,74.21,57.529,56.461,61.921,95.713,56.468,32.926,15.526,17.4,68.8,94.465,122.593,0.8083,56.468,Image_6496.jpg,sitting,11
204.45,200.883,201.183,61.147,60.868,57.542,201.963,59.865,15.243,8.151,7.092,230.858,209.479,167.208,0.8489,59.865,Image_3738.jpg,sitting,11
186.174,186.581,185.181,54.607,52.927,53.656,186.281,52.717,19.261,12.064,7.197,205.023,193.166,161.819,0.7834,52.717,Image_3671.jpg,sitting,11
121.188,144.765,143.016,45.808,47.417,69.449,137.504,47.794,16.765,7.254,9.511,175.024,138.793,100.459,0.881,47.794,Image_920.jpg,sitting,11
115.685,115.775,116.949,78.647,78.662,78.046,115.87,78.565,41.281,19.151,22.13,96.903,142.306,108.741,0.7513,78.565,Image_9784.jpg,sitting,11
160.968,160.901,109.591,48.78,48.819,63.694,155.055,47.465,29.358,12.851,16.506,140.725,156.271,167.574,0.8361,47.465,Image_3115.jpg,sitting,11
158.093,130.511,116.527,76.645,69.904,74.562,137.148,68.233,25.239,13.18,12.06,99.97,154.758,155.826,0.7605,68.233,Image_588.jpg,sitting,11
97.993,90.442,73.603,63.543,62.43,67.464,90.77,62.626,30.481,13.753,16.727,68.596,86.487,116.026,0.8656,62.626,Image_2756.jpg,sitting,11
82.969,77.973,66.25,50.179,47.349,43.03,78.122,46.347,26.867,11.509,15.358,73.873,70.158,89.781,0.843,46.347,Image_1250.jpg,sitting,11
196.01,206.138,207.138,73.368,65.307,58.06,203.204,66.409,14.172,7.311,6.86,237.863,213.288,160.495,0.8715,66.409,Image_7194.jpg,sitting,11
152.851,151.936,153.885,50.083,55.454,61.188,152.417,54.16,16.249,7.371,8.878,180.983,151.614,125.914,0.8041,54.16,Image_9861.jpg,sitting,11
124.44,130.64,107.294,73.066,61.626,66.266,126.112,63.802,29.805,16.932,12.873,110.108,113.106,153.804,0.7307,63.802,Image_2796.jpg,sitting,11
143.817,132.27,133.575,74.165,63.739,69.793,135.857,62.649,31.251,16.487,14.764,145.947,137.035,125.101,0.7262,62.649,Image_3017.jpg,sitting,11
133.176,119.267,85.567,69.186,63.303,69.102,119.571,64.135,29.56,14.385,15.175,69.575,123.408,163.631,0.8502,64.135,Image_3062.jpg,sitting,11
91.948,98.482,101.065,77.664,78.177,73.303,96.814,76.488,32.031,15.629,16.402,148.005,92.847,51.735,0.7267,76.488,Image_10914.jpg,sitting,11
123.946,103.833,101.355,76.4,78.983,70.791,109.552,75.968,20.181,9.87,10.312,77.222,106.338,143.48,0.7644,75.968,Image_4012.jpg,sitting,11
116.158,104.873,101.889,66.49,62.682,56.524,107.895,60.475,23.677,14.91,8.767,109.831,112.963,101.211,0.7269,60.475,Image_1806.jpg,sitting,11
109.845,111.255,98.614,67.567,65.848,58.006,109.381,64.649,20.055,12.127,7.928,121.331,86.794,119.535,0.7116,64.649,Image_4266.jpg,sitting,11
138.162,136.633,135.676,66.617,65.942,66.57,136.967,65.737,27.669,17.03,10.639,175.792,125.844,110.524,0.7455,65.737,Image_2048.jpg,sitting,11
95.164,92.891,90.5,80.394,79.473,78.571,93.289,79.419,11.482,6.738,4.744,173.395,69.825,39.22,0.9182,79.419,Image_4246.jpg,sitting,11
144.516,139.121,143.988,72.617,72.218,71.687,141.274,72.247,26.392,12.789,13.603,181.816,110.664,131.794,0.7486,72.247,Image_12529.jpg,sitting,11
113.456,124.466,133.581,79.738,74.573,71.904,122.202,73.729,25.487,11.648,13.839,148.743,99.22,118.804,0.735,73.729,Image_881.jpg,sitting,11
141.446,137.018,138.564,79.071,79.765,78.956,138.504,78.194,29.721,14.19,15.531,173.61,126.341,116.603,0.756,78.194,Image_9035.jpg,sitting,11
204.034,199.386,151.919,52.995,51.431,61.861,195.344,50.752,25.266,13.283,11.983,209.85,182.71,193.558,0.7938,50.752,Image_923.jpg,sitting,11
150.042,147.623,133.386,62.966,61.488,67.912,146.708,61.985,24.887,12.411,12.476,110.231,187.485,142.604,0.7622,61.985,Image_7742.jpg,sitting,11
147.371,163.775,131.516,73.766,59.25,70.503,155.178,63.98,17.742,8.719,9.022,185.733,117.548,161.932,0.7741,63.98,Image_7466.jpg,sitting,11
196.943,191.3,138.259,53.233,53.232,73.774,186.921,53.084,24.335,12.868,11.468,176.74,200.913,183.284,0.7992,53.084,Image_4896.jpg,sitting,11
87.959,114.049,101.623,42.524,41.259,42.567,104.823,38.644,19.576,11.555,8.021,115.693,118.38,81.506,0.8785,38.644,Image_4780.jpg,sitting,11
108.735,110.787,113.555,69.997,64.576,61.333,110.478,64.694,40.238,24.147,16.091,134.049,112.914,85.653,0.7115,64.694,Image_3497.jpg,sitting,11
133.687,119.976,101.065,84.15,81.64,80.095,121.906,81.209,12.49,6.263,6.227,177.816,126.388,64.26,0.7313,81.209,Image_6078.jpg,sitting,11
163.167,143.712,136.663,74.7,84.952,81.116,148.709,80.87,12.418,6.247,6.17,208.32,179.763,62.165,0.8601,80.87,Image_9513.jpg,sitting,11
145.709,143.189,143.683,75.702,76.727,77.24,143.984,75.383,16.569,7.297,9.271,197.654,123.704,112.112,0.7796,75.383,Image_9508.jpg,sitting,11
129.297,123.935,122.531,67.847,68.982,69.593,125.365,68.433,27.565,15.025,12.541,142.07,137.886,97.468,0.6781,68.433,Image_942.jpg,sitting,11
138.062,147.207,108.458,83.054,81.456,102.992,140.042,82.724,23.119,11.87,11.249,206.27,115.086,100.645,0.7341,82.724,Image_5857.jpg,sitting,11
143.188,145.524,145.872,85.632,83.31,81.463,144.851,83.398,26.106,15.335,10.771,200.163,153.842,83.471,0.698,83.398,Image_9245.jpg,sitting,11
146.649,141.61,104.491,66.687,62.668,59.825,138.87,61.754,37.568,17.815,19.753,134.109,175.867,108.1,0.8059,61.754,Image_6963.jpg,sitting,11
111.498,108.194,103.226,63.311,64.308,66.499,108.604,63.665,19.789,9.686,10.103,130.65,100.271,95.515,0.8059,63.665,Image_380.jpg,sitting,11
117.217,121.386,91.962,70.345,71.366,61.921,116.773,68.941,29.663,13.478,16.186,83.364,112.274,152.958,0.7519,68.941,Image_4554.jpg,sitting,11
183.603,183.342,180.412,64.351,65.124,64.712,183.068,64.688,17.084,8.814,8.27,222.79,167.026,160.464,0.7799,64.688,Image_9056.jpg,sitting,11
138.382,130.3,112.443,51.054,51.512,52.535,130.667,51.03,22.182,11.998,10.184,165.791,134.294,93.677,0.8431,51.03,Image_7924.jpg,sitting,11
188.407,189.679,183.73,65.897,66.565,66.528,188.601,66.099,23.353,10.051,13.302,221.575,115.661,226.751,0.8868,66.099,Image_4202.jpg,sitting,11
106.661,91.861,84.92,89.61,93.246,90.793,95.484,91.223,18.326,7.802,10.524,204.876,48.894,35.537,0.8503,91.223,Image_10711.jpg,sitting,11
190.565,183.309,178.698,72.6,74.383,77.14,184.934,72.421,19.033,9.621,9.411,212.231,197.108,147.258,0.8307,72.421,Image_10373.jpg,sitting,11
93.696,79.474,75.681,68.436,66.399,66.24,83.285,66.682,23.43,12.852,10.577,143.376,71.097,37.559,0.8495,66.682,Image_8206.jpg,sitting,11
104.274,111.053,70.663,62.893,61.006,58.017,104.411,59.249,42.659,24.254,18.405,76.689,122.567,113.542,0.7399,59.249,Image_7388.jpg,sitting,11
135.188,130.321,126.973,75.98,77.101,77.6,131.381,76.422,16.62,8.211,8.409,205.784,118.717,72.448,0.7965,76.422,Image_9640.jpg,sitting,11
153.326,128.112,126.341,65.649,69.509,65.35,135.434,66.256,21.602,11.148,10.454,179.396,147.093,82.34,0.7774,66.256,Image_6253.jpg,sitting,11
127.078,122.836,111.709,45.685,43.38,37.328,122.823,42.691,18.181,9.607,8.574,117.698,132.315,118.655,0.8226,42.691,Image_3052.jpg,sitting,11
103.045,105.363,85.468,54.316,54.721,45.627,102.392,53.074,27.344,13.942,13.402,93.581,96.184,116.727,0.7957,53.074,Image_5307.jpg,sitting,11
158.752,131.239,102.22,65.402,64.502,62.183,136.141,63.41,23.624,12.992,10.632,185.314,145.305,80.456,0.824,63.41,Image_8031.jpg,sitting,11
186.582,200.116,206.257,79.134,62.79,54.798,196.75,66.105,13.948,7.752,6.196,234.989,208.377,149.152,0.8021,66.105,Image_1045.jpg,sitting,11
185.757,180.264,163.899,63.022,65.713,82.73,180.022,64.176,16.124,8.252,7.873,218.393,161.909,160.686,0.7259,64.176,Image_12356.jpg,sitting,11
115.89,111.725,106.073,59.486,57.915,56.368,112.315,58.191,29.473,11.532,17.941,118.955,97.34,120.27,0.7414,58.191,Image_12034.jpg,sitting,11
141.391,139.504,115.102,57.879,57.682,71.133,137.272,58.645,33.728,15.452,18.276,141.202,124.64,145.579,0.7262,58.645,Image_8628.jpg,sitting,11
154.557,147.443,143.334,79.487,78.866,76.341,149.086,78.228,15.035,8.966,6.069,201.16,124.314,123.025,0.6838,78.228,Image_12357.jpg,sitting,11
177.431,172.264,135.696,59.815,58.748,64.554,169.622,58.244,24.456,12.934,11.522,132.463,188.017,187.534,0.7968,58.244,Image_5399.jpg,sitting,11
60.428,60.428,60.428,63.303,63.303,63.303,60.422,63.297,31.52,15.669,15.852,33.28,39.792,106.021,0.823,63.297,Image_2030.jpg,sitting,11
177.414,183.999,179.907,71.897,69.954,73.875,181.546,69.803,23.783,11.975,11.807,223.324,196.788,127.117,0.8143,69.803,Image_4584.jpg,sitting,11
148.186,143.203,108.641,60.924,59.912,63.598,140.738,60.041,36.853,16.449,20.403,169.296,117.987,135.196,0.7725,60.041,Image_4310.jpg,sitting,11
141.663,145.594,148.548,80.138,78.616,74.116,144.741,78.138,22.743,12.955,9.788,146.233,152.749,135.673,0.6753,78.138,Image_2279.jpg,sitting,11
137.222,134.717,131.345,76.574,74.957,72.341,135.068,74.869,27.235,15.999,11.235,189.838,123.036,94.271,0.7267,74.869,Image_11079.jpg,sitting,11
154.67,181.428,188.12,87.991,55.044,60.045,174.175,58.991,14.186,8.029,6.157,213.31,165.372,145.221,0.7729,58.991,Image_6756.jpg,sitting,11
150.867,136.686,116.405,55.406,59.776,55.721,138.599,56.707,19.684,10.082,9.602,131.981,128.331,154.718,0.7604,56.707,Image_4758.jpg,sitting,11
146.829,129.824,127.798,69.508,71.129,74.999,134.663,69.524,21.972,11.29,10.682,162.161,137.106,106.082,0.6917,69.524,Image_724.jpg,sitting,11
169.785,149.153,131.019,58.271,64.114,66.83,153.238,61.443,24.74,13.441,11.299,169.296,116.867,172.627,0.8046,61.443,Image_11880.jpg,sitting,11
130.367,117.128,110.132,69.777,67.046,65.893,120.276,67.286,14.081,7.643,6.438,143.52,99.565,117.858,0.731,67.286,Image_9639.jpg,sitting,11
131.642,134.718,137.974,63.027,51.383,48.951,134.156,52.735,23.683,12.998,10.684,148.521,150.947,104.417,0.7895,52.735,Image_8362.jpg,sitting,11
189.934,172.646,153.602,50.431,53.983,53.523,175.625,52.61,26.485,12.766,13.719,174.901,169.865,181.814,0.8448,52.61,Image_7200.jpg,sitting,11
73.02,55.803,33.809,49.398,40.728,35.706,58.436,41.985,22.574,10.064,12.51,60.07,66.188,49.478,0.8723,41.985,Image_2999.jpg,sitting,11
180.409,164.087,159.287,56.289,62.898,63.932,168.402,59.727,12.128,5.303,6.824,178.501,201.121,127.531,0.7532,59.727,Image_12518.jpg,sitting,11
118.971,98.863,61.672,51.509,43.536,39.175,100.624,44.391,32.647,18.463,14.184,85.236,115.209,101.39,0.843,44.391,Image_542.jpg,sitting,11
176.825,169.275,161.22,67.779,66.492,67.679,170.596,66.02,25.482,13.833,11.649,206.822,154.938,150.964,0.7161,66.02,Image_511.jpg,sitting,11
182.103,186.229,155.731,56.589,54.9,70.941,181.5,55.97,29.144,13.762,15.381,216.461,185.775,144.049,0.8002,55.97,Image_9914.jpg,sitting,11
176.04,175.686,172.263,53.703,42.975,45.605,175.384,44.576,18.222,7.725,10.497,187.971,187.224,152.068,0.8703,44.576,Image_6667.jpg,sitting,11
140.754,122.814,118.881,64.164,67.039,72.668,127.715,65.556,29.798,15.756,14.042,103.973,148.705,130.343,0.7197,65.556,Image_7057.jpg,sitting,11
184.128,187.658,192.545,60.527,61.824,64.477,187.141,61.242,16.509,9.265,7.244,196.761,185.382,179.638,0.7647,61.242,Image_11147.jpg,sitting,11
158.34,138.524,113.378,75.56,74.04,70.518,141.567,73.215,25.368,15.476,9.892,194.478,103.247,127.638,0.7974,73.215,Image_6222.jpg,sitting,11
171.669,151.731,134.038,48.112,54.307,63.586,155.659,51.037,22.03,11.065,10.965,155.512,134.855,175.656,0.8119,51.037,Image_6587.jpg,sitting,11
169.227,171.159,177.856,57.698,56.39,53.271,171.328,55.857,22.732,10.329,12.404,205.17,138.733,170.136,0.8407,55.857,Image_1619.jpg,sitting,11
97.609,84.084,78.054,58.162,58.629,59.114,87.431,57.955,25.092,15.897,9.195,102.946,88.541,71.561,0.7733,57.955,Image_979.jpg,sitting,11
200.95,199.55,197.745,48.112,49.56,50.127,199.743,49.126,12.395,5.076,7.319,231.964,221.499,148.218,0.8945,49.126,Image_1040.jpg,sitting,11
141.888,138.164,132.672,78.086,79.157,79.061,138.637,78.589,20.875,9.827,11.048,210.994,106.632,100.12,0.803,78.589,Image_9055.jpg,sitting,11
154.918,123.682,119.547,69.348,60.081,59.323,132.534,61.76,14.913,8.478,6.435,135.894,112.664,148.295,0.7335,61.76,Image_7745.jpg,sitting,11
137.002,127.521,117.466,57.688,60.613,65.653,129.196,59.378,27.47,15.567,11.902,161.126,126.675,101.124,0.7753,59.378,Image_9780.jpg,sitting,11
111.642,67.954,55.671,65.425,57.649,54.026,79.605,56.493,20.646,9.389,11.257,87.283,95.995,56.632,0.7833,56.493,Image_2815.jpg,sitting,11
127.287,117.855,104.288,68.062,58.409,59.702,119.116,59.337,24.104,10.285,13.819,77.836,154.222,125.009,0.8214,59.337,Image_11734.jpg,sitting,11
100.053,93.165,88.295,71.51,70.525,67.471,94.659,69.982,27.064,11.214,15.85,113.473,87.727,83.319,0.7324,69.982,Image_11067.jpg,sitting,11
128.914,106.413,106.36,48.098,46.546,48.507,113.122,46.164,15.031,6.981,8.05,108.521,129.061,102.299,0.7739,46.164,Image_4111.jpg,sitting,11
221.881,219.297,218.538,36.727,40.263,42.162,219.961,39.324,8.32,5.689,2.632,231.171,213.678,215.259,0.9284,39.324,Image_11858.jpg,sitting,11
163.783,147.883,138.903,68.741,71.049,71.808,151.597,69.697,23.786,12.157,11.629,190.012,121.531,143.627,0.7529,69.697,Image_6390.jpg,sitting,11
73.708,86.484,80.2,75.865,75.463,71.531,81.94,74.708,11.588,5.837,5.751,110.055,88.392,48.945,0.656,74.708,Image_11014.jpg,sitting,11
200.728,200.218,203.132,52.03,54.206,53.394,200.683,53.176,21.704,13.405,8.299,218.646,165.696,216.933,0.8395,53.176,Image_3791.jpg,sitting,11
173.31,157.717,143.308,60.496,65.847,62.285,160.72,63.349,31.604,13.215,18.389,213.269,131.479,138.47,0.8212,63.349,Image_5093.jpg,sitting,11
145.184,134.367,114.451,55.256,50.998,61.715,135.316,51.846,39.128,20.952,18.176,157.745,133.506,115.634,0.7934,51.846,Image_11778.jpg,sitting,11
172.358,167.613,162.526,70.693,71.554,75.182,168.435,71.407,25.282,8.112,17.17,239.178,121.979,145.251,0.873,71.407,Image_9309.jpg,sitting,11
187.172,175.003,170.481,55.744,60.028,61.291,178.107,58.026,22.35,11.269,11.08,186.43,160.234,187.224,0.7645,58.026,Image_11111.jpg,sitting,11
131.32,136.739,86.768,84.472,78.85,80.217,129.409,79.362,32.014,15.507,16.507,87.935,138.299,160.51,0.795,79.362,Image_130.jpg,sitting,11
134.588,126.921,100.542,75.671,73.658,65.75,126.193,72.677,31.916,12.979,18.937,161.394,104.426,113.369,0.776,72.677,Image_762.jpg,sitting,11
168.914,168.204,166.863,71.612,71.406,70.428,168.246,70.095,27.016,15.46,11.555,207.347,176.811,122.747,0.6903,70.095,Image_11789.jpg,sitting,11
160.856,147.245,150.753,76.773,77.57,73.07,151.699,75.882,13.857,8.595,5.261,181.872,159.248,115.691,0.7715,75.882,Image_8815.jpg,sitting,11
130.506,146.048,158.424,86.103,74.668,70.526,142.799,74.788,17.981,11.023,6.958,158.009,133.089,137.549,0.5995,74.788,Image_5315.jpg,sitting,11
163.615,160.63,162.597,62.642,64.532,65.394,161.731,63.328,26.927,15.258,11.669,199.737,143.341,143.005,0.7477,63.328,Image_9002.jpg,sitting,11
114.554,87.483,71.835,73.772,74.719,79.583,93.782,72.915,27.68,10.292,17.388,66.83,118.509,95.906,0.7744,72.915,Image_1482.jpg,sitting,11
108.72,93.443,70.77,67.28,59.254,51.624,95.415,59.84,18.308,9.27,9.039,145.951,110.638,32.646,0.8632,59.84,Image_11925.jpg,sitting,11
103.737,98.809,101.718,41.792,39.54,39.731,100.604,39.161,20.331,10.368,9.963,93.683,109.707,98.521,0.8109,39.161,Image_1032.jpg,sitting,11
163.537,148.601,146.319,53.168,50.392,44.891,152.79,49.49,26.644,16.503,10.141,170.59,151.563,136.971,0.8172,49.49,Image_6502.jpg,sitting,11
201.702,198.967,195.374,68.559,69.583,70.043,199.355,69.249,16.278,9.35,6.928,215.509,174.176,207.97,0.8312,69.249,Image_10271.jpg,sitting,11
160.074,160.985,158.77,73.485,62.136,64.115,160.444,61.29,25.239,12.642,12.597,196.723,151.054,134.779,0.817,61.29,Image_12003.jpg,sitting,11
93.788,85.345,76.395,71.625,70.851,70.469,86.84,70.661,22.724,12.676,10.048,108.699,94.481,58.679,0.75,70.661,Image_6458.jpg,sitting,11
171.366,162.403,132.397,54.375,53.966,50.052,161.645,51.677,35.984,19.558,16.426,166.157,163.474,155.593,0.7744,51.677,Image_8345.jpg,sitting,11
174.246,156.113,143.737,70.044,74.904,75.275,160.106,71.548,26.202,12.725,13.477,199.728,156.201,126.013,0.7342,71.548,Image_6532.jpg,sitting,11
117.52,109.931,107.528,80.542,80.991,82.036,111.914,80.281,35.489,20.702,14.787,146.494,129.238,62.37,0.6655,80.281,Image_6993.jpg,sitting,11
155.501,125.254,117.804,55.586,55.855,57.321,133.433,51.727,21.384,12.604,8.78,168.183,135.943,97.867,0.8115,51.727,Image_1196.jpg,sitting,11
124.919,116.87,112.277,59.719,59.557,62.704,118.741,58.87,21.498,9.89,11.608,157.707,105.482,94.201,0.7747,58.87,Image_197.jpg,sitting,11
137.976,132.741,96.566,57.005,54.787,70.703,130.169,55.891,31.344,15.586,15.759,122.182,125.259,142.479,0.7974,55.891,Image_2462.jpg,sitting,11
137.745,122.773,98.878,59.036,58.982,61.514,124.512,58.162,29.146,14.011,15.135,117.109,96.489,158.327,0.8419,58.162,Image_1640.jpg,sitting,11
155.107,158.494,175.847,58.89,56.451,50.847,159.444,55.683,20.192,11.581,8.611,176.689,170.189,132.727,0.8266,55.683,Image_4405.jpg,sitting,11
170.453,175.846,142.404,80.785,82.074,67.356,170.404,79.004,25.042,13.027,12.015,178.445,185.099,148.703,0.6353,79.004,Image_7746.jpg,sitting,11
168.653,178.454,162.054,78.636,74.038,82.571,173.637,74.807,19.048,9.405,9.642,226.761,165.001,131.171,0.7591,74.807,Image_3315.jpg,sitting,11
156.07,154.71,154.399,74.587,76.335,77.596,155.066,75.738,33.775,12.599,21.176,212.016,147.232,108.183,0.788,75.738,Image_11117.jpg,sitting,11
116.619,88.77,72.359,77.334,65.509,56.276,95.215,67.38,29.121,13.61,15.512,133.037,64.772,88.17,0.7837,67.38,Image_5054.jpg,sitting,11
122.787,122.283,97.298,81.881,65.521,67.48,119.573,68.224,40.936,19.519,21.417,96.277,119.531,141.852,0.709,68.224,Image_1788.jpg,sitting,11
173.109,195.144,183.809,72.544,62.367,71.629,187.246,63.188,21.878,15.222,6.656,215.591,177.263,169.719,0.7548,63.188,Image_7431.jpg,sitting,11
151.144,148.014,144.346,71.612,63.747,57.089,148.516,64.553,20.2,8.994,11.206,176.543,145.919,124.244,0.7141,64.553,Image_11935.jpg,sitting,11
189.846,183.672,180.219,59.705,62.573,69.085,185.106,61.362,20.181,11.616,8.564,208.032,175.013,172.855,0.7547,61.362,Image_496.jpg,sitting,11
145.034,146.971,154.221,54.414,55.529,56.632,147.204,54.972,15.513,7.761,7.752,157.521,147.348,137.217,0.8821,54.972,Image_4360.jpg,sitting,11
165.813,161.539,145.945,62.574,61.236,61.899,161.023,61.428,29.334,15.328,14.006,192.268,146.352,145.202,0.7787,61.428,Image_5267.jpg,sitting,11
102.517,85.895,89.245,74.815,64.181,62.373,91.237,64.933,16.382,8.425,7.957,146.021,89.089,40.992,0.8152,64.933,Image_10259.jpg,sitting,11
172.689,187.5,193.896,69.227,68.383,66.674,183.784,68.188,20.516,11.871,8.645,162.761,162.438,224.226,0.7572,68.188,Image_4569.jpg,sitting,11
177.909,162.035,155.566,62.885,66.966,57.218,166.026,64.236,23.29,11.239,12.05,156.804,166.07,174.786,0.7349,64.236,Image_1147.jpg,sitting,11
124.148,123.821,123.726,72.389,73.088,72.791,123.896,72.751,28.603,14.576,14.027,179.123,123.596,71.464,0.7616,72.751,Image_5487.jpg,sitting,11
178.029,180.856,141.977,61.242,57.367,75.561,175.561,58.635,18.849,9.431,9.417,178.112,183.542,165.507,0.7898,58.635,Image_6849.jpg,sitting,11
131.775,132.27,79.218,71.087,69.653,52.979,126.061,63.543,28.557,15.456,13.101,157.302,126.337,95.975,0.7368,63.543,Image_7665.jpg,sitting,11
98.46,91.623,92.771,54.031,52.094,54.797,93.789,52.464,31.351,17.605,13.745,125.286,76.061,80.644,0.8185,52.464,Image_2935.jpg,sitting,11
161.018,162.813,147.773,67.391,65.985,75.745,160.546,67.15,24.953,11.598,13.355,153.688,162.171,165.541,0.6551,67.15,Image_11053.jpg,sitting,11
113.317,85.341,64.206,85.664,76.337,67.805,91.285,74.797,20.805,9.782,11.023,151.271,57.278,66.486,0.7753,74.797,Image_4859.jpg,sitting,11
159.378,122.79,106.068,63.03,51.618,47.439,131.807,53.874,31.01,10.473,20.538,141.648,131.502,122.705,0.8288,53.874,Image_9944.jpg,sitting,11
114.593,116.637,95.335,65.534,58.02,63.883,113.586,60.005,18.242,12.176,6.065,93.399,111.022,135.303,0.7348,60.005,Image_6295.jpg,sitting,11
175.379,173.575,160.07,60.348,57.784,61.176,172.557,58.057,26.551,14.49,12.061,167.245,175.899,174.439,0.738,58.057,Image_5282.jpg,sitting,11
112.979,113.265,112.031,65.616,65.263,63.498,113.028,65.003,25.715,15.236,10.48,111.514,96.686,130.072,0.684,65.003,Image_3023.jpg,sitting,11
191.976,190.365,189.371,59.278,60.788,61.538,190.715,60.262,22.924,11.922,11.002,218.912,199.158,155.739,0.7323,60.262,Image_3606.jpg,sitting,11
188.718,169.053,147.898,53.462,64.725,71.115,172.502,60.781,18.452,9.108,9.344,214.71,147.744,155.845,0.7814,60.781,Image_11294.jpg,sitting,11
141.456,107.82,77.864,63.573,54.475,51.919,114.448,54.457,26.92,13.901,13.019,132.748,94.936,115.604,0.7733,54.457,Image_162.jpg,sitting,11
146.763,145.712,142.38,74.392,73.393,74.784,145.632,73.392,21.607,13.821,7.787,153.026,148.702,135.644,0.6517,73.392,Image_11865.jpg,sitting,11
166.748,149.288,147.931,57.357,64.907,65.664,154.337,61.039,25.225,13.273,11.952,132.771,166.274,163.529,0.7396,61.039,Image_4397.jpg,sitting,11
146.483,146.978,141.388,87.646,83.719,73.109,146.178,83.406,18.498,10.145,8.354,210.927,94.314,133.878,0.7486,83.406,Image_1535.jpg,sitting,11
139.383,133.966,63.31,58.301,58.106,41.678,127.517,54.851,31.217,15.745,15.473,105.249,146.131,131.005,0.8302,54.851,Image_5087.jpg,sitting,11
165.687,155.43,145.778,76.757,71.836,63.012,157.38,71.299,17.747,9.626,8.121,166.261,141.336,164.217,0.9156,71.299,Image_5153.jpg,sitting,11
179.354,191.682,183.575,64.609,56.372,52.781,187.054,57.489,17.281,7.275,10.007,150.643,195.078,214.151,0.7698,57.489,Image_6394.jpg,sitting,11
159.377,158.435,147.552,62.743,63.268,66.227,157.46,62.844,19.107,11.214,7.893,185.469,163.355,125.097,0.7326,62.844,Image_6131.jpg,sitting,11
94.823,94.831,94.744,55.531,55.533,55.542,94.809,55.528,20.35,12.449,7.901,122.64,108.243,55.42,0.8249,55.528,Image_34.jpg,sitting,11
120.515,90.544,59.908,48.14,41.715,52.608,96.001,40.588,22.112,13.297,8.815,114.314,92.14,82.207,0.8493,40.588,Image_2563.jpg,sitting,11
188.092,171.684,156.335,65.882,64.318,65.787,174.822,62.734,22.527,11.184,11.343,166.602,157.922,198.799,0.7842,62.734,Image_9141.jpg,sitting,11
97.439,119.027,134.822,61.509,62.291,64.696,114.363,61.825,23.81,9.148,14.661,63.276,105.185,171.889,0.9005,61.825,Image_6146.jpg,sitting,11
58.16,81.791,112.503,63.9,58.643,65.032,78.221,57.141,13.359,6.404,6.955,79.284,106.545,50.169,0.8244,57.141,Image_10152.jpg,sitting,11
202.042,199.088,200.324,58.501,58.137,54.629,200.092,57.362,14.322,5.934,8.388,224.63,199.739,177.005,0.9118,57.362,Image_3174.jpg,sitting,11
231.757,218.001,214.047,35.984,45.088,48.617,221.64,42.257,10.282,5.091,5.191,202.453,232.622,229.472,0.8754,42.257,Image_10361.jpg,sleeping,12
210.313,195.8,181.274,50.674,58.295,66.093,198.463,55.918,20.071,11.087,8.985,214.743,190.055,190.948,0.7505,55.918,Image_12182.jpg,sleeping,12
154.144,132.032,98.738,72.535,67.21,59.728,134.833,67.333,16.18,6.511,9.67,143.044,112.253,148.548,0.6951,67.333,Image_368.jpg,sleeping,12
140.623,140.239,152.32,72.464,69.3,55.969,141.717,68.069,20.311,10.415,9.897,153.509,120.047,151.146,0.813,68.069,Image_8750.jpg,sleeping,12
87.75,84.708,97.012,64.644,62.04,53.92,87.012,61.84,13.734,7.01,6.725,95.412,129.134,38.786,0.8512,61.84,Image_1258.jpg,sleeping,12
181.99,160.383,149.227,33.578,43.157,50.843,165.553,40.037,14.806,8.19,6.616,162.35,171.266,163.158,0.8047,40.037,Image_3554.jpg,sleeping,12
129.399,125.372,127.118,58.227,58.179,63.495,126.762,57.255,23.895,10.628,13.267,107.247,126.539,145.602,0.7391,57.255,Image_8164.jpg,sleeping,12
204.658,189.129,183.712,54.483,68.407,76.041,193.134,64.348,9.821,5.575,4.246,226.354,168.344,185.087,0.775,64.348,Image_5163.jpg,sleeping,12
170.655,150.975,140.034,68.632,75.712,77.487,155.595,72.893,18.362,10.203,8.158,189.282,159.772,119.452,0.7697,72.893,Image_6810.jpg,sleeping,12
202.257,189.506,183.847,38.516,45.649,48.558,192.653,43.644,9.217,4.672,4.545,205.554,188.077,184.708,0.768,43.644,Image_7965.jpg,sleeping,12
92.667,87.575,76.625,61.293,60.978,60.761,87.84,60.971,29.49,6.331,23.159,108.136,69.449,86.02,0.8489,60.971,Image_6633.jpg,sleeping,12
188.711,192.612,201.417,84.534,78.271,67.719,192.431,78.656,19.087,9.861,9.226,221.897,180.143,176.033,0.7146,78.656,Image_3747.jpg,sleeping,12
191.444,197.281,202.035,67.019,56.874,56.437,196.058,57.46,23.301,11.442,11.859,200.225,203.2,185.263,0.7199,57.46,Image_3679.jpg,sleeping,12
121.121,105.235,96.434,82.331,70.45,77.738,108.969,74.425,23.824,13.283,10.541,63.782,109.02,152.055,0.8134,74.425,Image_879.jpg,sleeping,12
225.618,205.952,191.575,34.688,43.073,50.647,210.17,40.686,12.367,6.803,5.564,207.577,209.974,212.832,0.833,40.686,Image_9878.jpg,sleeping,12
194.932,169.692,142.712,54.889,59.669,64.012,174.143,57.654,12.702,6.477,6.225,176.464,152.859,192.244,0.733,57.654,Image_3007.jpg,sleeping,12
163.61,139.297,126.116,57.866,58.803,63.992,145.048,56.084,26.819,16.341,10.478,141.07,149.775,144.331,0.7468,56.084,Image_467.jpg,sleeping,12
134.22,130.964,137.435,56.113,46.838,39.052,132.662,48.233,18.622,9.584,9.038,150.686,127.131,120.737,0.8199,48.233,Image_2690.jpg,sleeping,12
104.739,85.268,89.002,45.969,57.032,61.326,91.505,51.807,16.654,7.878,8.777,77.591,99.881,96.791,0.801,51.807,Image_1184.jpg,sleeping,12
126.096,121.984,116.953,93.546,91.619,87.35,122.627,91.541,30.394,22.244,8.149,173.136,138.364,59.394,0.6758,91.541,Image_7224.jpg,sleeping,12
224.152,213.217,206.806,41.795,50.383,55.034,215.734,47.856,11.174,4.677,6.496,235.997,203.366,208.197,0.8466,47.856,Image_9904.jpg,sleeping,12
122.384,121.935,117.441,39.411,44.583,49.448,121.545,42.236,13.003,7.053,5.95,111.144,132.137,121.362,0.8355,42.236,Image_2747.jpg,sleeping,12
101.719,95.353,99.099,64.17,55.799,54.692,97.673,57.526,14.614,7.214,7.4,59.013,108.084,124.639,0.8062,57.526,Image_2930.jpg,sleeping,12
161.322,158.449,157.865,46.131,38.276,30.018,159.226,38.93,15.51,7.917,7.592,161.28,139.203,176.377,0.8715,38.93,Image_2964.jpg,sleeping,12
114.624,112.084,114.992,74.786,74.491,77.035,113.163,74.748,25.225,15.999,9.225,99.02,118.299,121.762,0.5559,74.748,Image_10886.jpg,sleeping,12
213.963,175.299,165.605,41.198,64.069,65.482,185.733,54.742,13.445,6.123,7.322,194.045,144.051,217.587,0.8313,54.742,Image_3961.jpg,sleeping,12
142.865,133.406,117.814,66.838,68.769,69.318,134.442,66.703,12.523,5.808,6.714,151.998,155.44,97.641,0.7777,66.703,Image_1587.jpg,sleeping,12
114.805,105.495,94.222,62.883,59.522,57.407,106.982,59.417,33.715,18.202,15.513,80.41,122.765,117.282,0.7456,59.417,Image_4299.jpg,sleeping,12
154.597,145.127,127.502,63.655,64.723,64.686,145.934,63.423,14.614,6.224,8.39,132.893,137.795,166.151,0.7465,63.423,Image_1846.jpg,sleeping,12
134.291,132.124,133.247,54.823,55.104,54.653,132.886,54.42,17.501,6.578,10.923,115.185,122.222,159.963,0.85,54.42,Image_4276.jpg,sleeping,12
194.522,187.969,189.078,61.333,63.911,65.088,190.035,62.25,19.564,8.716,10.848,212.368,181.649,176.723,0.8262,62.25,Image_12490.jpg,sleeping,12
118.762,120.395,123.504,58.591,54.72,50.858,120.249,54.897,22.616,11.577,11.039,120.629,114.933,124.962,0.8164,54.897,Image_873.jpg,sleeping,12
166.968,143.886,132.038,69.774,84.06,88.12,149.42,79.846,16.405,7.347,9.058,109.644,138.983,197.351,0.8015,79.846,Image_9172.jpg,sleeping,12
188.331,194.146,209.263,53.375,53.699,54.786,194.112,53.014,10.559,5.604,4.956,160.313,197.009,223.608,0.8717,53.014,Image_900.jpg,sleeping,12
202.339,195.603,195.761,62.509,65.267,64.271,197.615,63.976,16.434,7.387,9.047,236.404,195.98,162.15,0.8574,63.976,Image_7811.jpg,sleeping,12
240.192,229.221,217.844,14.508,28.486,30.879,231.181,24.153,6.884,3.751,3.133,227.861,226.518,238.8,0.9237,24.153,Image_7644.jpg,sleeping,12
236.638,225.51,224.484,15.705,35.07,47.591,228.697,29.886,6.922,4.056,2.866,222.223,227.334,236.177,0.9212,29.886,Image_4851.jpg,sleeping,12
138.874,129.045,120.316,75.687,76.163,80.713,130.975,74.538,34.059,17.681,16.378,154.562,139.326,100.488,0.7413,74.538,Image_4793.jpg,sleeping,12
179.385,176.153,177.674,66.839,68.042,69.003,177.275,67.571,13.349,6.238,7.111,205.027,156.375,170.733,0.8361,67.571,Image_3518.jpg,sleeping,12
192.69,152.962,123.909,66.009,76.72,80.015,161.509,72.486,16.876,7.509,9.367,110.402,168.81,203.325,0.6901,72.486,Image_6224.jpg,sleeping,12
231.757,218.001,214.047,35.984,45.088,48.617,221.64,42.257,10.282,5.091,5.191,202.453,232.622,229.472,0.8754,42.257,Image_9619.jpg,sleeping,12
151.641,130.966,123.733,68.966,59.618,56.77,136.308,61.498,17.981,10.318,7.663,157.455,114.269,137.16,0.7268,61.498,Image_9616.jpg,sleeping,12
217.365,222.622,221.036,30.26,28.303,34.129,220.848,26.657,7.915,4.612,3.303,225.416,212.539,224.418,0.9217,26.657,Image_902.jpg,sleeping,12
120.638,102.625,97.476,56.896,59.545,62.998,107.412,58.4,15.845,7.983,7.862,122.766,114.643,85.853,0.7067,58.4,Image_6083.jpg,sleeping,12
192.591,179.279,185.455,54.223,66.573,66.712,183.944,60.941,14.226,7.267,6.959,201.279,193.178,158.584,0.8399,60.941,Image_9377.jpg,sleeping,12
144.172,137.436,132.516,58.946,61.765,65.235,138.875,60.857,14.671,6.868,7.803,163.263,135.327,118.982,0.7119,60.857,Image_6949.jpg,sleeping,12
127.347,85.335,97.163,62.011,68.855,68.257,99.233,65.674,18.992,8.587,10.406,134.007,89.305,75.516,0.7104,65.674,Image_295.jpg,sleeping,12
96.535,93.006,79.256,78.176,72.361,70.458,92.484,73.556,19.904,10.513,9.391,149.301,100.461,30.635,0.7726,73.556,Image_4538.jpg,sleeping,12
200.521,193.569,184.322,40.93,46.1,56.821,194.574,45.165,10.515,5.851,4.664,176.699,188.464,217.467,0.8105,45.165,Image_9273.jpg,sleeping,12
190.668,170.326,156.446,33.212,42.127,44.448,174.807,39.192,11.63,7.105,4.525,168.893,167.275,187.642,0.8685,39.192,Image_7975.jpg,sleeping,12
220.469,218.099,215.98,34.328,40.291,49.176,218.544,38.738,10.003,5.21,4.792,226.569,199.586,228.979,0.8591,38.738,Image_4223.jpg,sleeping,12
196.542,176.435,158.551,52.075,54.285,59.95,180.388,53.096,26.417,10.843,15.574,210.325,156.83,174.301,0.81,53.096,Image_10726.jpg,sleeping,12
201.948,188.883,182.447,52.82,62.407,67.906,192.035,59.251,10.599,6.485,4.113,194.477,187.317,194.209,0.7689,59.251,Image_10380.jpg,sleeping,12
134.438,139.129,149.661,52.717,51.244,50.569,138.914,51.318,40.064,19.225,20.839,177.319,120.114,120.199,0.8573,51.318,Image_8136.jpg,sleeping,12
216.816,194.731,180.588,62.552,70.662,77.228,199.7,67.868,12.0,6.167,5.832,211.386,180.886,206.504,0.724,67.868,Image_7478.jpg,sleeping,12
191.806,166.638,151.098,45.239,56.946,68.567,172.373,52.786,25.867,12.464,13.403,178.143,157.568,180.996,0.8095,52.786,Image_9730.jpg,sleeping,12
193.413,188.329,182.896,51.692,54.94,59.458,189.211,54.246,17.807,8.323,9.484,200.649,179.909,187.17,0.8383,54.246,Image_6407.jpg,sleeping,12
148.543,136.106,124.071,55.345,47.082,41.659,138.438,48.098,18.677,12.078,6.599,173.322,130.136,113.063,0.8254,48.098,Image_2942.jpg,sleeping,12
66.933,95.506,106.433,45.892,56.035,64.114,88.201,51.839,14.736,7.731,7.006,113.907,89.228,62.684,0.7663,51.839,Image_5340.jpg,sleeping,12
129.336,122.594,120.06,64.436,60.803,55.651,124.308,61.188,15.802,7.783,8.018,67.385,149.831,154.281,0.8548,61.188,Image_8026.jpg,sleeping,12
79.053,82.241,112.464,48.391,51.264,57.71,84.726,50.88,26.712,10.572,16.14,114.009,65.374,75.245,0.7904,50.88,Image_1067.jpg,sleeping,12
200.917,194.48,197.904,34.659,43.474,48.483,196.775,41.024,7.604,3.896,3.708,201.27,185.271,203.466,0.8851,41.024,Image_12318.jpg,sleeping,12
101.767,104.988,87.926,75.22,79.287,82.14,102.07,77.331,24.171,11.605,12.565,81.064,87.812,135.731,0.8135,77.331,Image_12017.jpg,sleeping,12
168.913,166.667,165.723,61.049,61.731,61.979,167.214,61.349,16.304,7.607,8.697,181.806,163.919,156.43,0.8545,61.349,Image_8600.jpg,sleeping,12
97.737,99.169,94.453,64.785,61.268,58.372,98.193,61.584,17.54,8.383,9.157,145.317,69.557,80.547,0.7735,61.584,Image_12320.jpg,sleeping,12
98.103,173.719,202.461,90.784,39.779,50.153,154.376,44.145,19.53,11.744,7.786,148.856,151.999,161.915,0.7708,44.145,Image_5421.jpg,sleeping,12
175.102,165.836,163.693,52.783,57.494,61.088,168.345,55.478,10.189,4.795,5.394,181.014,131.778,191.155,0.8342,55.478,Image_1816.jpg,sleeping,12
147.678,144.834,137.297,43.268,44.735,32.936,144.81,41.923,12.196,6.847,5.35,154.925,145.679,134.326,0.8349,41.923,Image_4627.jpg,sleeping,12
186.438,173.589,160.201,56.801,65.881,73.095,175.886,63.323,16.831,9.369,7.462,169.833,178.704,178.974,0.8295,63.323,Image_4319.jpg,sleeping,12
180.903,180.129,176.524,55.258,53.586,57.096,179.932,54.094,22.515,10.372,12.143,168.65,173.257,197.072,0.8106,54.094,Image_2081.jpg,sleeping,12
59.054,58.338,47.244,49.288,49.994,35.18,57.281,47.332,29.349,13.936,15.413,77.353,44.743,50.091,0.8519,47.332,Image_11062.jpg,sleeping,12
177.325,165.302,156.726,43.314,50.937,57.216,167.901,48.556,14.469,7.319,7.15,186.352,160.777,157.09,0.829,48.556,Image_6793.jpg,sleeping,12
170.148,133.87,116.622,69.391,73.482,72.747,142.734,70.95,12.525,5.041,7.484,156.452,105.624,165.061,0.7111,70.95,Image_4786.jpg,sleeping,12
161.239,139.048,120.242,66.869,71.865,69.869,143.523,69.188,11.863,6.693,5.169,187.564,116.601,127.183,0.6852,69.188,Image_665.jpg,sleeping,12
30.503,64.691,90.673,40.446,40.44,44.667,57.428,37.481,12.888,6.596,6.292,48.268,67.527,56.531,0.8652,37.481,Image_11749.jpg,sleeping,12
175.68,154.464,146.152,51.218,60.134,66.798,159.842,56.516,14.075,6.859,7.216,124.067,166.243,187.881,0.8163,56.516,Image_9712.jpg,sleeping,12
225.437,218.286,219.99,35.805,41.863,46.242,220.596,39.281,9.253,4.447,4.806,219.733,209.378,232.127,0.8519,39.281,Image_8339.jpg,sleeping,12
201.088,182.322,173.523,59.264,64.785,69.782,186.91,62.804,14.52,5.126,9.394,223.003,179.149,159.867,0.8877,62.804,Image_7247.jpg,sleeping,12
203.372,188.708,179.608,60.15,65.326,67.493,192.035,63.87,13.321,7.329,5.992,166.944,182.972,224.636,0.7446,63.87,Image_2929.jpg,sleeping,12
175.797,154.42,146.261,51.251,60.087,66.632,159.864,56.492,14.026,6.827,7.2,124.096,166.255,187.906,0.8164,56.492,Image_12479.jpg,sleeping,12
171.0,146.819,138.633,55.141,61.593,63.553,153.099,59.232,12.735,6.485,6.25,130.159,158.104,170.219,0.762,59.232,Image_411.jpg,sleeping,12
204.539,199.566,194.411,31.574,43.53,55.281,200.445,40.3,9.906,5.111,4.794,203.005,191.578,206.464,0.8041,40.3,Image_385.jpg,sleeping,12
200.521,193.569,184.322,40.93,46.1,56.821,194.574,45.165,10.515,5.851,4.664,176.699,188.464,217.467,0.8105,45.165,Image_9956.jpg,sleeping,12
204.918,168.493,150.753,27.984,47.581,51.094,177.341,40.997,9.271,4.887,4.384,173.115,152.214,205.359,0.8457,40.997,Image_6752.jpg,sleeping,12
133.988,119.734,119.623,67.376,63.307,62.397,123.97,55.384,24.212,15.759,8.452,117.783,141.039,113.582,0.7528,55.384,Image_7073.jpg,sleeping,12
142.377,144.026,111.994,67.093,67.931,75.064,139.867,67.257,18.546,10.046,8.499,201.381,138.397,82.552,0.8295,67.257,Image_11198.jpg,sleeping,12
175.031,160.39,148.479,70.271,67.486,70.584,163.392,66.39,19.768,9.456,10.311,190.459,154.965,145.601,0.7541,66.39,Image_6355.jpg,sleeping,12
122.916,121.285,122.741,46.217,45.212,44.562,121.926,45.243,19.526,9.332,10.194,151.357,96.937,117.687,0.8398,45.243,Image_6696.jpg,sleeping,12
159.162,193.638,201.03,59.285,59.411,68.414,184.157,55.799,10.291,5.738,4.553,185.208,170.86,195.845,0.7552,55.799,Image_1466.jpg,sleeping,12
196.44,127.392,127.205,48.313,77.419,70.08,147.996,62.179,14.891,8.577,6.314,159.397,158.548,127.042,0.6949,62.179,Image_963.jpg,sleeping,12
206.584,202.317,202.233,50.623,51.995,53.452,203.562,50.704,16.982,7.535,9.447,224.769,181.252,204.616,0.8227,50.704,Image_1063.jpg,sleeping,12
25.969,29.547,28.423,20.53,18.248,18.656,28.347,18.512,7.561,4.052,3.51,30.042,33.239,22.058,0.9314,18.512,Image_9229.jpg,sleeping,12
57.069,50.188,43.206,70.659,64.279,57.769,51.444,65.068,19.258,12.032,7.226,65.83,38.004,50.54,0.8389,65.068,Image_7859.jpg,sleeping,12
210.183,207.903,219.903,21.935,30.785,38.833,209.931,25.675,11.25,5.949,5.301,203.608,206.546,219.198,0.9235,25.675,Image_9868.jpg,sleeping,12
138.62,138.436,140.828,84.589,80.896,78.067,138.75,81.222,9.48,3.171,6.309,180.047,82.471,153.05,0.825,81.222,Image_2784.jpg,sleeping,12
146.048,132.941,123.148,64.264,65.406,67.36,135.729,64.79,19.077,9.687,9.39,194.201,130.509,84.898,0.8224,64.79,Image_11529.jpg,sleeping,12
165.234,172.632,171.078,46.421,47.297,49.559,170.226,46.87,21.332,12.228,9.104,185.656,166.125,159.413,0.7929,46.87,Image_11041.jpg,sleeping,12
119.433,91.022,81.074,49.635,59.242,67.945,98.371,55.937,15.077,5.499,9.578,90.433,117.845,87.359,0.7637,55.937,Image_4124.jpg,sleeping,12
158.064,152.946,141.031,48.384,53.164,60.288,153.102,51.178,22.068,11.36,10.708,167.626,129.493,161.774,0.7949,51.178,Image_11633.jpg,sleeping,12
208.428,187.797,187.111,36.869,47.354,58.66,193.867,44.541,13.888,7.723,6.165,192.449,180.107,208.353,0.8264,44.541,Image_6519.jpg,sleeping,12
196.96,181.297,176.331,42.882,53.771,61.524,185.395,50.737,16.326,8.27,8.056,169.645,182.074,203.598,0.7864,50.737,Image_10923.jpg,sleeping,12
127.283,100.985,91.313,58.091,54.56,48.348,107.733,54.155,20.392,11.765,8.627,98.632,106.762,117.347,0.7669,54.155,Image_3782.jpg,sleeping,12
152.671,149.64,143.55,70.9,69.054,70.615,149.837,68.816,20.489,10.845,9.644,151.651,153.743,144.377,0.6722,68.816,Image_5019.jpg,sleeping,12
163.992,151.155,147.408,50.428,53.231,54.384,154.55,51.891,25.103,10.253,14.85,157.217,158.955,147.798,0.8225,51.891,Image_11539.jpg,sleeping,12
191.344,187.706,184.822,53.445,53.55,54.34,188.446,52.908,15.394,6.454,8.94,150.065,198.788,215.21,0.8541,52.908,Image_9432.jpg,sleeping,12
220.345,204.868,205.876,41.556,54.03,61.319,209.589,50.305,9.405,5.453,3.952,222.04,181.98,224.057,0.8541,50.305,Image_11130.jpg,sleeping,12
139.997,108.146,81.095,62.745,58.534,51.232,114.571,57.269,26.84,12.011,14.829,83.145,132.236,127.707,0.763,57.269,Image_48.jpg,sleeping,12
171.586,181.425,178.603,40.089,49.272,54.717,178.144,46.231,13.72,7.826,5.894,166.565,170.792,196.216,0.8083,46.231,Image_740.jpg,sleeping,12
128.064,75.683,50.298,86.914,68.406,52.309,88.438,69.889,22.171,9.942,12.229,58.492,117.458,89.323,0.7313,69.889,Image_11595.jpg,sleeping,12
96.754,91.601,75.203,65.415,58.986,51.91,91.263,59.043,15.035,8.241,6.793,61.75,95.346,115.537,0.7273,59.043,Image_8824.jpg,sleeping,12
180.047,172.295,167.029,55.734,55.818,56.929,173.994,54.605,31.328,17.471,13.857,182.048,170.273,169.859,0.7967,54.605,Image_5354.jpg,sleeping,12
132.603,127.72,125.939,25.631,30.314,32.883,128.964,28.773,5.489,3.083,2.406,135.948,114.972,135.653,0.9291,28.773,Image_9073.jpg,sleeping,12
104.061,113.234,114.042,74.017,75.04,74.939,110.573,74.157,27.465,14.633,12.833,145.512,82.57,103.951,0.6634,74.157,Image_1266.jpg,sleeping,12
183.965,178.788,180.048,42.514,48.372,52.344,180.461,46.921,13.012,8.058,4.954,209.737,166.438,165.902,0.8178,46.921,Image_11825.jpg,sleeping,12
195.135,193.788,187.75,75.868,79.989,81.907,193.483,78.685,12.93,6.497,6.433,246.199,178.029,157.915,0.7035,78.685,Image_1053.jpg,sleeping,12
166.845,163.591,167.217,69.779,74.721,80.245,164.961,73.592,10.462,5.5,4.962,94.32,187.23,211.133,0.8502,73.592,Image_6644.jpg,sleeping,12
160.849,172.071,183.869,58.124,48.777,40.121,170.044,48.865,16.344,7.0,9.344,202.721,177.384,131.848,0.844,48.865,Image_10354.jpg,sleeping,12
174.811,161.7,155.359,48.144,56.678,59.272,164.88,53.925,16.645,9.568,7.076,185.119,161.672,148.623,0.7839,53.925,Image_11914.jpg,sleeping,12
144.722,135.939,130.007,67.493,68.643,68.567,137.874,68.036,15.38,6.773,8.607,139.547,111.182,161.756,0.7425,68.036,Image_6604.jpg,sleeping,12
97.254,89.391,77.452,47.696,50.104,50.864,90.371,48.385,10.984,6.153,4.83,63.89,95.154,111.084,0.8029,48.385,Image_8326.jpg,sleeping,12
128.415,115.377,114.424,57.747,55.656,51.919,119.154,53.683,26.327,12.357,13.97,119.533,123.76,114.394,0.7924,53.683,Image_6664.jpg,sleeping,12
178.933,180.156,178.278,60.268,63.431,66.972,179.559,62.639,14.696,8.616,6.079,221.866,177.412,141.223,0.7716,62.639,Image_7029.jpg,sleeping,12
113.718,114.212,114.907,52.835,51.231,52.908,114.132,51.546,27.109,13.304,13.804,127.367,115.856,99.854,0.7932,51.546,Image_1162.jpg,sleeping,12
216.816,194.731,180.588,62.552,70.662,77.228,199.7,67.868,12.0,6.167,5.832,211.386,180.886,206.504,0.724,67.868,Image_122.jpg,sleeping,12
206.415,192.702,183.449,49.349,58.043,63.834,195.727,55.401,16.5,9.81,6.69,202.446,172.298,211.677,0.8175,55.401,Image_2326.jpg,sleeping,12
152.498,135.392,120.497,84.849,84.13,83.049,138.793,83.202,20.877,11.538,9.339,157.792,96.872,160.673,0.5919,83.202,Image_1477.jpg,sleeping,12
170.199,146.193,123.418,60.511,70.075,71.26,150.758,66.853,10.567,6.551,4.016,172.639,131.561,148.195,0.7986,66.853,Image_4394.jpg,sleeping,12
211.654,200.208,191.35,44.503,50.932,60.368,202.6,49.009,13.752,7.754,5.998,209.978,199.097,198.901,0.8051,49.009,Image_7860.jpg,sleeping,12
190.029,183.392,178.117,51.433,58.942,64.061,184.756,56.936,14.001,6.69,7.311,188.126,146.824,217.747,0.8471,56.936,Image_3307.jpg,sleeping,12
226.101,236.073,223.536,50.887,32.346,47.291,231.639,35.73,6.189,2.762,3.426,222.101,230.007,242.303,0.8605,35.73,Image_11177.jpg,sleeping,12
166.46,158.589,161.78,73.885,74.704,72.345,161.29,73.664,12.156,6.103,6.052,215.689,142.511,127.288,0.725,73.664,Image_5001.jpg,sleeping,12
183.133,175.708,173.284,84.201,85.956,86.703,177.633,85.111,14.66,8.056,6.603,222.758,162.894,148.63,0.6623,85.111,Image_1580.jpg,sleeping,12
193.984,187.155,188.386,29.804,40.954,48.4,189.318,38.026,8.345,4.827,3.519,203.057,177.09,187.875,0.8468,38.026,Image_7560.jpg,sleeping,12
218.103,202.387,188.057,28.244,45.088,58.402,205.431,40.354,10.928,5.837,5.091,216.852,195.912,203.614,0.8149,40.354,Image_11841.jpg,sleeping,12
147.296,155.278,160.448,43.792,50.902,57.221,153.466,48.974,13.287,7.153,6.133,165.543,157.409,138.175,0.7829,48.974,Image_367.jpg,sleeping,12
115.573,111.749,100.043,64.498,61.815,57.95,111.546,61.527,16.88,10.535,6.345,91.175,120.664,122.289,0.7622,61.527,Image_4343.jpg,sleeping,12
159.82,143.862,143.685,64.093,50.472,42.381,148.597,52.322,19.757,10.456,9.301,163.153,158.818,124.946,0.7886,52.322,Image_5244.jpg,sleeping,12
143.106,107.299,101.724,51.176,49.441,51.755,117.355,49.467,13.141,7.533,5.608,141.225,115.494,96.347,0.8377,49.467,Image_10311.jpg,sleeping,12
121.247,112.974,110.632,62.5,59.973,60.138,115.169,59.493,24.5,12.162,12.338,127.627,119.196,99.432,0.7357,59.493,Image_4585.jpg,sleeping,12
132.298,138.423,133.42,59.408,56.276,65.292,136.008,57.827,26.387,14.589,11.798,123.024,134.083,150.239,0.7042,57.827,Image_1108.jpg,sleeping,12
239.541,229.946,224.644,35.646,46.609,53.846,232.187,43.491,5.969,2.631,3.338,251.665,208.475,236.228,0.8896,43.491,Image_5546.jpg,sleeping,12
212.335,202.861,204.678,30.394,45.468,49.729,205.879,40.978,5.129,3.283,1.845,224.059,189.104,204.539,0.916,40.978,Image_6829.jpg,sleeping,12
210.133,192.154,182.18,31.668,42.468,48.996,196.372,39.494,14.693,6.811,7.882,212.973,170.747,204.985,0.8449,39.494,Image_7764.jpg,sleeping,12
197.557,187.121,182.442,68.076,70.2,72.152,189.688,69.311,16.841,8.996,7.844,196.606,165.834,205.854,0.7305,69.311,Image_2862.jpg,sleeping,12
196.611,181.987,179.446,57.548,64.451,69.695,186.05,62.266,16.093,9.385,6.707,184.946,161.477,210.56,0.7439,62.266,Image_10944.jpg,sleeping,12
175.353,142.179,126.203,37.34,51.797,59.015,150.259,47.919,8.708,3.763,4.945,146.447,153.086,151.2,0.7399,47.919,Image_4840.jpg,sleeping,12
179.385,176.153,177.674,66.839,68.042,69.003,177.275,67.571,13.349,6.238,7.111,205.027,156.375,170.733,0.8361,67.571,Image_9974.jpg,sleeping,12
115.79,114.99,114.681,60.152,61.687,63.068,115.182,61.292,14.376,6.719,7.658,158.299,106.575,82.242,0.8907,61.292,Image_6454.jpg,sleeping,12
44.054,43.104,43.508,62.9,63.656,64.38,43.43,62.757,7.931,3.587,4.345,5.0,13.501,108.681,0.886,62.757,Image_5303.jpg,sleeping,12
147.296,155.278,160.448,43.792,50.902,57.221,153.466,48.974,13.287,7.153,6.133,165.543,157.409,138.175,0.7829,48.974,Image_2940.jpg,sleeping,12
175.32,147.415,116.055,30.746,37.097,51.147,152.166,36.281,11.193,6.154,5.039,165.28,143.26,148.149,0.862,36.281,Image_3575.jpg,sleeping,12
234.586,225.663,222.851,19.985,32.131,37.474,227.987,28.593,7.202,3.556,3.646,237.417,207.708,238.343,0.921,28.593,Image_11299.jpg,sleeping,12
183.988,161.803,146.557,69.293,67.818,73.751,166.68,67.068,18.306,9.509,8.796,176.747,155.085,168.138,0.7084,67.068,Image_82.jpg,sleeping,12
215.783,210.178,203.909,41.601,47.863,55.541,211.118,46.514,12.404,6.944,5.46,246.965,210.004,177.962,0.862,46.514,Image_11662.jpg,sleeping,12
196.356,199.479,208.539,64.433,61.584,57.188,199.558,61.447,12.799,5.952,6.847,220.935,155.976,220.754,0.7609,61.447,Image_4393.jpg,sleeping,12
197.05,184.283,166.744,44.17,51.364,55.479,186.081,49.099,10.649,5.991,4.658,168.8,184.864,203.739,0.8357,49.099,Image_1336.jpg,sleeping,12
152.685,131.396,115.245,72.606,67.557,67.636,135.905,67.839,24.578,11.823,12.755,119.652,149.81,138.146,0.688,67.839,Image_5010.jpg,sleeping,12
125.601,116.219,113.558,55.497,54.241,52.985,118.708,53.682,25.32,13.925,11.395,110.852,111.861,132.744,0.7354,53.682,Image_5122.jpg,sleeping,12
125.026,79.396,83.964,61.621,45.868,49.578,93.548,49.018,22.891,9.321,13.57,108.601,83.984,88.308,0.7963,49.018,Image_6557.jpg,sleeping,12
157.413,149.795,150.272,57.668,58.19,59.251,152.111,57.603,16.32,8.408,7.912,163.544,156.923,136.606,0.7807,57.603,Image_6278.jpg,sleeping,12
155.558,147.125,148.559,82.808,81.838,82.242,149.794,80.656,20.788,12.347,8.441,193.831,130.832,125.859,0.7059,80.656,Image_15.jpg,sleeping,12
220.309,204.712,205.72,41.541,54.054,61.327,209.469,50.315,9.453,5.477,3.976,221.843,181.911,223.962,0.8537,50.315,Image_2471.jpg,sleeping,12
220.469,218.099,215.98,34.328,40.291,49.176,218.544,38.738,10.003,5.21,4.792,226.569,199.586,228.979,0.8591,38.738,Image_9276.jpg,sleeping,12
217.22,160.908,121.683,26.309,49.739,67.534,173.252,43.294,12.343,5.953,6.39,174.632,164.886,179.922,0.8256,43.294,Image_6309.jpg,sleeping,12
86.26,88.67,84.196,83.321,82.252,83.837,87.431,82.705,16.941,12.2,4.741,47.549,109.606,104.333,0.7076,82.705,Image_10189.jpg,sleeping,12
201.339,187.481,177.667,59.324,55.797,67.474,190.485,54.04,17.623,9.107,8.516,208.652,184.454,178.901,0.8246,54.04,Image_3065.jpg,sleeping,12
81.158,66.183,51.72,76.051,64.633,56.939,69.004,65.939,24.698,15.231,9.467,54.549,104.737,48.693,0.733,65.939,Image_10275.jpg,using_laptop,14
176.526,156.573,138.507,77.309,72.701,70.252,160.462,71.797,23.041,10.951,12.09,187.367,139.065,155.204,0.7523,71.797,Image_12126.jpg,using_laptop,14
178.372,169.852,161.427,61.679,67.449,72.961,171.421,65.968,12.678,6.756,5.922,216.38,181.507,118.879,0.8131,65.968,Image_393.jpg,using_laptop,14
179.122,172.069,174.717,58.616,65.323,65.169,174.462,62.535,26.024,11.672,14.352,180.262,152.286,190.093,0.7428,62.535,Image_8788.jpg,using_laptop,14
177.156,157.531,121.822,63.882,70.141,73.43,159.31,66.762,19.808,9.842,9.966,183.204,146.001,149.207,0.7242,66.762,Image_1225.jpg,using_laptop,14
208.451,203.889,197.258,42.239,49.291,55.685,204.476,47.707,11.014,5.575,5.439,229.162,210.38,175.278,0.7989,47.707,Image_3769.jpg,using_laptop,14
172.122,150.735,136.009,73.792,62.159,63.288,155.434,64.263,24.866,10.052,14.814,182.078,136.949,147.646,0.7788,64.263,Image_8350.jpg,using_laptop,14
115.361,102.267,98.258,57.541,62.863,67.354,105.713,60.86,22.351,11.131,11.22,86.638,101.073,128.351,0.7712,60.86,Image_5329.jpg,using_laptop,14
201.342,185.399,156.818,69.913,56.442,68.05,186.888,56.266,16.21,7.626,8.584,197.751,179.856,183.231,0.8042,56.266,Image_6868.jpg,using_laptop,14
156.683,121.243,91.715,47.719,46.108,46.649,128.458,46.067,12.152,6.725,5.427,134.934,143.98,107.459,0.8349,46.067,Image_8134.jpg,using_laptop,14
98.902,111.43,91.419,49.762,51.236,63.713,105.393,49.839,28.487,13.632,14.856,121.208,104.901,90.767,0.7877,49.839,Image_6599.jpg,using_laptop,14
153.688,140.377,130.071,71.891,70.42,70.228,143.167,69.753,23.077,13.349,9.727,149.296,128.975,150.863,0.7227,69.753,Image_3869.jpg,using_laptop,14
170.942,170.17,159.033,64.05,68.882,75.676,169.114,67.705,19.505,11.734,7.771,164.119,174.813,168.442,0.6113,67.705,Image_3855.jpg,using_laptop,14
152.07,148.767,151.876,52.816,51.601,48.819,150.094,50.357,19.85,10.275,9.575,143.222,146.289,160.285,0.8026,50.357,Image_844.jpg,using_laptop,14
102.091,89.199,79.181,59.461,58.17,57.685,91.901,57.924,16.295,8.301,7.994,103.035,116.271,58.012,0.7814,57.924,Image_9812.jpg,using_laptop,14
157.009,145.274,135.98,65.157,70.323,67.493,147.708,67.702,18.348,9.021,9.327,180.444,142.011,121.897,0.6845,67.702,Image_3188.jpg,using_laptop,14
81.231,76.495,80.321,62.604,61.663,60.615,78.339,61.493,18.197,8.708,9.488,46.977,104.756,83.059,0.814,61.493,Image_485.jpg,using_laptop,14
202.769,203.791,203.696,50.966,51.339,51.866,203.454,49.594,16.583,7.138,9.446,204.982,209.925,195.819,0.8556,49.594,Image_2774.jpg,using_laptop,14
199.732,198.527,196.974,65.471,68.439,70.973,198.69,65.904,20.54,10.789,9.751,207.392,176.762,211.315,0.7432,65.904,Image_1037.jpg,using_laptop,14
200.915,189.502,178.939,56.345,65.193,75.895,191.69,62.96,15.294,6.65,8.644,203.516,189.942,182.072,0.7085,62.96,Image_7367.jpg,using_laptop,14
111.323,102.873,97.2,68.502,64.55,61.334,104.742,64.885,17.827,9.123,8.704,81.699,148.67,84.806,0.7643,64.885,Image_9873.jpg,using_laptop,14
195.582,182.402,156.47,65.733,68.597,86.413,183.367,64.682,15.913,7.965,7.948,217.338,191.318,143.35,0.8104,64.682,Image_2837.jpg,using_laptop,14
200.854,203.983,204.533,51.826,42.001,40.313,203.09,43.481,7.101,3.222,3.879,242.413,196.088,172.239,0.8771,43.481,Image_3130.jpg,using_laptop,14
189.778,164.681,151.856,65.347,64.831,63.92,170.704,63.881,19.885,11.843,8.043,189.936,168.866,154.101,0.7054,63.881,Image_3164.jpg,using_laptop,14
131.722,121.413,112.668,44.991,45.736,45.943,123.485,45.248,11.875,7.284,4.591,96.614,132.549,140.484,0.8138,45.248,Image_10977.jpg,using_laptop,14
216.059,208.277,199.44,25.703,35.348,41.206,209.575,32.768,12.292,6.131,6.161,208.485,207.109,212.97,0.9187,32.768,Image_4156.jpg,using_laptop,14
147.529,149.851,153.783,74.095,74.499,73.525,149.59,73.903,22.179,12.897,9.281,177.614,148.587,123.798,0.6917,73.903,Image_1536.jpg,using_laptop,14
165.846,156.139,146.298,44.457,47.801,49.4,157.903,46.559,14.445,9.193,5.253,153.065,170.245,150.74,0.7925,46.559,Image_4506.jpg,using_laptop,14
133.5,125.424,120.054,52.783,46.897,42.68,127.213,47.15,18.983,8.95,10.034,143.49,125.781,113.042,0.8381,47.15,Image_1772.jpg,using_laptop,14
154.497,143.295,136.586,69.975,73.93,71.618,145.864,70.972,20.889,12.118,8.771,178.256,136.689,123.704,0.7616,70.972,Image_4442.jpg,using_laptop,14
123.964,131.056,97.003,52.73,55.012,56.903,125.041,53.121,28.939,15.819,13.121,102.905,148.404,123.87,0.8126,53.121,Image_12556.jpg,using_laptop,14
129.918,127.343,120.448,58.69,56.468,53.785,127.314,56.422,19.328,8.701,10.626,141.808,102.882,136.799,0.8691,56.422,Image_819.jpg,using_laptop,14
186.683,175.957,164.411,69.962,71.426,68.159,177.83,69.838,19.467,10.339,9.128,199.115,209.711,127.079,0.7777,69.838,Image_9004.jpg,using_laptop,14
182.462,185.019,180.445,61.712,61.27,64.59,183.715,61.54,22.965,13.697,9.269,202.676,183.088,166.214,0.7672,61.54,Image_859.jpg,using_laptop,14
187.904,179.204,170.138,71.575,73.106,73.047,180.753,72.157,22.191,9.458,12.733,191.604,187.228,164.213,0.7524,72.157,Image_7948.jpg,using_laptop,14
73.958,88.985,71.367,48.846,43.426,47.818,82.476,43.084,12.28,6.977,5.303,83.114,90.324,74.376,0.8558,43.084,Image_7718.jpg,using_laptop,14
181.945,189.767,204.594,72.018,66.917,58.022,189.1,66.88,14.959,7.731,7.227,211.407,184.276,172.412,0.7061,66.88,Image_5039.jpg,using_laptop,14
136.629,124.444,119.56,63.199,61.206,60.434,127.517,60.613,22.917,11.413,11.504,108.921,113.667,158.487,0.8029,60.613,Image_4939.jpg,using_laptop,14
196.335,192.058,197.739,61.98,63.969,61.427,193.965,62.835,14.214,6.775,7.439,215.625,208.831,159.099,0.7967,62.835,Image_3726.jpg,using_laptop,14
152.697,154.915,166.117,54.673,57.331,61.935,155.514,55.868,29.701,13.655,16.046,178.899,156.397,132.348,0.7553,55.868,Image_6150.jpg,using_laptop,14
179.29,182.267,188.361,60.753,64.725,66.398,182.054,62.486,14.284,7.84,6.444,211.537,156.599,178.208,0.7655,62.486,Image_9595.jpg,using_laptop,14
171.905,157.802,140.907,66.118,67.449,67.672,160.075,66.407,20.385,10.587,9.797,184.132,155.839,141.156,0.7257,66.407,Image_9559.jpg,using_laptop,14
226.142,223.477,228.589,52.057,55.117,50.401,224.834,53.415,14.824,7.198,7.627,241.313,234.392,199.98,0.8345,53.415,Image_867.jpg,using_laptop,14
160.954,148.268,146.546,53.132,54.746,49.676,151.849,53.089,17.725,9.689,8.036,126.742,141.902,185.309,0.7881,53.089,Image_6013.jpg,using_laptop,14
192.935,178.575,163.962,34.833,42.939,45.437,181.183,40.143,10.384,7.477,2.907,161.508,195.185,186.599,0.8241,40.143,Image_9166.jpg,using_laptop,14
194.553,188.228,184.376,42.691,47.765,49.396,189.661,45.64,12.79,5.959,6.831,216.142,189.493,164.544,0.8213,45.64,Image_7026.jpg,using_laptop,14
173.326,148.334,136.681,53.041,57.31,52.159,154.461,52.99,22.238,12.788,9.451,172.439,148.747,142.753,0.7894,52.99,Image_292.jpg,using_laptop,14
110.582,89.9,78.419,52.602,48.411,49.522,94.764,47.862,18.156,8.199,9.957,117.74,87.798,79.482,0.8121,47.862,Image_4738.jpg,using_laptop,14
145.664,161.437,166.2,61.07,62.279,73.645,157.249,61.293,20.69,7.925,12.765,155.865,155.4,160.335,0.74,61.293,Image_9070.jpg,using_laptop,14
109.394,77.438,53.985,62.796,57.678,47.497,84.308,57.252,22.354,13.307,9.047,57.173,75.727,118.401,0.7559,57.252,Image_8189.jpg,using_laptop,14
148.212,138.696,129.747,65.152,68.024,71.709,140.506,67.144,14.544,6.036,8.508,173.49,132.791,116.387,0.788,67.144,Image_4323.jpg,using_laptop,14
96.139,102.918,130.99,67.981,62.85,53.637,104.082,63.202,22.077,12.435,9.642,100.185,119.628,92.962,0.7822,63.202,Image_10683.jpg,using_laptop,14
142.633,138.913,134.086,68.052,67.656,68.872,139.461,67.083,28.08,14.381,13.699,114.131,136.013,166.93,0.786,67.083,Image_10336.jpg,using_laptop,14
142.44,167.147,170.035,74.751,63.172,62.312,160.075,64.69,23.518,10.088,13.43,203.58,159.711,118.894,0.7585,64.69,Image_8341.jpg,using_laptop,14
195.17,193.471,195.589,49.618,51.607,54.714,194.201,50.865,19.067,10.291,8.775,211.966,186.605,184.495,0.8435,50.865,Image_7641.jpg,using_laptop,14
191.68,178.421,174.103,68.862,69.178,70.817,181.874,68.428,19.77,8.511,11.259,219.662,165.827,161.122,0.8233,68.428,Image_9674.jpg,using_laptop,14
159.422,155.745,135.332,62.555,60.719,66.475,154.501,60.757,29.664,17.522,12.142,140.405,149.415,172.811,0.7425,60.757,Image_6306.jpg,using_laptop,14
154.879,153.871,160.119,66.113,70.2,71.936,154.869,68.258,19.808,10.315,9.493,165.401,181.215,119.667,0.7853,68.258,Image_3153.jpg,using_laptop,14
128.457,115.829,104.045,68.553,64.946,65.406,118.249,65.065,20.191,10.786,9.406,91.684,113.533,148.107,0.7362,65.065,Image_5496.jpg,using_laptop,14
203.608,197.229,196.541,47.753,52.199,54.408,199.038,50.226,16.168,8.841,7.327,229.043,189.915,179.104,0.8344,50.226,Image_8219.jpg,using_laptop,14
158.259,117.548,106.018,70.517,65.848,58.926,128.39,60.161,20.942,11.71,9.232,182.572,118.747,85.877,0.8214,60.161,Image_980.jpg,using_laptop,14
171.686,167.897,163.769,55.581,57.422,59.193,168.542,56.892,16.0,9.24,6.76,180.952,143.812,180.303,0.7655,56.892,Image_12298.jpg,using_laptop,14
205.491,194.049,191.511,63.107,64.576,67.251,197.161,63.871,15.717,6.452,9.265,243.717,177.608,171.384,0.896,63.871,Image_11991.jpg,using_laptop,14
144.956,140.07,139.854,38.322,35.43,37.615,141.492,35.503,6.731,3.474,3.257,159.244,151.065,115.408,0.8873,35.503,Image_8666.jpg,using_laptop,14
179.233,170.627,164.398,51.49,55.28,55.948,172.472,53.617,18.626,7.488,11.138,168.481,211.973,138.575,0.8363,53.617,Image_12316.jpg,using_laptop,14
214.016,207.869,208.689,41.777,47.022,48.555,209.779,45.285,10.669,4.466,6.203,211.175,211.593,206.715,0.867,45.285,Image_5615.jpg,using_laptop,14
200.71,168.954,131.834,45.568,46.011,70.063,174.198,42.051,22.006,10.58,11.425,190.955,160.857,170.936,0.8645,42.051,Image_1766.jpg,using_laptop,14
213.999,191.013,175.544,35.314,51.685,62.697,196.101,46.644,16.787,8.892,7.896,211.514,187.517,189.582,0.7771,46.644,Image_4801.jpg,using_laptop,14
195.845,178.322,164.35,51.816,59.781,67.288,181.949,57.892,15.698,7.797,7.901,190.147,209.058,148.247,0.8243,57.892,Image_4522.jpg,using_laptop,14
181.224,178.597,177.319,66.078,63.068,62.63,179.219,62.995,23.414,10.322,13.092,209.971,172.301,156.468,0.81,62.995,Image_2004.jpg,using_laptop,14
173.579,171.01,166.382,67.916,71.632,73.481,171.233,70.013,24.363,14.104,10.259,212.246,182.981,120.87,0.7682,70.013,Image_11156.jpg,using_laptop,14
205.254,186.702,171.808,36.925,56.345,61.145,190.531,50.577,11.231,6.311,4.92,197.983,208.369,166.39,0.8158,50.577,Image_6863.jpg,using_laptop,14
113.083,105.263,103.396,71.33,70.305,69.698,107.377,69.771,18.812,8.48,10.332,166.498,85.496,71.83,0.7566,69.771,Image_4868.jpg,using_laptop,14
195.665,174.514,161.92,33.679,47.019,54.394,179.383,42.615,11.548,5.238,6.31,181.224,175.01,181.799,0.8213,42.615,Image_611.jpg,using_laptop,14
130.962,119.418,115.073,53.77,62.385,67.586,122.361,59.585,19.988,12.945,7.043,133.715,127.745,106.384,0.6996,59.585,Image_11849.jpg,using_laptop,14
102.44,100.644,94.468,65.824,64.739,64.605,100.466,64.691,18.529,10.162,8.367,66.808,93.467,139.276,0.7527,64.691,Image_9673.jpg,using_laptop,14
212.423,208.498,199.841,45.54,49.329,48.593,208.663,47.633,12.426,5.992,6.434,233.181,188.152,204.838,0.8643,47.633,Image_8491.jpg,using_laptop,14
146.383,141.271,118.579,73.392,73.738,65.989,140.198,71.573,15.983,6.148,9.835,172.821,156.684,93.321,0.6514,71.573,Image_7372.jpg,using_laptop,14
136.248,129.063,121.934,72.878,72.278,72.865,130.385,71.657,26.284,10.728,15.555,70.601,152.091,166.733,0.794,71.657,Image_3128.jpg,using_laptop,14
200.206,177.202,153.581,76.423,81.435,80.918,181.368,79.288,11.909,6.531,5.378,230.845,177.831,137.516,0.7178,79.288,Image_12499.jpg,using_laptop,14
125.207,122.92,120.435,66.135,57.49,52.711,123.308,58.547,18.797,9.848,8.949,144.117,115.753,110.656,0.7246,58.547,Image_434.jpg,using_laptop,14
214.445,213.13,212.87,68.908,71.362,72.562,213.472,70.663,18.318,9.52,8.799,225.372,210.026,205.403,0.7893,70.663,Image_394.jpg,using_laptop,14
151.096,145.047,139.003,51.634,58.133,66.99,146.151,53.973,20.03,10.34,9.69,141.615,166.551,131.01,0.7882,53.973,Image_9915.jpg,using_laptop,14
207.279,200.483,195.506,45.452,48.345,56.791,201.927,47.781,15.277,8.246,7.03,214.974,219.97,172.251,0.8338,47.781,Image_6729.jpg,using_laptop,14
187.789,170.065,165.014,61.606,73.614,76.175,174.77,68.686,23.775,10.369,13.406,178.258,161.996,183.634,0.7865,68.686,Image_7172.jpg,using_laptop,14
194.933,191.347,182.638,57.228,63.245,69.273,191.407,61.28,19.555,8.871,10.684,201.957,184.128,188.285,0.7121,61.28,Image_11281.jpg,using_laptop,14
141.057,126.709,112.174,55.939,55.617,54.857,129.328,55.024,20.885,9.744,11.141,176.379,118.948,94.324,0.8457,55.024,Image_6270.jpg,using_laptop,14
218.19,204.339,202.608,35.199,50.921,52.46,208.262,44.585,12.369,6.504,5.865,218.584,200.709,205.618,0.8119,44.585,Image_6654.jpg,using_laptop,14
172.768,172.24,174.899,73.856,73.965,72.345,172.684,73.492,17.231,7.479,9.752,210.914,175.137,133.851,0.7057,73.492,Image_1374.jpg,using_laptop,14
191.098,170.235,169.914,68.633,89.48,88.26,176.417,82.626,19.432,9.849,9.583,217.538,155.279,157.343,0.6335,82.626,Image_909.jpg,using_laptop,14
194.232,166.017,167.565,59.782,84.101,80.778,174.61,73.274,14.998,5.823,9.175,213.825,154.928,155.965,0.8146,73.274,Image_974.jpg,using_laptop,14
202.313,182.648,175.983,38.854,49.734,55.782,187.748,46.328,15.825,7.009,8.816,211.413,180.086,172.472,0.8446,46.328,Image_9018.jpg,using_laptop,14
165.924,142.644,120.595,74.189,72.775,67.775,147.074,71.542,23.712,11.315,12.397,144.696,133.45,162.349,0.7195,71.542,Image_8003.jpg,using_laptop,14
139.206,118.625,106.906,93.022,92.763,90.918,123.429,91.767,16.733,7.443,9.29,178.959,76.077,115.623,0.6507,91.767,Image_9794.jpg,using_laptop,14
146.36,124.287,104.841,66.349,64.606,66.601,128.655,63.643,34.658,16.895,17.763,148.269,130.313,108.35,0.7373,63.643,Image_2945.jpg,using_laptop,14
181.293,171.943,168.15,66.831,69.138,72.512,174.288,68.281,26.399,10.586,15.813,135.504,182.223,203.735,0.7937,68.281,Image_11684.jpg,using_laptop,14
172.189,170.139,172.123,59.36,60.632,61.885,170.961,59.961,20.187,10.118,10.069,180.789,150.884,180.745,0.7215,59.961,Image_11137.jpg,using_laptop,14
204.968,208.484,215.144,58.204,59.039,57.185,208.172,58.404,9.996,4.419,5.577,232.379,218.16,175.531,0.8668,58.404,Image_4228.jpg,using_laptop,14
111.663,102.051,105.483,57.57,53.911,55.758,105.305,54.258,34.701,15.44,19.261,109.275,117.395,89.975,0.7863,54.258,Image_11799.jpg,using_laptop,14
193.833,175.013,155.097,59.619,66.733,69.186,178.35,63.668,13.347,7.018,6.33,193.65,149.989,190.818,0.7391,63.668,Image_6455.jpg,using_laptop,14
146.876,140.699,114.556,56.023,55.805,53.304,139.551,54.682,33.356,16.584,16.772,153.142,150.118,116.491,0.8062,54.682,Image_11073.jpg,using_laptop,14
184.819,194.609,170.546,67.632,60.602,84.029,188.92,64.421,16.344,7.742,8.602,237.244,211.553,121.189,0.8843,64.421,Image_3949.jpg,using_laptop,14
147.32,111.318,140.385,66.948,80.807,63.235,125.382,73.902,13.811,6.114,7.697,77.156,124.089,172.649,0.8274,73.902,Image_5178.jpg,using_laptop,14
161.396,156.651,155.892,60.838,65.454,65.767,157.967,63.686,16.548,8.092,8.456,163.148,163.597,147.648,0.7126,63.686,Image_11736.jpg,using_laptop,14
124.41,135.225,145.114,37.538,36.875,38.307,133.106,36.777,11.718,6.602,5.116,130.65,159.21,110.533,0.8788,36.777,Image_9217.jpg,using_laptop,14
181.298,174.258,173.372,51.936,51.543,50.208,176.244,51.412,11.214,4.771,6.443,204.393,175.328,150.249,0.8508,51.412,Image_11262.jpg,using_laptop,14
200.749,194.185,190.652,75.137,80.563,81.584,195.725,78.781,16.014,8.297,7.717,249.016,185.006,155.087,0.8291,78.781,Image_49.jpg,using_laptop,14
200.965,196.479,186.846,40.691,39.751,39.329,196.702,39.756,13.393,7.21,6.184,200.26,210.314,180.313,0.8711,39.756,Image_667.jpg,using_laptop,14
184.072,193.441,204.675,62.449,66.477,64.184,191.902,64.548,12.731,5.952,6.78,228.851,213.902,135.632,0.8721,64.548,Image_11770.jpg,using_laptop,14
97.572,85.111,73.616,67.972,64.567,61.761,87.517,64.859,16.796,11.493,5.303,121.72,86.881,55.475,0.726,64.859,Image_8836.jpg,using_laptop,14
130.658,131.75,138.398,78.835,80.687,80.361,132.169,79.695,24.458,11.258,13.201,169.656,155.511,74.103,0.6819,79.695,Image_5539.jpg,using_laptop,14
99.071,87.756,68.295,61.891,62.297,56.717,88.911,60.536,24.222,14.16,10.062,123.961,83.579,60.544,0.7687,60.536,Image_8969.jpg,using_laptop,14
122.223,108.337,102.339,74.771,73.038,71.905,111.793,72.363,28.485,12.377,16.107,139.755,93.722,102.351,0.7138,72.363,Image_1239.jpg,using_laptop,14
129.242,133.237,128.532,52.776,54.945,56.619,131.493,53.595,12.282,7.34,4.942,140.947,120.001,133.439,0.7586,53.595,Image_11892.jpg,using_laptop,14
170.481,159.368,145.676,49.48,55.683,65.179,161.113,54.386,12.434,7.803,4.631,182.268,168.472,133.895,0.7379,54.386,Image_968.jpg,using_laptop,14
214.883,211.796,212.68,55.11,56.866,58.82,212.798,55.325,13.576,6.64,6.936,236.646,199.285,202.934,0.7633,55.325,Image_6601.jpg,using_laptop,14
214.075,214.883,216.525,77.574,75.735,72.649,214.807,75.87,9.906,4.378,5.528,246.447,207.985,191.117,0.8267,75.87,Image_10267.jpg,using_laptop,14
142.585,111.497,86.438,51.837,53.23,55.382,117.922,52.442,14.432,7.033,7.399,117.586,122.107,114.247,0.8566,52.442,Image_11913.jpg,using_laptop,14
204.365,205.036,199.837,50.591,49.082,55.715,204.222,48.754,16.554,7.213,9.341,233.214,204.644,176.145,0.9259,48.754,Image_6516.jpg,using_laptop,14
125.862,111.796,109.272,56.544,60.499,67.779,115.701,59.212,20.498,10.133,10.366,130.878,108.649,107.946,0.767,59.212,Image_8447.jpg,using_laptop,14
169.595,160.787,162.318,61.073,59.649,61.382,163.578,59.503,19.974,8.924,11.05,187.184,172.496,132.532,0.7767,59.503,Image_6623.jpg,using_laptop,14
182.794,181.697,177.907,67.686,67.796,66.447,181.574,67.233,22.255,11.262,10.993,217.859,170.757,157.265,0.7914,67.233,Image_7127.jpg,using_laptop,14
219.455,113.792,132.346,62.449,35.344,36.564,147.478,41.733,7.661,4.723,2.938,165.04,146.683,131.474,0.9083,41.733,Image_1015.jpg,using_laptop,14
221.283,206.708,200.13,51.121,59.667,63.161,210.294,56.872,10.655,5.325,5.33,207.698,209.926,213.123,0.7768,56.872,Image_87.jpg,using_laptop,14
98.213,80.151,53.304,51.602,44.894,37.816,82.481,45.106,13.199,6.297,6.901,85.397,97.548,65.315,0.8374,45.106,Image_2270.jpg,using_laptop,14
224.325,216.846,209.31,54.098,59.756,67.815,218.201,58.235,9.858,4.094,5.764,229.217,232.426,194.108,0.9363,58.235,Image_1391.jpg,using_laptop,14
173.627,160.773,156.131,73.054,80.351,77.657,164.07,77.432,17.578,9.584,7.994,185.908,171.727,135.915,0.5904,77.432,Image_4574.jpg,using_laptop,14
84.237,57.181,53.889,67.272,53.608,58.339,64.887,56.833,18.649,11.867,6.783,52.116,55.655,85.891,0.7345,56.833,Image_8004.jpg,using_laptop,14
150.427,136.487,132.607,71.523,69.995,66.942,140.197,68.803,16.811,8.168,8.643,143.853,130.754,145.723,0.7513,68.803,Image_3380.jpg,using_laptop,14
157.948,153.031,148.53,60.079,59.929,58.473,153.973,59.413,21.614,9.993,11.621,162.896,155.948,143.57,0.8027,59.413,Image_11279.jpg,using_laptop,14
65.696,95.504,31.346,48.155,56.249,40.068,79.271,48.61,24.695,13.189,11.506,80.317,96.922,61.424,0.8285,48.61,Image_5152.jpg,using_laptop,14
206.582,204.661,202.882,67.478,69.243,69.776,205.012,68.69,6.156,3.116,3.039,240.14,199.446,176.793,0.8203,68.69,Image_1463.jpg,using_laptop,14
181.635,175.152,173.533,52.325,54.391,54.913,176.888,53.712,17.197,7.75,9.447,197.828,153.177,179.533,0.8031,53.712,Image_7679.jpg,using_laptop,14
91.911,86.233,81.082,55.557,55.058,57.055,87.335,54.292,27.543,14.716,12.828,111.903,88.557,62.716,0.7734,54.292,Image_11893.jpg,using_laptop,14
162.978,152.499,146.202,69.095,68.075,67.424,154.898,67.955,22.069,11.182,10.888,192.504,116.966,155.209,0.7882,67.955,Image_378.jpg,using_laptop,14
191.821,189.714,179.009,65.406,69.045,71.976,189.105,67.876,16.383,10.85,5.533,174.639,197.114,195.267,0.68,67.876,Image_4543.jpg,using_laptop,14
96.88,109.567,117.721,48.233,51.104,55.497,106.693,49.54,13.126,6.881,6.244,145.937,101.361,74.322,0.8426,49.54,Image_5395.jpg,using_laptop,14
176.706,170.632,167.099,65.94,67.127,64.216,172.028,65.83,14.341,7.249,7.092,185.097,209.585,123.703,0.7734,65.83,Image_10242.jpg,using_laptop,14
170.486,175.091,170.013,98.052,92.442,95.338,173.118,91.764,14.914,6.977,7.937,229.677,179.751,112.797,0.7524,91.764,Image_4765.jpg,using_laptop,14
165.594,139.543,124.827,75.579,77.443,61.338,145.638,74.034,28.499,14.48,14.019,139.209,143.269,154.035,0.6156,74.034,Image_1000.jpg,using_laptop,14
177.311,166.081,163.491,61.455,58.199,55.756,169.126,57.225,15.662,7.243,8.418,177.639,177.241,153.253,0.7767,57.225,Image_5695.jpg,using_laptop,14
144.858,131.545,128.42,78.495,82.957,79.382,135.155,79.805,39.352,20.083,19.269,172.79,129.173,104.941,0.6605,79.805,Image_6900.jpg,using_laptop,14
152.256,119.413,110.933,61.744,67.158,66.319,128.251,64.114,22.873,8.532,14.341,149.036,117.562,118.614,0.7983,64.114,Image_7901.jpg,using_laptop,14
86.249,86.389,85.518,57.386,56.638,58.532,86.24,56.39,31.56,19.277,12.283,114.505,81.782,63.514,0.7927,56.39,Image_3060.jpg,using_laptop,14
162.59,162.313,159.81,64.577,68.31,68.756,162.094,66.806,21.125,11.686,9.439,203.274,142.573,141.421,0.78,66.806,Image_11097.jpg,using_laptop,14
171.755,166.533,159.405,56.653,60.217,67.818,167.264,58.622,15.016,9.155,5.861,186.362,151.865,163.734,0.7751,58.622,Image_4991.jpg,using_laptop,14
162.446,161.65,151.781,66.117,70.361,66.203,160.747,67.669,19.771,9.75,10.022,177.966,161.67,143.429,0.734,67.669,Image_9988.jpg,using_laptop,14
148.303,143.942,144.399,74.897,69.914,73.448,145.283,71.49,26.938,14.504,12.433,201.391,140.465,96.325,0.7765,71.49,Image_6368.jpg,using_laptop,14
200.567,198.435,198.26,46.458,49.818,50.139,199.033,48.582,15.102,7.883,7.219,220.491,195.98,181.464,0.853,48.582,Image_5488.jpg,using_laptop,14
209.203,194.181,182.538,57.941,62.095,55.157,197.324,59.751,19.375,9.989,9.386,216.006,200.32,176.632,0.7887,59.751,Image_3131.jpg,using_laptop,14
159.771,163.561,147.17,52.943,47.941,55.294,160.543,48.484,20.694,7.531,13.163,173.77,167.438,141.336,0.8059,48.484,Image_3815.jpg,using_laptop,14
155.621,155.476,164.281,102.5,98.441,90.687,156.508,98.54,13.496,6.984,6.513,162.09,123.652,182.541,0.453,98.54,Image_11356.jpg,using_laptop,14
97.369,92.777,97.293,60.771,57.311,59.983,94.655,57.944,35.155,20.155,15.0,81.72,94.982,106.689,0.7947,57.944,Image_64.jpg,using_laptop,14
174.388,176.007,181.336,77.949,74.5,68.202,176.113,74.372,18.046,7.864,10.182,209.033,189.601,131.814,0.7132,74.372,Image_11800.jpg,using_laptop,14
175.682,174.675,166.823,66.702,74.236,77.864,174.063,71.896,19.163,9.507,9.656,201.955,189.933,132.291,0.6987,71.896,Image_4563.jpg,using_laptop,14
201.326,195.036,186.576,52.052,51.308,59.39,195.932,50.48,18.385,8.46,9.925,221.749,180.222,186.285,0.836,50.48,Image_1285.jpg,using_laptop,14
58.819,52.864,52.011,51.769,50.725,50.562,54.541,50.667,8.577,2.869,5.709,43.933,58.715,60.684,0.915,50.667,Image_5164.jpg,using_laptop,14
129.526,156.659,137.992,73.984,61.203,60.876,146.405,63.133,23.945,12.913,11.031,140.472,116.096,181.0,0.7425,63.133,Image_5278.jpg,using_laptop,14
162.566,139.739,122.272,60.615,57.639,58.454,144.557,57.647,22.142,10.015,12.128,176.021,125.138,133.058,0.7767,57.647,Image_6477.jpg,using_laptop,14
167.566,143.651,135.354,63.011,61.23,57.415,149.839,59.476,27.85,17.22,10.629,183.278,142.669,124.764,0.7766,59.476,Image_6173.jpg,using_laptop,14
164.267,149.931,142.298,70.244,74.891,80.27,153.331,72.329,24.08,12.365,11.715,169.9,151.123,139.622,0.7727,72.329,Image_19.jpg,using_laptop,14
214.514,212.255,213.044,41.251,45.239,47.955,212.999,44.023,10.087,6.156,3.932,210.398,223.979,205.001,0.8572,44.023,Image_2358.jpg,using_laptop,14
102.891,107.415,109.639,64.6,65.773,68.275,106.305,65.53,21.635,10.626,11.009,101.293,110.508,107.079,0.7225,65.53,Image_9116.jpg,using_laptop,14
134.884,139.243,133.606,61.047,59.48,56.526,137.284,58.517,14.546,7.763,6.783,141.184,137.44,133.411,0.6946,58.517,Image_6186.jpg,using_laptop,14
133.315,131.389,127.622,63.745,64.516,64.71,131.522,63.703,14.984,7.136,7.849,173.687,87.997,132.821,0.792,63.703,Image_10192.jpg,using_laptop,14
139.261,141.206,143.415,75.217,71.825,71.5,140.862,71.718,25.006,14.709,10.297,169.043,140.288,114.511,0.668,71.718,Image_3228.jpg,using_laptop,14
